tree
version=v4
num_class=1
num_tree_per_iteration=1
label_index=0
max_feature_idx=262
objective=binary sigmoid:1
feature_names=Column_0 Column_1 Column_2 Column_3 Column_4 Column_5 Column_6 Column_7 Column_8 Column_9 Column_10 Column_11 Column_12 Column_13 Column_14 Column_15 Column_16 Column_17 Column_18 Column_19 Column_20 Column_21 Column_22 Column_23 Column_24 Column_25 Column_26 Column_27 Column_28 Column_29 Column_30 Column_31 Column_32 Column_33 Column_34 Column_35 Column_36 Column_37 Column_38 Column_39 Column_40 Column_41 Column_42 Column_43 Column_44 Column_45 Column_46 Column_47 Column_48 Column_49 Column_50 Column_51 Column_52 Column_53 Column_54 Column_55 Column_56 Column_57 Column_58 Column_59 Column_60 Column_61 Column_62 Column_63 Column_64 Column_65 Column_66 Column_67 Column_68 Column_69 Column_70 Column_71 Column_72 Column_73 Column_74 Column_75 Column_76 Column_77 Column_78 Column_79 Column_80 Column_81 Column_82 Column_83 Column_84 Column_85 Column_86 Column_87 Column_88 Column_89 Column_90 Column_91 Column_92 Column_93 Column_94 Column_95 Column_96 Column_97 Column_98 Column_99 Column_100 Column_101 Column_102 Column_103 Column_104 Column_105 Column_106 Column_107 Column_108 Column_109 Column_110 Column_111 Column_112 Column_113 Column_114 Column_115 Column_116 Column_117 Column_118 Column_119 Column_120 Column_121 Column_122 Column_123 Column_124 Column_125 Column_126 Column_127 Column_128 Column_129 Column_130 Column_131 Column_132 Column_133 Column_134 Column_135 Column_136 Column_137 Column_138 Column_139 Column_140 Column_141 Column_142 Column_143 Column_144 Column_145 Column_146 Column_147 Column_148 Column_149 Column_150 Column_151 Column_152 Column_153 Column_154 Column_155 Column_156 Column_157 Column_158 Column_159 Column_160 Column_161 Column_162 Column_163 Column_164 Column_165 Column_166 Column_167 Column_168 Column_169 Column_170 Column_171 Column_172 Column_173 Column_174 Column_175 Column_176 Column_177 Column_178 Column_179 Column_180 Column_181 Column_182 Column_183 Column_184 Column_185 Column_186 Column_187 Column_188 Column_189 Column_190 Column_191 Column_192 Column_193 Column_194 Column_195 Column_196 Column_197 Column_198 Column_199 Column_200 Column_201 Column_202 Column_203 Column_204 Column_205 Column_206 Column_207 Column_208 Column_209 Column_210 Column_211 Column_212 Column_213 Column_214 Column_215 Column_216 Column_217 Column_218 Column_219 Column_220 Column_221 Column_222 Column_223 Column_224 Column_225 Column_226 Column_227 Column_228 Column_229 Column_230 Column_231 Column_232 Column_233 Column_234 Column_235 Column_236 Column_237 Column_238 Column_239 Column_240 Column_241 Column_242 Column_243 Column_244 Column_245 Column_246 Column_247 Column_248 Column_249 Column_250 Column_251 Column_252 Column_253 Column_254 Column_255 Column_256 Column_257 Column_258 Column_259 Column_260 Column_261 Column_262
feature_infos=[0:0.21600000560283661] [-432000000:0] [-0.82891321182250977:4.3851466178894043] [0.00094849185552448034:0.99696457386016846] [0.001399791450239718:0.99626851081848145] [0:0.75] [0.11999999731779099:1] [-0.2137451171875:0.213134765625] [-0.280029296875:0.2626953125] [-0.2406005859375:0.27978515625] [-0.258056640625:0.298583984375] [-0.22509765625:0.2276611328125] [-0.275634765625:0.259521484375] [-0.214599609375:0.215576171875] [-0.2193603515625:0.216796875] [-0.240234375:0.263671875] [-0.273681640625:0.224365234375] [-0.326416015625:0.260498046875] [-0.29052734375:0.25732421875] [-0.263916015625:0.304931640625] [-0.22021484375:0.233642578125] [-0.25390625:0.217041015625] [-0.2276611328125:0.181884765625] [-0.2042236328125:0.2352294921875] [-0.2288818359375:0.250732421875] [-0.1956787109375:0.2025146484375] [-0.269287109375:0.24853515625] [-0.2412109375:0.24462890625] [-0.280517578125:0.2459716796875] [-0.2225341796875:0.261474609375] [-0.2259521484375:0.2205810546875] [-0.275146484375:0.264892578125] [-0.238037109375:0.251953125] [-0.239990234375:0.251953125] [-0.253662109375:0.2371826171875] [-0.269775390625:0.2462158203125] [-0.2174072265625:0.231201171875] [-0.272705078125:0.260009765625] [-0.2236328125:0.186279296875] [-0.2264404296875:0.216552734375] [-0.26806640625:0.2017822265625] [-0.2445068359375:0.2305908203125] [-0.2158203125:0.2470703125] [-0.2364501953125:0.2998046875] [-0.2333984375:0.2171630859375] [-0.2301025390625:0.19140625] [-0.26513671875:0.2496337890625] [-0.23095703125:0.2197265625] [-0.2127685546875:0.267578125] [-0.2291259765625:0.32763671875] [-0.2105712890625:0.231201171875] [-0.26611328125:0.267333984375] [-0.1611328125:0.1671142578125] [-0.201904296875:0.2100830078125] [-0.2666015625:0.283935546875] [-0.243896484375:0.24560546875] [-0.2481689453125:0.260009765625] [-0.2386474609375:0.265380859375] [-0.2315673828125:0.220703125] [-0.245361328125:0.2386474609375] [-0.243896484375:0.22412109375] [-0.19482421875:0.201416015625] [-0.226318359375:0.214111328125] [-0.2587890625:0.273193359375] [-0.2392578125:0.251953125] [-0.1893310546875:0.25244140625] [-0.267333984375:0.243408203125] [-0.19189453125:0.199462890625] [-0.25634765625:0.2469482421875] [-0.254150390625:0.254150390625] [-0.232666015625:0.2296142578125] [-0.265869140625:0.267333984375] [-0.27490234375:0.229736328125] [-0.22998046875:0.252685546875] [-0.250244140625:0.237548828125] [-0.25341796875:0.286865234375] [-0.267578125:0.2451171875] [-0.2373046875:0.255859375] [-0.267333984375:0.243896484375] [-0.2342529296875:0.252197265625] [-0.201904296875:0.2042236328125] [-0.2330322265625:0.2198486328125] [-0.26953125:0.251708984375] [-0.2396240234375:0.255615234375] [-0.262939453125:0.2205810546875] [-0.2015380859375:0.201904296875] [-0.2391357421875:0.2305908203125] [-0.24609375:0.2177734375] [-0.2724609375:0.290771484375] [-0.25244140625:0.253173828125] [-0.277099609375:0.2484130859375] [-0.207275390625:0.21630859375] [-0.244140625:0.2496337890625] [-0.24560546875:0.240478515625] [-0.22607421875:0.2166748046875] [-0.266845703125:0.261474609375] [-0.262451171875:0.263427734375] [-0.2403564453125:0.2254638671875] [-0.279541015625:0.237060546875] [-0.293212890625:0.255859375] [-0.212890625:0.22509765625] [-0.1990966796875:0.232421875] [-0.175048828125:0.1929931640625] [-0.2529296875:0.263916015625] [-0.2469482421875:0.218994140625] [-0.2344970703125:0.2349853515625] [-0.2113037109375:0.2366943359375] [-0.2154541015625:0.23779296875] [-0.2802734375:0.30126953125] [-0.224365234375:0.24072265625] [-0.23779296875:0.1954345703125] [-0.216796875:0.2332763671875] [-0.231201171875:0.19140625] [-0.18603515625:0.253662109375] [-0.286376953125:0.3046875] [-0.260986328125:0.2763671875] [-0.1976318359375:0.1993408203125] [-0.24072265625:0.2442626953125] [-0.2261962890625:0.21630859375] [-0.29443359375:0.292236328125] [-0.2427978515625:0.24755859375] [-0.25244140625:0.278564453125] [-0.237060546875:0.26904296875] [-0.283203125:0.27880859375] [-0.23681640625:0.2451171875] [-0.281982421875:0.2449951171875] [-0.252685546875:0.26904296875] [-0.2529296875:0.274169921875] [-0.202392578125:0.2078857421875] [-0.2042236328125:0.234130859375] [-0.2568359375:0.2666015625] [-0.27001953125:0.26171875] [-0.243408203125:0.298583984375] [-0.2978515625:0.267578125] [-0.234375:0.2301025390625] [-0.251708984375:0.266845703125] [-0.260986328125:0.2244873046875] [-0.2021484375:0.192626953125] [-0.2442626953125:0.2255859375] [-0.27392578125:0.2257080078125] [-0.20751953125:0.26123046875] [-0.272216796875:0.279296875] [-0.277099609375:0.2479248046875] [-0.2220458984375:0.210693359375] [-0.203369140625:0.1795654296875] [-0.203369140625:0.1785888671875] [-0.226806640625:0.236572265625] [-0.291748046875:0.262451171875] [-0.215576171875:0.2156982421875] [-0.254150390625:0.2587890625] [-0.239990234375:0.220703125] [-0.299560546875:0.262451171875] [-0.242919921875:0.2467041015625] [-0.2021484375:0.231689453125] [-0.212158203125:0.210693359375] [-0.227294921875:0.253173828125] [-0.257080078125:0.25830078125] [-0.281982421875:0.315673828125] [-0.2054443359375:0.212158203125] [-0.226806640625:0.251953125] [-0.1982421875:0.20947265625] [-0.255126953125:0.2294921875] [-0.2476806640625:0.219482421875] [-0.268798828125:0.2481689453125] [-0.278076171875:0.259765625] [-0.27587890625:0.2646484375] [-0.211181640625:0.214111328125] [-0.254638671875:0.212646484375] [-0.29150390625:0.2763671875] [-0.267822265625:0.2115478515625] [-0.23828125:0.24755859375] [-0.2216796875:0.261474609375] [-0.3046875:0.247314453125] [-0.21044921875:0.222412109375] [-0.254638671875:0.24853515625] [-0.234375:0.271484375] [-0.2410888671875:0.2484130859375] [-0.22216796875:0.228759765625] [-0.2484130859375:0.274169921875] [-0.2364501953125:0.2447509765625] [-0.281982421875:0.243408203125] [-0.25634765625:0.2626953125] [-0.2283935546875:0.1907958984375] [-0.24072265625:0.2196044921875] [-0.25048828125:0.24169921875] [-0.295166015625:0.29150390625] [-0.2493896484375:0.239501953125] [-0.263916015625:0.2452392578125] [-0.2208251953125:0.219482421875] [-0.302490234375:0.24365234375] [-0.189697265625:0.1712646484375] [-0.2529296875:0.24853515625] [-0.25048828125:0.2626953125] [-0.271728515625:0.209228515625] [-0.238525390625:0.2191162109375] [-0.2412109375:0.205078125] [-0.226806640625:0.232666015625] [-0.23291015625:0.226806640625] [-0.265380859375:0.2587890625] [-0.2353515625:0.2281494140625] [-0.265869140625:0.248046875] [-0.2332763671875:0.215087890625] [-0.197021484375:0.2354736328125] [-0.2017822265625:0.1856689453125] [-0.279052734375:0.2457275390625] [-0.2386474609375:0.25146484375] [-0.2437744140625:0.2470703125] [-0.2208251953125:0.243896484375] [-0.2081298828125:0.203125] [-0.2314453125:0.2481689453125] [-0.248779296875:0.210693359375] [-0.2396240234375:0.2159423828125] [-0.281494140625:0.261962890625] [-0.25341796875:0.2213134765625] [-0.252197265625:0.27783203125] [-0.26904296875:0.282470703125] [-0.2291259765625:0.2242431640625] [-0.25048828125:0.251220703125] [-0.2449951171875:0.281982421875] [-0.274658203125:0.2457275390625] [-0.2242431640625:0.26611328125] [-0.2354736328125:0.2265625] [-0.2491455078125:0.2626953125] [-0.2352294921875:0.213134765625] [-0.251708984375:0.2491455078125] [-0.1954345703125:0.248046875] [-0.23974609375:0.2027587890625] [-0.251220703125:0.2685546875] [-0.28759765625:0.263427734375] [-0.2137451171875:0.2222900390625] [-0.21240234375:0.2139892578125] [-0.231201171875:0.2264404296875] [-0.232666015625:0.216552734375] [-0.242919921875:0.2203369140625] [-0.232421875:0.246826171875] [-0.2255859375:0.25390625] [-0.251953125:0.225830078125] [-0.280029296875:0.277099609375] [-0.253662109375:0.227783203125] [-0.252197265625:0.2880859375] [-0.1812744140625:0.18603515625] [-0.2132568359375:0.2073974609375] [-0.27734375:0.25537109375] [-0.2166748046875:0.2200927734375] [-0.302978515625:0.251953125] [-0.2122802734375:0.2188720703125] [-0.300048828125:0.316162109375] [-0.250244140625:0.214599609375] [-0.277099609375:0.2509765625] [-0.252197265625:0.266845703125] [-0.2298583984375:0.28662109375] [-0.2349853515625:0.231201171875] [-0.236083984375:0.2486572265625] [-0.2149658203125:0.224609375] [-0.28662109375:0.254150390625] [-0.23388671875:0.230712890625] [-0.2349853515625:0.2359619140625] [-0.22021484375:0.2001953125] [-0.271728515625:0.282958984375] [-0.2296142578125:0.272705078125] [-0.2978515625:0.2200927734375] [-0.2496337890625:0.25244140625] [-0.224365234375:0.2578125]
tree_sizes=6925 7072 7125 7142 7188 7165 7097 7080 7170 7146 7183 7183 7202 7177 7233 7181 7145 7109 7127 7127 7163 7147 7170 7155 7152 7119 7230 7135 7178 7254 7152 7146 7133 7129 7174 7170 7189 7190 7185 7261 7258 7233 7095 7211 7226 7244 7167 7213 7143 7196 7203 7172 7144 7188 7236 7178 7192 7175 7213 7204 7246 7109 7217 7206 7251 7218 7234 7205 7235 7224 7180 7230 7155 7232 7199 7221 7232 7230 7222 7126 7193 7227 7225 7143 7155 7239 7131 7261 7230 7247 7227 7204 7210 7184 7231 7219 7247 7192 7240 7233 7239 7113 7140 7238 7249 7234 7275 7125 7187 7250 7208 7268 7214 7151

Tree=0
num_leaves=63
num_cat=0
split_feature=6 201 6 0 49 103 90 6 6 80 49 234 80 106 185 6 80 0 32 207 6 6 254 34 207 254 6 6 61 144 78 254 6 49 173 144 234 179 138 254 182 254 144 40 229 21 254 0 113 49 98 6 37 22 184 115 136 49 6 0 179 103
split_gain=3498.68 2122.67 1450.55 1142.44 802.5 680.977 623.548 485.002 457.039 431.846 383.474 311.094 306.473 301.837 262.196 253.897 237.486 214.923 212.734 211.609 193.774 244.148 191.608 191.469 181.009 175.359 170.59 221.824 169.2 218.66 149.015 143.411 137.968 135.442 131.194 129.565 128.784 125.42 114.982 114.421 114.265 113.898 112.583 107.349 103.773 103.655 101.835 101.009 101.908 100.511 99.5644 94.1933 91.0588 90.2076 90.0208 89.8924 88.2949 88.2851 105.266 87.3315 86.5958 86.2221
threshold=0.63499999046325695 -0.021141052246093747 0.22500000149011615 0.068250000476837172 0.10165405273437501 0.11221313476562501 -0.033676147460937493 0.90500000119209301 0.89499998092651378 -0.027381896972656247 0.10476684570312501 -0.080718994140624986 0.022148132324218753 0.050247192382812507 0.078460693359375014 0.60500001907348644 0.039138793945312507 0.065249998122453703 -0.0082740783691406233 -0.021446228027343747 0.31499999761581426 0.30500000715255743 -0.026069641113281247 -0.0086555480957031233 -0.039108276367187493 -0.010761260986328123 0.50499999523162853 0.41499999165534979 0.012439727783203127 0.060440063476562507 -0.093048095703124986 0.0069866180419921884 0.94499999284744274 0.075592041015625014 0.0086174011230468767 -0.088653564453124986 -0.037277221679687493 -0.10940551757812499 -0.0061740875244140616 -0.012866973876953123 0.022056579589843753 0.088165283203125014 0.042129516601562507 0.013149261474609377 0.0028142929077148442 -0.092315673828124986 -0.026069641113281247 0.049249999225139625 0.072113037109375014 0.11325073242187501 0.014049530029296877 0.91500002145767223 0.017387390136718753 -0.011043548583984373 -0.023963928222656247 0.042831420898437507 -0.063995361328124986 0.045028686523437507 0.72500002384185802 0.0082500004209578055 -0.086334228515624986 0.068328857421875014
decision_type=2 2 2 2 2 2 2 2 2 2 2 2 2 2 2 2 2 2 2 2 2 2 2 2 2 2 2 2 2 2 2 2 2 2 2 2 2 2 2 2 2 2 2 2 2 2 2 2 2 2 2 2 2 2 2 2 2 2 2 2 2 2
left_child=2 4 25 12 5 9 42 13 10 14 11 45 19 31 18 20 28 41 -2 59 21 22 -4 -16 -13 43 27 -22 -10 -30 -19 -6 -9 36 46 55 -21 -26 52 -12 -25 51 -7 50 -33 -5 -8 -20 -49 60 -1 56 -32 -35 -15 -14 -11 58 -39 -3 -28 -31
right_child=1 3 15 8 7 6 34 32 16 17 39 24 35 54 23 -17 -18 30 47 33 26 -23 -24 40 37 -27 49 -29 29 61 38 44 -34 53 -36 -37 -38 57 -40 -41 -42 -43 -44 -45 -46 -47 -48 48 -50 -51 -52 -53 -54 -55 -56 -57 -58 -59 -60 -61 -62 -63
leaf_value=0.428235348028007 0.41313764827900523 0.46908143538221581 0.36056459159459536 0.45774583623435555 0.42478522559111387 0.38354332385227469 0.36361384761440346 0.41837639768975471 0.4388444738026045 0.42696739723812199 0.42728707131580157 0.43562691609144499 0.46987872185929325 0.38890614098295639 0.41457038403284852 0.40193302766738176 0.44814212192022401 0.44066880721546542 0.43987497616393634 0.45337557088491054 0.37372368794506566 0.47846495155586738 0.40660594128595118 0.40204999172585876 0.38939549647267657 0.43298124661103238 0.35192023000510164 0.33721981927808869 0.42937809282333267 0.41175193415467876 0.41441208269646046 0.4165925117213653 0.43581320229612436 0.40922012840058664 0.43908908540179314 0.44893878985055397 0.43414798139636029 0.41014950228919611 0.43198607330881073 0.40687071202538483 0.35546942180242208 0.4186767847419085 0.32670192276195442 0.35620599456447521 0.40000417874195821 0.43729076425783958 0.42187805500036446 0.41842025789220738 0.43666237668937141 0.35341773254462849 0.39757202260085966 0.45470307203675198 0.42816337158232637 0.43196958839546451 0.40247923635311778 0.44832068639311057 0.44381456933248931 0.41554592384743078 0.42833902191089945 0.44651164901114554 0.39005055113366094 0.36822493599670492
leaf_weight=512.19020450115204 3749.5286645889282 503.58598268032074 405.11544406414032 809.27486348152161 1788.2441017627716 121.41513013839722 142.20866620540619 3825.0546116828918 4894.3681790828705 1114.0077196359634 882.88876128196716 3197.6634372472763 1550.1939647197723 2302.5853617191315 728.96879315376282 998.80674970149994 3733.5152517557144 1927.3456878662109 1475.1460299491882 1163.0039827823639 916.34962391853333 76.959984064102173 512.19020450115204 231.11895835399628 285.85136938095093 1752.6321836709976 170.17238712310791 772.70692074298859 2861.1427615880966 255.97559916973114 2815.0145723819733 1744.0279618501663 1611.6185482740402 725.38370072841644 351.57806384563446 5618.7958551645279 3464.6333198547363 913.95956230163574 3668.2665696144104 3078.1603564023972 309.512979388237 546.12907946109772 328.87247848510742 91.539359927177429 2055.4529905319214 2638.8670312166214 157.74406671524048 2380.2623642683029 1127.3920646905899 302.82080686092377 546.60709178447723 1231.8377573490143 2102.298198223114 1088.1950541734695 2621.419581413269 707.93625092506409 2576.4864230155945 2866.6399033069611 6085.8138951063156 2896.5156735181808 1213.1952767372131 205.06728672981262
leaf_count=2143 15688 2107 1695 3386 7482 508 595 16004 20478 4661 3694 13379 6486 9634 3050 4179 15621 8064 6172 4866 3834 322 2143 967 1196 7333 712 3233 11971 1071 11778 7297 6743 3035 1471 23509 14496 3824 15348 12879 1295 2285 1376 383 8600 11041 660 9959 4717 1267 2287 5154 8796 4553 10968 2962 10780 11994 25463 12119 5076 858
internal_value=0.425717 0.428476 0.39455 0.435437 0.420319 0.425559 0.387076 0.411421 0.429897 0.427192 0.425413 0.428713 0.445662 0.405151 0.419044 0.379155 0.437687 0.432291 0.422132 0.439776 0.373955 0.393409 0.386224 0.397822 0.425255 0.423026 0.368236 0.356981 0.432934 0.424225 0.428109 0.413108 0.423546 0.434447 0.418379 0.453012 0.438985 0.421987 0.425288 0.411421 0.375302 0.44033 0.341901 0.407866 0.407614 0.442099 0.39414 0.428902 0.424285 0.379543 0.412394 0.442733 0.42029 0.422866 0.396126 0.463133 0.438731 0.422935 0.425962 0.449866 0.38531 0.392309
internal_weight=101732 93461 8271.29 50427.4 43033.5 27085.1 1101.82 15948.4 32709.2 25983.3 20759.1 16798.1 17718.2 10511.7 10001.9 5368.32 11950.1 15981.4 8732.33 9841.32 4369.51 994.266 917.306 1269.6 13349.9 2902.97 3375.25 1689.06 8216.55 3322.19 10512.9 5587.73 5436.67 6441.22 651.531 7876.93 4627.64 10152.3 8585.58 3961.05 540.632 5468.46 450.288 1150.34 3799.48 3448.14 299.953 4982.8 3507.65 1686.19 1058.8 4922.33 4917.31 1813.58 4924 2258.13 3690.49 9866.41 6999.77 3400.1 1383.37 461.043
internal_count=425647 391040 34607 210988 180052 113324 4610 66728 136855 108714 86856 70283 74133 43981 41848 22461 49999 66866 36536 41176 18282 4160 3838 5312 55856 12146 14122 7067 34378 13900 43986 23379 22747 26950 2726 32957 19362 42477 35922 16573 2262 22880 1884 4813 15897 14427 1255 20848 14676 7055 4430 20595 20574 7588 20602 9448 15441 41281 29287 14226 5788 1929
is_linear=0
shrinkage=1


Tree=1
num_leaves=63
num_cat=0
split_feature=2 2 6 3 5 80 260 6 2 2 5 6 225 2 2 21 6 184 21 3 3 2 3 207 22 3 0 1 3 0 77 6 3 22 234 3 0 6 1 6 230 6 207 2 0 5 21 6 12 3 21 3 234 3 6 3 27 2 230 2 2 259
split_gain=10556 4102.2 2785.27 1369.15 1225.66 1104.79 719.44 671.543 656.337 651.552 608.932 542.441 410.631 380.601 346.216 338.526 335.737 317.084 308.848 292.514 280.403 268.728 245.878 240.062 239.903 226.909 224.692 223.802 212.654 210.252 205.506 194.585 189.829 173.312 168.366 166.283 167.94 163.257 161.938 157.565 156.832 207.163 152.352 152.002 148.695 143.373 138.28 137.172 135.861 135.159 135.044 130.919 130.648 129.193 125.137 122.658 121.134 118.373 115.871 115.563 112.505 111.686
threshold=2.2376297712326054 1.1867352128028872 0.24499999731779101 0.34823067486286169 0.075000001117587103 0.026374816894531253 -0.066925048828124986 0.85500001907348644 2.6553853750228886 1.8037317395210268 0.075000001117587103 0.60500001907348644 0.047073364257812507 1.0420281291007998 2.5222852230072026 0.086944580078125014 0.67500001192092907 0.0062885284423828134 -0.10446166992187499 0.10837652906775476 0.10439071431756021 -0.31173203885555262 0.13230263441801074 -0.010173797607421873 0.015361785888671877 0.90537491440773021 0.050250001251697547 -189499999.99999997 0.084899779409170165 0.05725000053644181 -0.091217041015624986 0.81499999761581432 0.82594051957130443 0.031044006347656253 0.010509490966796877 0.092746600508689894 0.054250000044703491 0.66500002145767223 -163499999.99999997 0.31499999761581426 0.034805297851562507 0.82499998807907116 -0.025398254394531247 0.88494509458541881 0.027250000275671486 0.12500000372529033 0.098358154296875014 0.14500000327825549 -0.087371826171874986 0.2168519124388695 -0.10275268554687499 0.92315608263015758 -0.036575317382812493 0.29327292740345007 0.90500000119209301 0.084899779409170165 -0.0040378570556640616 0.97507533431053173 0.028617858886718753 -0.12824409455060956 1.7065220475196841 0.11312866210937501
decision_type=2 2 2 2 2 2 2 2 2 2 2 2 2 2 2 2 2 2 2 2 2 2 2 2 2 2 2 2 2 2 2 2 2 2 2 2 2 2 2 2 2 2 2 2 2 2 2 2 2 2 2 2 2 2 2 2 2 2 2 2 2 2
left_child=1 2 21 13 6 8 24 11 12 49 15 52 26 -4 29 18 -10 23 43 -18 -8 47 -11 -13 31 40 -2 -21 -16 -7 -30 58 59 54 44 -25 -37 -28 51 -20 41 -22 -24 -5 -19 -39 50 -1 -41 -9 56 -32 -6 -47 -14 -33 -12 -50 -3 -23 -43 -51
right_child=5 4 3 10 7 14 20 9 16 22 46 17 33 -15 28 -17 19 34 39 27 25 32 42 35 -26 -27 37 -29 30 -31 38 55 -34 -35 -36 36 -38 45 -40 48 -42 60 -44 -45 -46 53 -48 -49 57 61 -52 -53 -54 -55 -56 -57 -58 -59 -60 -61 -62 -63
leaf_value=-0.014976031166873708 0.020131453944549672 0.0064879771458155253 -0.098039154511433746 -0.046181726276232488 -0.017804208481228493 0.030149741321110087 -0.014290877182036999 -0.060223500199508784 -0.015723943030013267 -0.040374174643639515 -0.064068483163229384 0.00045886258162821237 -0.021291839377785778 -0.056610662170866355 0.0011859107527536755 0.027013409099793186 -0.0079713990391938726 0.034083713440228973 -0.0015126548099488792 0.01503545531813389 0.025645159649313382 -0.015687694783559782 0.00024148605728679958 -0.05521458679365629 0.0041915318211864271 -0.013718514754875503 -0.032932360073590683 0.027368218941827366 0.012179342441016089 0.0085213619883819525 0.030631394481035076 -0.050965254034040001 -0.039071415011107224 0.012710477795072833 -0.011082440193496553 -0.0034490302021866516 -0.024931385021535222 0.010695603746272007 0.041002045304108697 -0.019655651328356082 0.0030737248087493595 -0.0021627557162862392 -0.017945010909394068 0.031505958379078262 0.0044259293026713631 -0.023055465258093186 -2.4156841094946401e-05 -0.086530516667928048 -0.066775900375110248 -0.035011309287648895 -0.069378408605588485 -0.001292201722622868 -0.07006412800523025 0.0028196603875393321 -0.0024688414606453511 -0.021232989297239852 0.0097091025439594424 -0.03683977724093853 -0.024867187411638729 0.011027970295178456 0.015044117226618539 -0.07752638574139438
leaf_weight=134.47689025104046 3028.2779362499714 1011.3825982511044 2084.4023816138506 83.287778586149216 167.39286108314991 1656.9849016368389 1325.9498792588711 880.46659073233604 715.11283092200756 937.97379015386105 112.38581530749798 1992.8419779539108 2249.0354559570551 762.32522076368332 577.85047756135464 263.7996149212122 925.22997355461121 482.4680385440588 231.99270731210709 7608.0912647247314 3215.8119879961014 504.61486986279488 1614.4059343487024 318.37805110216141 1565.622355863452 928.17960150539875 287.98346664011478 7131.3681165724993 1159.8636828660965 3490.5381913036108 5817.592969879508 389.43500848114491 260.072847828269 731.85569880902767 1613.9018717110157 1368.6104738563299 2714.7416876107454 4483.7867808490992 4995.0948053449392 397.54816521704197 3338.1395910680294 1509.4421794712543 4015.4995463788509 248.2336461097002 3362.1962464600801 671.25680854916573 85.137136936187744 133.44688077270985 721.69482815265656 2542.6973943859339 1878.6305350214243 339.8368926346302 425.330656722188 1707.5642895996571 1453.7618216127157 3163.9936499595642 108.78555870056152 617.76740683615208 414.61094570159912 2030.0551986396313 2560.9184608012438 164.3472341299057
leaf_count=560 12699 4224 8667 348 694 6964 5553 3680 2971 3925 468 8341 9384 3186 2423 1104 3872 2026 968 31827 13463 2105 6760 1331 6553 3886 1197 29879 4867 14614 24366 1628 1087 3062 6755 5729 11338 18769 20979 1661 13971 6324 16797 1042 14069 2806 356 555 3007 10640 7832 1423 1760 7146 6082 13221 456 2583 1730 8495 10728 681
internal_value=-8.00557e-05 -0.0156191 -0.0433216 -0.0595495 -0.00859206 0.0166164 0.00061896 -0.0165077 0.0108901 -0.0260485 -0.0430994 -0.00872127 0.00318647 -0.0869688 0.0264545 -0.0265569 0.0177624 -0.00638459 -0.0327089 0.019292 0.0074789 -0.00306713 -0.0166842 -0.0139394 -0.0128782 0.00997857 0.00871846 0.0210038 0.0308323 0.015488 0.0322234 -0.018245 0.00152589 -0.00951022 0.00246661 -0.0204567 -0.0177338 0.00388291 0.0343068 -0.0402233 0.0120499 0.0161614 -0.0127308 0.0119084 0.00815559 0.0054324 -0.0624932 -0.050805 -0.0453896 -0.0431828 -0.0650248 0.0288696 -0.0553601 -0.00448841 -0.0139044 -0.0245049 -0.0278998 -0.053007 -0.00263965 0.00570519 0.0086642 -0.0376201
internal_weight=101714 52683.4 10658.7 7595.99 42024.7 49031.1 19423.5 22601.3 30993.3 10155.4 4749.26 12445.9 14613.5 2846.73 18037.8 2564.32 16379.8 11853.1 2300.52 15664.7 12878.4 3062.67 6567.88 6394.57 6545.04 11552.5 10178.9 14739.5 12890.2 5147.52 12312.4 4979.42 2794.74 4434.65 5458.57 4401.73 4083.35 7150.59 11152.5 1969 10624.3 7286.17 5629.91 331.521 3844.66 6862.61 2184.94 267.924 1737.01 3587.51 2099.8 6157.43 592.724 2378.82 3702.8 3553.43 221.171 1339.46 1425.99 2534.67 4070.36 2707.04
internal_count=425617 220287 44480 31678 175807 205330 81281 94526 129694 42483 19825 52043 61145 11853 75636 10713 68549 49589 9609 65578 53925 12802 27482 26739 27356 48372 42617 61706 54058 21578 51635 20803 11687 18528 22850 18398 17067 29918 46768 8219 44486 30515 23557 1390 16095 28721 9112 1115 7251 15001 8756 25789 2454 9952 15466 14849 924 5590 5954 10600 17052 11321
is_linear=0
shrinkage=0.05


Tree=2
num_leaves=63
num_cat=0
split_feature=2 2 4 5 3 5 2 2 201 3 225 225 201 175 207 254 133 3 3 4 4 3 27 225 170 4 132 34 52 3 169 4 259 9 259 3 22 2 14 213 225 95 227 3 3 22 187 3 3 4 77 41 2 3 109 2 3 78 2 235 52 5
split_gain=9704.9 3640.07 1998.92 1479.36 1080.68 1035.26 1000.03 938.04 576.034 490.623 488.636 452.732 438.145 460.755 429.282 341.168 313.1 303.082 278.648 276.842 263.091 262.996 258.509 239.2 225.596 215.098 194.242 185.995 185.644 174.312 174.217 171.254 168.393 164.26 170.212 163.647 158.751 158.508 152.822 140.466 139.732 134.265 128.091 122.947 121.821 120.606 119.359 140.539 117.385 114.301 112.693 150.091 111.695 110.31 106.265 100.341 121.273 100.222 97.4691 95.3648 93.7668 93.6067
threshold=2.2309379577636723 1.1867352128028872 0.22246138751506808 0.075000001117587103 0.26648671925067907 0.075000001117587103 2.5222852230072026 1.7730304598808291 -0.012279510498046873 0.096705060452222838 0.068939208984375014 0.034744262695312507 -0.045578002929687493 0.14263916015625003 -0.025398254394531247 -0.12603759765624997 -0.052078247070312493 0.34465810656547552 0.076431170105934157 0.88631898164749157 0.11496601626276971 0.53862464427948009 0.0095634460449218767 -0.0069484710693359366 -0.013668060302734373 0.08635753765702249 0.0030040740966796879 -0.074188232421874986 -0.0014376640319824217 0.10837652906775476 -0.046401977539062493 0.63465875387191784 -0.039077758789062493 -0.052871704101562493 0.14752197265625003 0.89187732338905346 0.029472351074218753 1.5344280004501345 -0.14569091796874997 -0.023643493652343747 0.0038442611694335942 0.018302917480468753 0.030433654785156253 0.89655333757400524 0.90092873573303234 0.0095939636230468767 0.020912170410156253 0.47953478991985327 0.31938618421554571 0.082662671804428114 -0.089324951171874986 -0.013149261474609373 0.9337160885334016 0.072570700198411955 -0.0022077560424804683 3.049347043037415 0.73677700757980358 -0.032211303710937493 1.4957965612411501 -0.051681518554687493 0.034866333007812507 0.17500000447034839
decision_type=2 2 2 2 2 2 2 2 2 2 2 2 2 2 2 2 2 2 2 2 2 2 2 2 2 2 2 2 2 2 2 2 2 2 2 2 2 2 2 2 2 2 2 2 2 2 2 2 2 2 2 2 2 2 2 2 2 2 2 2 2 2
left_child=1 3 7 4 53 10 8 21 23 -8 18 20 55 16 33 -16 44 -5 -4 26 -6 58 28 -2 39 -9 42 -22 61 -30 -12 -19 -18 -7 -35 46 48 -23 -34 -10 -27 52 -20 57 60 -24 47 -29 -25 -39 -40 -52 -33 -1 -53 56 -11 -28 -3 -49 -14 -17
right_child=6 2 5 17 11 14 9 25 24 12 30 -13 13 -15 15 22 32 31 19 -21 27 37 45 36 -26 40 43 35 29 -31 -32 41 38 34 -36 -37 -38 49 50 -41 -42 -43 -44 -45 -46 -47 -48 59 -50 -51 51 54 -54 -55 -56 -57 -58 -59 -60 -61 -62 -63
leaf_value=-0.07836682706570218 0.0097201135855500484 -0.080350347990125193 -0.014099936280935275 -0.086355955637183637 -0.052568743508929185 -0.012632849645976949 -0.0048192365026856259 -0.032030913235226784 0.03515701199319736 0.013087210785751632 -0.017776182165619263 -0.051629102140121653 0.040726263901189115 -0.023871660377081553 -0.065009685642402157 -0.0054145698459964371 0.031541808703823858 -0.069009372350579745 0.0021992008341538269 -0.0064902135377423193 -0.046665899335169007 -0.055668754368570286 -0.010067867376838593 -0.023021847696953222 0.0073668008301423799 -0.0004182492992629729 0.032213571460430676 -0.0091060594876991724 -0.052956742387912585 -0.02267463624392145 0.0066849265190487535 -0.057639892953448152 -0.046451379355489104 0.0085806191212017806 -0.085369539986383025 -0.031902052919313299 0.012393848068180943 -0.052797610700713739 0.0058636527417940372 0.015296700746704861 -0.0192911342672487 -0.075491400782066648 0.020804447361354964 -0.0010892459880954045 0.013577509067013195 0.0089606858050041687 -0.023232388858095962 -0.028867044712847286 -0.0068975557815700965 -0.0086281652130453922 0.029911094250705039 0.010064561237964892 -0.020431427850384376 -0.051519985653128465 0.023546101108449943 0.019318287557254538 -0.0039722720347890664 0.018261274505497999 -0.055562644250284454 0.016610691104972295 0.026889783012790019 -0.025072241717219997
leaf_weight=519.89477449655533 2348.2859059274197 632.07411754131317 994.99581564962864 1282.0704435557127 322.17372933030128 1479.5574773699045 1766.9424084275961 1781.2411162555218 1665.1513728052378 3986.8334255814552 2336.0901748389006 732.33236584067345 5092.8308116048574 453.52015024423599 346.17862026393414 2358.6305332034826 4040.8522106409073 1235.1208832710981 2798.7829051911831 1504.4991000592709 258.03342115879059 533.89649896323681 2657.2575252503157 1711.4128367006779 4109.4057569205761 1726.7364397346973 2440.3266525864601 1140.3776566684246 534.60302172601223 4273.1491999328136 1056.5411792993546 306.08165703713894 86.028416141867638 3421.5298322737217 47.904689431190491 429.01494537293911 740.55233530700207 197.04416371881962 1230.486802354455 1918.0205552726984 2269.2888433784246 236.82745097577572 1381.0500418841839 501.17650453746319 585.60717444121838 1211.6625670343637 444.50217445194721 123.09680503606796 3315.559165418148 564.49716560542583 3649.0757480412722 2850.8195076733828 593.47471797466278 1509.9712906628847 3004.2337481081486 3706.435882806778 1409.6277888715267 2735.6013598889112 1110.7043232023716 1637.723714992404 1623.5809023231268 814.19573718309402
leaf_count=2140 9856 2629 4152 5263 1342 6178 7398 7440 7012 16732 9730 3037 21502 1897 1425 9831 17029 5088 11717 6304 1071 2225 11074 7148 17247 7227 10242 4747 2219 17794 4422 1264 359 14311 197 1783 3104 822 5176 8063 9471 975 5788 2094 2468 5058 1849 512 13855 2356 15382 11988 2458 6226 12638 15574 5913 11480 4627 6849 6847 3389
internal_value=-2.77869e-06 -0.0149667 -0.00827461 -0.0408787 -0.0275955 -0.00260772 0.0159279 -0.0294171 0.00556246 0.0208209 0.00664704 -0.0152827 0.0222492 0.0259775 -0.011109 -0.0161487 0.0269985 -0.0667396 0.0112617 0.0134839 -0.00916011 -0.0519046 -0.0147159 -0.00372967 0.015365 -0.0175841 0.0165329 -0.00568005 -0.0198574 -0.0260522 -0.0101587 -0.0561027 0.0228298 0.00131087 0.00725916 -0.00286671 -0.00920658 -0.0347973 0.0195737 0.0245333 -0.0111381 -0.0420263 0.00835003 0.0225552 0.0354788 -0.00410776 0.00086488 0.00456363 -0.0123905 -0.020111 0.0201071 0.0219504 -0.0331419 -0.0584313 0.0169848 0.0129843 0.00863114 0.0248444 -0.0645936 0.0134168 0.037386 -0.0104653
internal_weight=101775 52479.9 41709.2 10770.7 7117.12 32893.7 49295.3 8815.48 15808.4 33486.9 15749.1 5087.25 31719.9 22617 17144.7 12195.7 22163.5 3653.58 12356.4 11361.4 4354.92 3038.22 11849.5 8115.81 7692.58 5777.27 9856.94 4032.75 7980.58 4807.75 3392.63 2371.5 14861.5 4948.99 3469.43 3774.72 5767.52 1295.44 10820.6 3583.17 3996.03 1136.38 4179.83 5677.1 7302.02 3868.92 3345.7 2901.2 5026.97 761.541 10734.6 9504.13 899.556 2029.87 5855.05 9102.9 5396.46 5175.93 1742.78 1760.82 6716.41 3172.83
internal_count=425994 218806 174202 44604 29556 137405 207188 36797 66285 140903 65929 21190 133505 95286 71476 50790 93389 15048 51777 47625 18153 12659 49365 33963 32322 24138 41321 16811 33233 20013 14152 9785 62572 20686 14508 15740 24107 5403 45543 15075 16698 4697 17505 23816 30817 16132 13957 12108 21003 3178 45184 40008 3722 8366 24626 38219 22645 21722 7256 7361 28349 13220
is_linear=0
shrinkage=0.05


Tree=3
num_leaves=63
num_cat=0
split_feature=3 6 225 6 0 259 6 3 6 141 3 259 256 201 141 117 3 37 201 117 225 190 6 190 52 103 3 6 6 253 256 62 6 3 201 49 141 6 6 3 37 53 141 175 6 3 82 6 234 234 6 225 6 133 132 3 238 225 122 40 6 6
split_gain=2717.94 2091.03 1533.31 1080.83 813.762 613.218 610.134 563.049 495.64 458.153 410.153 380.374 344.615 342.608 342.01 295.225 276.162 254.28 249.863 214.135 200.668 187.926 187.545 186.541 178.221 176.712 194.859 157.839 205.243 151.636 150.873 145.146 141.552 141.297 134.343 134.157 131.866 143.115 125.015 138.648 128.94 122.894 121.942 121.463 120.743 119.765 119.561 111.969 110.032 109.467 109.135 107.889 102.06 93.0588 92.8402 92.1397 91.9842 89.8337 89.6546 86.8645 85.5661 85.9691
threshold=0.15969656407833102 0.63499999046325695 0.044815063476562507 0.22500000149011615 0.065249998122453703 0.11312866210937501 0.90500000119209301 0.92759546637535106 0.63499999046325695 -0.019538879394531247 0.048964103683829314 0.091766357421875014 1.0000000180025095e-35 -0.044174194335937493 0.046737670898437507 0.064849853515625014 0.75203061103820812 0.078765869140625014 -0.021141052246093747 0.048812866210937507 0.018699645996093753 0.014652252197265627 0.89499998092651378 0.0095405578613281267 -0.022972106933593747 0.069793701171875014 0.44002844393253332 0.31499999761581426 0.23499999940395358 0.023109436035156253 0.029136657714843753 -0.038070678710937493 0.89499998092651378 0.91435948014259349 0.017799377441406253 0.061447143554687507 -0.039016723632812493 0.90500000119209301 0.94499999284744274 0.74046975374221813 0.078765869140625014 0.017173767089843753 0.0044384002685546884 0.18670654296875003 0.60500001907348644 0.90537491440773021 0.014392852783203127 0.24499999731779101 -0.030433654785156247 -0.012165069580078123 0.82499998807907116 0.039047241210937507 0.50499999523162853 -0.094696044921874986 0.0037202835083007817 0.330404743552208 -0.0017848014831542967 0.10427856445312501 0.079071044921875014 0.0057468414306640634 0.56499999761581432 0.32500000298023229
decision_type=2 2 2 2 2 2 2 2 2 2 2 2 2 2 2 2 2 2 2 2 2 2 2 2 2 2 2 2 2 2 2 2 2 2 2 2 2 2 2 2 2 2 2 2 2 2 2 2 2 2 2 2 2 2 2 2 2 2 2 2 2 2
left_child=8 3 4 16 13 7 9 14 47 31 30 12 20 36 22 -7 -2 33 32 -13 -12 29 46 43 56 26 60 28 -28 -15 -10 57 -16 34 54 -29 -3 -38 40 -40 42 -24 -8 -20 -37 48 -6 -1 -23 -27 -32 -26 -49 -51 -11 -44 -14 -4 -50 -18 61 -5
right_child=1 2 6 25 5 15 38 -9 10 17 11 19 24 21 18 -17 59 -19 23 -21 -22 45 41 -25 51 49 27 35 -30 -31 50 -33 -34 -35 -36 44 37 -39 39 -41 -42 -43 55 -45 -46 -47 -48 52 58 53 -52 -53 -54 -55 -56 -57 -58 -59 -60 -61 -62 -63
leaf_value=-0.031241603909346667 0.011511571639438237 0.023910139872232023 -0.0026629602487839637 -0.036447713822853119 0.012476791923510422 -0.011500963629551645 0.0072602443592774627 -0.017881247131329818 -0.041088868216451191 -0.026132633513682443 -0.0091472915251476754 -0.022763901103069611 0.025197484243890001 0.019353642294119362 -0.014654633940389968 -0.063075569342606011 -0.022490526574798653 0.0045192595953468043 9.9783537821617919e-05 -0.084122913849617606 -0.028962471908703859 0.034826783120980156 0.023075503521266024 0.015722404210896372 -0.0010880517836604937 -0.0253669631208462 -0.085343712310788009 -0.018986376166467693 0.022169216026818896 -0.00014937992247668973 0.0067374029029264489 0.0062399747979531156 0.0031509347533319404 -0.047151792016893207 -0.0028006262714071403 -0.055789737497161089 -0.0029714197448041779 0.016459545826063453 0.022130753390903233 -0.0095334164130033462 0.024608278127930143 0.010003009073152706 -0.027212670441183973 -0.049072962195050911 -0.002583346669988603 0.0078024809926894789 0.0028459972166639171 -0.07973077351683 0.026060836911358083 -0.0092514027108461881 -0.02978365129076619 -0.02136882131341657 -0.042628543762327664 -0.073266496569382042 -0.014280905604321338 -0.0031019254723504541 -0.0003037564895461461 -0.02024928466474081 0.0061508054352831243 -0.082856632625622997 -0.027898564537626916 -0.066485424935442045
leaf_weight=468.21667748689651 2061.9294406920671 966.93441601097584 2409.4634694755077 398.62100020051003 8085.6707708984613 827.62775187194347 2739.2785468995571 2143.2688394784927 2070.850496917963 4086.4573885053396 2521.1971186846495 297.63989016413689 820.38933269679546 4592.6634658575058 2770.1189787387848 416.87090192735195 350.35553708672523 1180.0946289598942 2191.4906944930553 273.0684614777565 2592.2553390413523 3675.899858802557 5006.759919911623 3344.5558754354715 2263.5785359144211 207.20803180336952 50.706941619515419 1257.7650681138039 312.90882341563702 1272.761795476079 323.53157590329647 3756.685700148344 1868.555906265974 460.96921963989735 1140.2854399085045 585.65514461696148 2857.6309094876051 1416.6010412871838 1908.6939701288939 421.53292839229107 597.72306030988693 2808.64195728302 502.52651289105415 132.21817611157894 130.43675248324871 775.36947563290596 5358.8710318207741 401.92202854156494 3974.5284430235624 63.061999589204788 553.79481402039528 922.29401615262032 352.09631624817848 597.88215933740139 2781.8114414066076 1861.3847005367279 620.88962179422379 1038.6414182335138 660.01672403514385 71.194198489189148 429.67315728962421 609.41730235517025
leaf_count=1926 8611 4066 10063 1636 33932 3465 11486 8968 8599 16999 10540 1240 3441 19388 11574 1715 1456 4937 9200 1117 10778 15585 21126 14069 9472 857 210 5194 1299 5369 1348 15702 7838 1915 4775 2400 11969 5975 8035 1771 2515 11827 2099 548 542 3273 22463 1627 16781 262 2308 3840 1442 2449 11592 7806 2599 4322 2781 293 1772 2484
internal_value=-3.6496e-05 0.00329636 0.00560748 -0.0226542 0.0102565 0.00563984 -0.0046948 0.0069126 -0.0200944 -0.0100989 -0.0172833 -0.0125789 -0.0102513 0.0182475 0.00859652 -0.0288137 0.0039701 -0.0172215 0.00112172 -0.0522183 -0.0191963 0.0221035 0.0122201 0.00816359 -0.000364215 -0.0368919 -0.0321982 -0.0232725 0.00698338 0.0151223 -0.0337271 -0.000558315 -0.00748304 -0.0202509 -0.0186968 -0.0288468 0.00724554 0.00347089 0.00664632 0.0164011 0.00265689 0.0183795 8.14649e-05 -0.00271803 -0.0461153 0.0266082 0.00863854 -0.0505515 0.0283616 -0.0572423 -0.0163234 -0.0069641 -0.0624849 -0.0671819 -0.0213352 -0.00823679 0.0142192 -0.00796466 0.0232273 -0.0328575 -0.0466836 -0.0546551
internal_weight=101641 87159.4 80032.6 7126.82 55147.1 34954.7 24885.5 33710.2 14481.7 16854.4 13259.5 10311.3 9740.6 20192.4 31566.9 1244.5 2483.48 9649.62 10306.9 570.708 5113.45 14951.2 21259.9 5668.26 4627.15 4643.34 3775.18 2337.47 363.616 5865.43 2948.18 7204.79 4638.67 8469.52 8008.55 1973.86 5241.17 4274.23 8031.14 2330.23 5700.91 7815.4 5103.19 2323.71 716.092 9085.81 13444.5 1222.24 8310.45 868.152 877.326 3185.87 754.018 660.944 6868.27 2363.91 1441.28 3448.1 4634.55 421.55 1437.71 1008.04
internal_count=425671 365394 335929 29465 231912 146725 104017 141545 60277 70305 55282 43027 40670 85187 132577 5180 10360 40218 43229 2357 21318 63177 89348 23817 19352 19105 15537 9645 1509 24757 12255 30087 19412 35281 33366 8136 22010 17944 33712 9806 23906 32953 21391 9748 2942 38420 56395 4995 35147 3568 3656 13312 3069 2711 28591 9905 6040 14385 19562 1749 5892 4120
is_linear=0
shrinkage=0.05


Tree=4
num_leaves=63
num_cat=0
split_feature=4 1 49 144 61 4 5 234 45 207 141 4 207 179 5 132 254 141 4 175 47 234 254 234 240 141 1 213 49 122 61 190 254 240 142 234 109 253 254 184 150 150 61 30 184 122 68 45 233 104 132 234 97 5 30 1 15 91 190 91 59 143
split_gain=1347.05 1220.96 868.843 709.684 676.473 574.37 415.697 347.516 314.624 352.139 314.522 272.409 260.153 230.643 213.505 205.17 161.452 158.771 149.425 147.087 140.25 136.589 138.603 129.179 125.215 124.415 124.167 123.956 115.082 112.696 112.38 111.079 109.028 101.138 99.7054 96.535 93.313 92.9833 89.5091 85.1083 84.4728 82.4903 81.6239 80.586 79.9473 79.6739 77.9583 76.2255 76.2172 74.8142 84.8745 73.9235 89.4582 77.915 105.064 73.572 71.446 69.0786 68.6315 66.4465 66.3694 65.8181
threshold=0.12899261713027957 -91499999.999999985 0.11434936523437501 0.064544677734375014 0.039108276367187507 0.90880402922630321 0.075000001117587103 -0.021919250488281247 -0.091949462890624986 -0.0089683532714843733 0.015937805175781253 0.043301574885845191 -0.036117553710937493 -0.058273315429687493 0.12500000372529033 0.0044727325439453134 -0.0079078674316406233 -0.019538879394531247 0.85031911730766307 0.072845458984375014 0.024925231933593753 -0.097991943359374986 0.080963134765625014 -0.10995483398437499 -0.039016723632812493 0.046737670898437507 -13499999.999999998 -0.036331176757812493 0.094573974609375014 -0.013309478759765623 0.045150756835937507 0.058090209960937507 -0.012866973876953123 0.0044307708740234384 0.041305541992187507 0.012042999267578127 0.065216064453125014 -0.013263702392578123 -0.0058574676513671866 -0.059707641601562493 -0.0038175582885742183 0.028602600097656253 0.025520324707031253 0.14190673828125003 0.038375854492187507 -0.11727905273437499 0.059402465820312507 -0.10855102539062499 0.061141967773437507 0.022895812988281253 0.036392211914062507 0.0042057037353515634 -0.13604736328124997 0.075000001117587103 0.10781860351562501 -197499999.99999997 0.022407531738281253 -0.032455444335937493 0.022789001464843753 0.022361755371093753 -0.031295776367187493 0.036697387695312507
decision_type=2 2 2 2 2 2 2 2 2 2 2 2 2 2 2 2 2 2 2 2 2 2 2 2 2 2 2 2 2 2 2 2 2 2 2 2 2 2 2 2 2 2 2 2 2 2 2 2 2 2 2 2 2 2 2 2 2 2 2 2 2 2
left_child=11 2 3 5 49 6 15 21 35 18 16 -1 41 44 29 36 -4 -11 26 23 42 -8 39 -13 45 30 40 -25 51 -6 59 -30 -16 61 47 -3 46 -21 -31 -23 -10 -9 -17 -27 -14 -12 60 -29 -46 -5 -51 52 -19 -53 -55 -41 -40 -35 -26 -15 -2 -18
right_child=1 8 10 4 14 -7 7 12 9 17 24 19 13 25 32 20 33 28 -20 37 -22 22 -24 27 58 43 -28 34 31 38 -32 -33 -34 57 -36 -37 -38 -39 56 55 -42 -43 -44 -45 48 -47 -48 -49 -50 50 -52 53 -54 54 -56 -57 -58 -59 -60 -61 -62 -63
leaf_value=-0.030944026068014763 -0.0077178636028463771 0.031142372992839437 0.0071586067551290032 0.0073344704433008362 0.015453784817909487 -0.015569290945412401 0.017086495517740136 0.011289719698111527 0.024077663086382095 0.015250761161127528 0.04076706672033488 0.013082899768238966 -0.020115834477910866 0.0056921740520064663 -0.074690407625511435 0.01292648939180991 -0.0039953519309588624 -0.025359401342185048 -0.003824868241340461 -0.013527409842801151 0.020681842828006596 -0.0074632365076585834 -0.0094707878251166916 -0.0028759129241359904 -0.026559126934621383 -0.012523653599859304 0.037702650611815658 0.011869128354275312 -0.014658788657864109 -0.047620945136931131 -0.019570155957843768 0.012500595367083473 -0.029299966231224314 -0.0076737134718739986 -0.0050307956396977637 0.0069786653639487221 0.017336533120055859 -0.042714991342486054 0.017913633819020138 0.0051701486631179419 0.011423006380780809 -0.008457840405619154 0.0010309361930477131 -0.070567940544200056 -0.032789075178055897 -0.0074801945114350878 0.013477463619537867 -0.02206594171640068 -0.079509669877108058 -0.0035648817548990098 -0.035419575902653475 0.0099947716016532615 0.013039255097423147 -0.0052273986814204993 -0.067104223382103853 0.01713057394824502 -0.041575701578459349 -0.020491377784512859 -0.015734477451775829 -0.007893227009406683 0.0033912439110297928 0.020036790476088997
leaf_weight=2362.2891513109207 1841.961873665452 2697.1044964790344 2095.6913074702024 1146.3928693383932 133.4512575417757 3582.6181199997663 2664.7270220667124 2606.6367573738098 2880.0727401822805 2457.2493299394846 92.952135026454926 576.70170426368713 808.35377772152424 3141.1077308058739 559.54228587448597 5854.4488996118307 2399.2262084931135 160.84882846474648 653.34531696140766 510.43060012161732 5082.4145380705595 853.34017652273178 1537.6145321577787 2761.3740554898977 3402.6811957508326 3285.8571755439043 974.10185174643993 173.15286591649055 1764.7457558810711 439.45319485664368 714.05671855807304 477.6636982858181 175.57426276803017 2318.4984657019377 1471.7280425429344 488.90359462797642 1230.4520599544048 588.57254205644131 117.17418123781681 3565.6574466824532 2437.9418206512928 662.5736530572176 1913.5190425813198 59.962016448378563 288.51682470738888 958.394003033638 1364.1930520236492 3474.2821623086929 126.06640207767487 981.4883880764246 264.81716023385525 960.04964627325535 2432.7648579180241 1556.1059228777885 70.782344475388527 2011.088819116354 87.14365342259407 1925.0138342827559 2581.5787083804607 1260.4032049030066 4969.5520472675562 322.28096802532673
leaf_count=9859 7712 11452 8771 4804 558 14964 11238 10952 12150 10332 391 2432 3358 13166 2278 24580 10013 667 2740 2135 21399 3573 6428 11560 14130 13724 4131 729 7364 1813 2971 2008 727 9655 6152 2054 5167 2451 490 14952 10288 2778 8032 244 1196 4006 5717 14484 518 4124 1101 4046 10260 6531 290 8467 363 8010 10740 5273 20821 1350
internal_value=4.67194e-05 0.00215097 -0.000985538 0.00208745 -0.0184298 0.00370884 0.00521574 0.000590506 0.0130319 0.0103027 -0.0111664 -0.0157427 -0.00490794 -0.0090247 -0.0445938 0.010117 -0.00500664 0.00423725 0.0189292 -0.0119821 0.014224 0.00728912 0.00401074 -0.0097436 -0.0190974 -0.00608934 0.0212921 -0.0114155 0.000589839 -0.0262711 -0.00118534 -0.00887048 -0.0639039 -0.00866752 -0.0160205 0.0274377 0.00450519 -0.0291835 -0.034931 0.00723552 0.0182796 0.0072861 0.00999671 -0.0135847 -0.0293126 -0.00317985 0.00257218 -0.0204521 -0.047153 -0.0018808 -0.0103564 0.00468567 0.010649 -0.00129487 -0.00795909 0.00948562 -0.00753809 -0.0134917 -0.0218928 0.00180099 0.00038644 -0.00114315
internal_weight=101357 89438.2 69426.5 53330.2 3905.04 49425.1 45842.5 23586 20011.7 16825.7 16096.3 11918.5 12953.5 9684.32 1512.34 22256.5 9060.71 9880.21 6945.46 9556.24 12850.4 10632.4 7967.7 8457.24 7035.61 8461.39 6292.12 7880.54 7422.96 777.222 5115.57 2242.41 735.117 6965.02 5119.16 3186.01 9406.16 1099 643.771 6430.09 5318.01 3269.21 7767.97 3345.82 1222.94 1051.35 8175.71 3647.44 414.583 2392.7 1246.31 5180.55 2593.61 2586.94 1626.89 5576.75 204.318 4243.51 5984.26 4401.51 6811.51 2721.51
internal_count=424669 374867 290554 223488 16258 207230 192266 98838 84313 70807 67066 49802 54180 40450 6229 93428 37799 41498 29309 39943 54011 44658 33420 35357 29267 35378 26569 32925 31166 3224 21410 9372 3005 29028 21365 13506 39417 4586 2666 26992 22438 13730 32612 13968 5072 4397 34250 15213 1714 10029 5225 21794 10927 10867 6821 23419 853 17665 24870 18439 28533 11363
is_linear=0
shrinkage=0.05


Tree=5
num_leaves=63
num_cat=0
split_feature=3 6 225 6 0 6 3 259 3 22 259 201 6 144 9 3 6 229 207 80 51 3 201 234 52 6 80 210 207 144 260 6 52 144 259 180 123 3 6 143 6 6 3 259 180 136 234 3 234 190 182 202 3 0 108 221 21 184 221 225 260 117
split_gain=2453.14 1916.64 1309.41 869.177 747.896 489.678 452.937 451.021 444.287 384.865 361.271 359.298 321.247 302.345 285.804 267.575 266.17 226.482 214.238 202.565 175.477 172.322 218.266 171.074 161.15 158.882 140.226 136.748 134.703 127.242 123.167 121.455 128.395 120.103 117.72 117.594 116.714 116.11 122.74 118.581 115.904 113.372 108.914 105.932 104.666 101.15 100.164 99.9174 94.8755 92.1836 92.1111 91.0365 90.7394 90.1523 83.5994 82.6717 81.9065 80.8322 79.8703 78.8556 78.7935 76.9468
threshold=0.15969656407833102 0.63499999046325695 0.047836303710937507 0.22500000149011615 0.077250000089406981 0.90500000119209301 0.92315608263015758 0.13702392578125003 0.056805245578289039 0.027229309082031253 0.12933349609375003 -0.044174194335937493 0.59499999880790722 -0.084686279296874986 -0.085418701171874986 0.81031385064125072 0.89499998092651378 -0.010387420654296873 -0.034622192382812493 -0.010356903076171873 0.052749633789062507 0.41080522537231451 0.024085998535156253 -0.075897216796874986 -0.021949768066406247 0.89499998092651378 0.016319274902343753 -0.021186828613281247 -0.026054382324218747 0.042129516601562507 -0.041305541992187493 0.50499999523162853 -0.021018981933593747 0.056503295898437507 0.019477844238281253 -0.043289184570312493 0.044204711914062507 0.90988111495971691 0.94499999284744274 0.042373657226562507 0.23499999940395358 0.24499999731779101 0.27822637557983404 0.081939697265625014 -0.039260864257812493 -0.18060302734374997 0.0042057037353515634 0.92315608263015758 -0.11972045898437499 0.016899108886718753 0.026756286621093753 0.051132202148437507 0.93205747008323681 0.096250001341104521 -0.074615478515624986 0.043167114257812507 -0.056900024414062493 0.042098999023437507 -0.10073852539062499 0.029579162597656253 -0.023567199707031247 0.053543090820312507
decision_type=2 2 2 2 2 2 2 2 2 2 2 2 2 2 2 2 2 2 2 2 2 2 2 2 2 2 2 2 2 2 2 2 2 2 2 2 2 2 2 2 2 2 2 2 2 2 2 2 2 2 2 2 2 2 2 2 2 2 2 2 2 2
left_child=8 3 4 15 11 9 7 16 31 17 12 27 41 51 -14 -2 18 47 -6 43 36 -5 40 56 -21 28 45 29 -15 -3 49 -1 53 -9 -11 55 48 38 39 42 -23 -10 -7 60 -42 -18 -30 57 -19 -25 -47 -13 -22 -33 -24 -32 -20 -4 -27 -26 -16 -45
right_child=1 2 5 21 6 37 -8 33 10 34 -12 13 14 25 19 -17 26 20 23 24 52 22 54 30 59 58 -28 -29 46 -31 35 32 -34 -35 -36 -37 -38 -39 -40 -41 44 -43 -44 61 -46 50 -48 -49 -50 -51 -52 -53 -54 -55 -56 -57 -58 -59 -60 -61 -62 -63
leaf_value=-0.065305208938571363 0.0083873435630452686 -0.00015864359060549694 -0.0072834680004417833 -0.048218758228864372 0.012535404941114867 -0.017166591091346422 -0.017302051506169289 -0.0096526093485639741 -0.022084787948161478 0.015791917109954541 -0.07536960931538407 0.041964482384496987 -0.029795136346067647 0.02207779908572367 -0.020505041901871295 -0.040880636254231523 -0.048159385416134723 0.0019132797835523356 0.024319699530082076 0.015095882505844337 -0.0016371684995469329 -0.10066135350281269 -0.052221798706015524 -0.019335436903440143 -0.00028194645178409049 0.0008931603069174803 0.019598785797065501 0.011600825614539706 0.015110938509755412 -0.042251687013974373 0.002505731488027468 0.0046389154622412318 -0.03556095860204727 -0.057031728423333372 -0.0042256318229251166 -0.0029443874643629219 -0.0064959282935661312 -0.021353125106348944 0.017377063616421759 0.025822010591357736 -0.017724982576945433 -0.061830836840180904 0.0038958565044229041 -0.023263821415738021 -0.041891491700496879 0.011973577393817592 0.0026111871079800516 -0.036584226532720907 -0.026435918017658572 -0.003490736597647405 -0.003493521728459108 0.020150355815795593 -0.063360996146674717 -0.02876629631958625 -0.0037815273455102981 0.02049845512871297 0.0050485315099058079 0.0072172191764976901 0.025410254247145408 -0.016273414260157364 -0.0034176562509560453 -0.076796829541175976
leaf_weight=272.91355523467064 2194.3117517977953 2101.0753974020481 3191.8874632120132 1502.5532366335392 4772.2991189807653 728.54984094202518 2202.8985175788403 222.06291976571083 325.04241432249546 1628.9891066402197 230.58895373344421 1805.7604037374258 1495.3488379865885 2972.752386406064 1571.4930052161217 314.1496020257473 77.60634158551693 312.77483692765236 915.24969753623009 1335.2268768846989 1636.0892597585917 67.617732048034668 97.681592404842377 1464.7211824059486 2491.0063436329365 354.41396243870258 4806.7254875004292 3929.1627461910248 3391.7359978854656 195.31042289733887 1517.0010944455862 380.2959620654583 2981.9476713836193 337.19145356118679 1336.2096912413836 5118.6497468501329 1032.2011659145355 370.32992832362652 2136.18749140203 515.48435278236866 648.8306939303875 404.0964332818985 3866.5553732663393 163.35159528255463 1463.177743986249 4892.2226415276527 3038.550168722868 230.60339604318142 5192.0046367496252 2457.8705878555775 1197.8149793893099 654.5595408976078 60.794558703899384 429.14024288952351 916.69338984787464 1101.7203124761581 1386.2883640527725 1373.9745545387268 5314.4557991623878 1115.4097425192595 1182.4153788685799 114.54391540586948
leaf_count=1106 9196 8818 13293 6115 20088 3036 9184 926 1333 6828 933 7742 6198 12634 6523 1293 324 1307 3874 5614 6798 275 400 6096 10424 1511 20404 16567 14396 807 6361 1585 12311 1371 5578 21436 4297 1548 9017 2178 2668 1632 16207 677 5985 20622 12808 956 21499 10277 5022 2795 251 1776 3784 4630 5836 5739 22653 4625 4931 466
internal_value=-3.41974e-05 0.00313702 0.00536591 -0.0215592 0.00951532 -0.00451494 0.00458252 0.00617582 -0.0190799 -0.00948352 -0.0136124 0.0162566 -0.0122087 0.0199206 -0.00974342 0.00220339 0.00701376 -0.0131831 0.00339111 -0.00597963 -0.0182139 -0.0342487 -0.0276637 0.000264751 0.000263242 0.0172656 0.0131969 0.00593671 0.0132771 -0.00375554 -0.00219451 -0.0331019 -0.0307672 -0.0382697 0.00677301 0.00146459 -0.0219323 0.00591869 0.00731511 0.00310671 -0.0365776 -0.044167 0.000553416 -0.0161519 -0.0344792 0.00820531 0.00920566 -0.00454507 -0.0248251 -0.00941067 0.00893137 0.0361715 -0.00388457 -0.0130852 -0.00849303 0.0100804 0.0127193 -0.00291925 0.0238779 -0.005231 -0.0131723 -0.0455255
internal_weight=101539 87045.8 79840.7 7205.02 56228.1 23612.6 32470.3 30267.4 14492.8 15995.5 10428.5 23757.8 10197.9 17532.2 9468.8 2508.46 29708.2 13030.3 18733.8 7973.45 8233.86 4696.55 3194 13961.5 4941.64 15071.9 10974.4 6225.55 9403.04 2296.39 11660 4064.3 3791.38 559.254 2965.2 7737.37 6536.98 7617.11 7246.78 5110.59 2179.63 729.139 4595.11 3031.8 2112.01 6167.64 6430.29 4796.47 5504.78 3922.59 6090.04 2460.32 1696.88 809.436 1014.37 2618.72 2301.54 4565.86 5668.87 3606.42 2753.91 277.896
internal_count=425564 365430 335714 29716 237182 98532 136451 127267 60134 66546 43356 100731 42423 74539 39458 10489 124970 54140 78598 33260 34152 19227 13112 58510 20663 64002 46372 26192 39838 9625 48800 16778 15672 2297 12406 32427 27103 31986 30438 21421 8928 2965 19243 12597 8653 25968 27204 19988 22806 16373 25644 10537 7049 3361 4184 10991 9710 19032 24164 15049 11454 1143
is_linear=0
shrinkage=0.05


Tree=6
num_leaves=63
num_cat=0
split_feature=2 2 6 2 6 201 2 230 80 5 21 21 6 6 227 2 49 166 32 9 6 5 240 2 182 5 2 103 253 9 169 6 2 201 9 144 6 2 6 202 74 22 6 259 106 103 247 6 6 222 2 127 6 175 6 253 11 80 144 218 39 127
split_gain=8277.71 2465.55 2195.22 1585.35 1096.5 739.427 686.095 668.884 646.743 469.335 447.959 515.045 411.724 362.32 328.666 300.51 283.741 254.004 241.038 236.525 231.279 206.671 202.051 193.347 190.391 190.204 187.044 165.064 157.496 156.74 154.446 145.092 142.313 139.095 138.4 137.58 137.545 160.155 158.236 136.576 134.731 132.946 123.909 120.226 113.886 114.839 109.971 109.861 143.364 108.819 107.312 99.7994 117.413 99.2425 97.0221 96.3609 94.9083 94.4607 92.9844 92.9428 92.0474 91.575
threshold=2.0688879489898686 1.1867352128028872 0.24499999731779101 2.4994487762451176 0.85500001907348644 -0.011699676513671873 0.9337160885334016 0.027519226074218753 0.057083129882812507 0.075000001117587103 0.086944580078125014 -0.11026000976562499 0.67500001192092907 0.32500000298023229 0.057113647460937507 1.7730304598808291 0.10476684570312501 -0.034103393554687493 0.033584594726562507 -0.053543090820312493 0.60500001907348644 0.12500000372529033 -0.014240264892578123 -0.12824409455060956 -0.056625366210937493 0.12500000372529033 1.4556125998497011 -0.032119750976562493 0.12063598632812501 -0.036392211914062493 -0.13385009765624997 0.30500000715255743 3.0618563890457158 -0.077484130859374986 -0.029014587402343747 0.080169677734375014 0.82499998807907116 0.32235230505466467 0.41499999165534979 -0.022483825683593747 0.026863098144531253 0.014072418212890627 0.81499999761581432 0.089630126953125014 0.088897705078125014 0.10885620117187501 -0.042984008789062493 0.14500000327825549 0.13499999791383746 0.011707305908203127 -0.31173203885555262 0.062713623046875014 0.60500001907348644 0.18670654296875003 0.31499999761581426 0.087860107421875014 -0.033645629882812493 -0.017768859863281247 0.066680908203125014 0.054122924804687507 0.054092407226562507 -0.10311889648437499
decision_type=2 2 2 2 2 2 2 2 2 2 2 2 2 2 2 2 2 2 2 2 2 2 2 2 2 2 2 2 2 2 2 2 2 2 2 2 2 2 2 2 2 2 2 2 2 2 2 2 2 2 2 2 2 2 2 2 2 2 2 2 2 2
left_child=1 2 23 5 7 18 13 14 12 19 11 39 55 31 16 -11 24 -14 27 -6 -9 42 40 47 -3 32 -21 41 29 56 -22 -4 33 -19 -17 -29 37 -15 -39 -8 58 -2 -13 -36 45 61 -16 48 -1 -12 -49 52 -26 -35 -33 -5 -24 -25 -7 -10 -27 -32
right_child=3 4 6 8 9 22 10 20 59 15 49 21 17 36 46 34 -18 25 -20 26 30 -23 28 57 51 60 -28 35 -30 -31 44 54 -34 53 43 -37 -38 38 -40 -41 -42 -43 -44 -45 -46 -47 -48 50 -50 -51 -52 -53 -54 -55 -56 -57 -58 -59 -60 -61 -62 -63
leaf_value=-0.024066233765124928 -0.021431220433836405 0.0173241716948726 -0.044056096891908779 -0.0085629257035569426 -0.0238636496562462 0.025669189936601985 0.037116565592538002 -0.054295549160364991 0.029338847522030781 -0.040198950981255567 -0.034178190300952385 -0.03080585314438395 0.026547560659489256 -0.085212389473801969 0.032214613358309704 -0.028489187746751906 -0.013242053386631989 -0.00090483346308807815 0.0053091582327065455 -0.02612918332593896 -0.0325584388667279 -0.070375338757907233 0.015213236987705934 -0.028158239825322146 -0.044468605600014782 0.010641384155081604 0.00054477306891653049 -0.0023811185752726366 -0.059531992903425861 0.013056759678000322 -0.031321780811614491 0.061691021068391388 0.025767754798957265 0.017896714243241369 -0.005128830218211494 -0.049262519143080274 -0.095724094849641617 -0.0092026237224196294 -0.063743099679465218 -0.023989946680681839 0.0058079278965140054 0.001558149671981106 -0.055334496049021499 -0.045732040376429403 -0.028089173012650855 -0.043742641841645793 0.011071539820852986 -0.073885075899022656 0.04415480692287542 0.031924670146464787 -0.022522661551045653 0.013268509650132121 -0.0021251691886693225 -0.04484478461384362 -0.020816939872311466 -0.056393656583028084 -0.00789320645538533 0.0092719339199985092 -0.018811407641438689 0.0426461112250128 -0.0051828225578202658 -0.0025592191579654174
leaf_weight=206.33682036399841 3557.3503219932318 2513.3284124284983 487.35465860366821 1057.8379555493593 2305.7233422547579 3476.832123875618 230.71877667307854 348.98610833287239 5064.788201674819 3318.5913438498974 79.265040874481201 1295.9946467280388 5437.568914949894 915.424629971385 1228.3620259612799 2110.3390704393387 2518.249756783247 1242.7852768003941 3408.8425548672676 797.61696454882622 823.36752685904503 803.52357196807861 567.58892840147018 182.85837508738041 172.0321092903614 7578.2026978731155 3711.7305087894201 4705.4647431075573 90.260607227683067 3826.2766000628471 296.5840253084898 58.922734573483467 4284.0522501021624 6651.2151501327753 1624.1547912955284 160.88292717933655 531.64306524395943 143.80608096718788 1828.78823171556 150.16959382593632 1384.0669605880976 763.71289198100567 860.36449755728245 204.42227107286453 692.34215067327023 194.76899380981922 1233.8689178526402 134.86371196806431 121.51401340961456 277.88580106198788 410.9220042526722 1061.8735943138599 3042.4659453481436 62.707555070519447 87.032760575413704 116.02370803058147 2034.0519570708275 2028.2987215071917 120.91636191308498 1780.8932317495346 1045.1785631924868 3953.7879395037889
leaf_count=849 14769 10561 1985 4379 9598 14730 976 1415 21669 13700 327 5323 23123 3689 5160 8749 10416 5212 14301 3344 3405 3270 2391 756 701 32059 15572 19646 373 16152 1235 248 18174 28189 6780 658 2166 581 7448 625 5837 3197 3534 837 2875 802 5178 545 501 1166 1695 4457 12756 259 350 472 8537 8498 502 7644 4408 16515
internal_value=-9.99089e-05 -0.0167526 -0.0373784 0.0121546 -0.00980061 0.00232407 -0.0515745 -0.00165419 0.0190561 -0.020266 -0.0359842 -0.0416733 0.015629 -0.0657867 0.00538725 -0.029114 0.00108917 0.0169221 -0.00604467 -0.0108408 -0.0147878 -0.0487141 0.0114903 -0.00170385 0.00640568 0.0144124 -0.00417808 -0.0102574 0.00569487 0.00661991 -0.0124661 -0.0309799 0.0184195 0.0144602 -0.0197669 -0.00394083 -0.0722218 -0.0678638 -0.0597737 0.0130249 0.0190704 -0.0173686 -0.0406136 -0.0096905 -0.00924025 -0.00629883 0.0216282 -0.0216045 0.00127646 0.0171995 -0.0353262 -1.39404e-05 -0.00440441 0.0173041 0.0126849 -0.0133345 -0.00284826 0.0061652 0.0241694 0.0328064 0.00872307 -0.00457312
internal_weight=101406 42988.3 10835.7 58417.5 32152.6 24096.2 7750.89 18080 34321.3 14072.6 3697.92 3340.77 27475.6 4052.97 11770.2 7257.51 9307.95 26301.7 12596.3 6815.07 6309.84 2959.88 11500 3084.79 6789.7 20864.1 4509.35 9187.41 6518.18 6427.92 5960.85 633.31 12240.8 7956.71 3938.92 4866.35 3419.66 2888.02 1972.59 380.888 4981.82 4321.06 2156.36 1828.58 5137.48 4445.14 2462.23 873.637 327.851 357.151 545.786 4276.37 3214.5 6713.92 145.955 1173.86 2601.64 2211.16 3597.75 6845.68 8623.38 4250.37
internal_count=425269 178588 44532 246681 134056 101093 31688 75476 145588 58580 15221 13728 116275 16467 49229 30066 38891 111424 52571 28514 26247 12127 48522 12844 28475 88301 18916 38270 27453 27080 24832 2583 51834 33660 16366 20304 13884 11718 8029 1601 21069 17966 8857 7617 21427 18552 10338 3590 1350 1493 2240 17914 13457 28448 598 4851 10928 9254 15232 29313 36467 17750
is_linear=0
shrinkage=0.05


Tree=7
num_leaves=63
num_cat=0
split_feature=2 2 6 4 2 4 5 2 201 2 166 6 21 21 225 6 6 6 6 0 4 4 6 0 144 2 254 230 2 4 2 0 48 96 2 5 5 132 4 231 12 5 185 6 4 6 224 6 40 144 41 0 127 6 225 6 2 4 37 180 44 183
split_gain=7392.34 2360.83 1899.47 1769.91 1209.05 851.794 742.531 710.26 679.838 554.994 437.506 384.78 336.694 424.065 288.172 284.295 275.928 268.959 253.657 253.503 252.151 215.604 213.824 212.06 206.196 198.061 191.525 182.382 179.904 176.499 176.271 168.423 173.125 182.945 151.553 150.11 149.204 145.511 144.34 141.203 135.362 134.983 132.175 131.815 124.621 121.776 119.689 119.566 114.96 111.865 110.988 108.591 106.629 100.432 99.8334 98.9851 145.099 115.82 98.9488 98.6904 97.2777 92.3402
threshold=2.1116325855255131 1.2073848843574526 0.24499999731779101 0.22578345239162448 2.5222852230072026 0.61982765793800365 0.075000001117587103 0.9337160885334016 0.0012707710266113283 1.5344280004501345 -0.010761260986328123 0.85500001907348644 0.086944580078125014 -0.11239624023437499 0.030784606933593753 0.85500001907348644 0.81499999761581432 0.32500000298023229 0.67500001192092907 0.042249999940395362 0.89079198241233837 0.37337902188301092 0.56499999761581432 0.093250002712011351 -0.064727783203124986 1.7178016901016238 0.0050945281982421884 -0.0042400360107421866 1.6951137185096743 0.50574335455894481 -0.12824409455060956 0.027250000275671486 -0.024559020996093747 -0.0097160339355468733 1.9144493937492373 0.075000001117587103 0.12500000372529033 0.0044727325439453134 0.068065583705902113 0.024818420410156253 -0.070465087890624986 0.12500000372529033 0.10610961914062501 0.56499999761581432 0.11136807873845102 0.43500000238418585 -0.066375732421874986 0.94499999284744274 0.039566040039062507 0.080169677734375014 -0.015422821044921873 0.031250000000000007 0.045516967773437507 0.85500001907348644 0.0027341842651367192 0.7749999761581422 0.6535552740097047 0.23592162132263186 0.055221557617187507 -0.097076416015624986 0.062179565429687507 -0.029685974121093747
decision_type=2 2 2 2 2 2 2 2 2 2 2 2 2 2 2 2 2 2 2 2 2 2 2 2 2 2 2 2 2 2 2 2 2 2 2 2 2 2 2 2 2 2 2 2 2 2 2 2 2 2 2 2 2 2 2 2 2 2 2 2 2 2
left_child=1 2 30 9 8 17 16 40 14 -3 24 20 13 61 35 38 27 -4 -12 58 22 25 52 41 -6 -18 49 -5 29 -13 -1 -24 33 -33 -17 -2 39 -23 -11 53 45 54 60 -29 -32 -7 -34 -28 -46 -16 -25 -30 -8 -15 -20 56 -19 -58 -10 -40 -26 -9
right_child=4 3 5 6 10 7 11 12 19 15 18 28 -14 36 26 34 21 55 23 -21 -22 37 31 50 42 -27 47 43 51 -31 44 32 46 -35 -36 -37 -38 -39 59 -41 -42 -43 -44 -45 48 -47 -48 -49 -50 -51 -52 -53 -54 -55 -56 -57 57 -59 -60 -61 -62 -63
leaf_value=-0.020341909196565876 0.011556084333071074 -0.060450181193067082 -0.025544660303675783 0.02578759726333503 0.033598251871201835 0.04303585721688373 -0.062854985593109758 0.052209726853483074 0.022617381798353722 -0.034525921646073071 -0.012737621442857045 -0.056391220214829833 0.032204485838162711 -0.0064017058752827332 0.0042106035671197637 -0.046480945758423313 -0.048099071482440511 -0.075884161373420522 0.032138242469889625 0.0092299719338237909 -0.033711553749590749 -0.0045467518384023874 0.0192924530943781 0.017021784620158201 0.025400147297213155 -0.0054427701638663688 -0.019930851283140559 -0.0432153963485368 0.0047020868643715052 -0.023092667387052058 -0.029522445812737066 -0.0065218739045944003 0.013914814776485058 0.023677388343357426 -0.022467541559046855 -0.0029341732281860378 -0.058067105583231873 0.010113628215928571 0.01641135959985111 -0.049372816469352959 -0.064296640676311995 0.013670948681046735 0.0024815273000138882 0.0088780195465855156 0.012420198547988112 -0.041142313556479869 -0.011640240877400196 0.0061326232916557337 -0.052657290407847716 -0.069619830546069614 0.006006066576781521 -0.017601730581023371 0.01865352086755839 -0.042516917985270498 0.018102271725146869 -0.078189234954123138 -0.071844789744428331 -0.03771199949865383 0.047282888128453777 -0.012557839074043262 0.0091616302414834049 -0.0078460610398944381
leaf_weight=876.65952767431736 3004.6938929855824 1273.3572277575731 408.93525673449039 2267.1348656415939 4852.5239281654358 48.642472550272942 197.31478907167912 204.02781620621681 1587.7497090995312 688.72300404310226 870.22786511480808 554.10987217724323 328.25842605531216 867.96266582608223 1777.5411093384027 1528.6527988314629 389.69005976617336 928.08652940392494 2780.1901417076588 6832.6556032001972 630.39677672088146 2939.5054065138102 1048.8467648029327 3496.2686429172754 5807.9828548133373 897.73750914633274 4031.7208243012428 126.94860117137432 646.11991502344608 1416.5832842439413 219.33196702599525 939.33159093558788 525.4502766430378 1074.0662716180086 1157.7648655474186 4408.4062376916409 394.27177985012531 3987.5636575818062 337.24121418595314 389.83620798587799 1323.694942086935 4250.2703520357609 903.60809944570065 2389.4902430027723 1912.9819106012583 325.53783115744591 3538.7999850213528 493.46721465885639 69.382563635706902 51.830052375793457 6611.0114470124245 3498.3783937841654 49.810823768377304 246.54332047700882 2337.0739428400993 1517.4945686757565 373.89178451895714 754.81810502707958 547.94735619425774 2251.9000996053219 1098.1294609159231 92.713015541434288
leaf_count=3595 12670 5211 1665 9578 20893 200 794 873 6795 2843 3588 2269 1384 3568 7414 6291 1624 3728 11957 28846 2618 12266 4413 14853 24856 3761 16686 517 2699 5830 909 3912 2201 4495 4797 18487 1603 16764 1413 1600 5345 18129 3855 10031 8034 1328 14700 2062 285 211 27932 14474 202 1010 9966 6153 1510 3062 2370 9371 4694 388
internal_value=-0.000123189 -0.0150446 -0.0348872 -0.00852694 0.0120933 -0.047452 -0.00266343 -0.0317906 0.00322062 -0.0304924 0.0182046 -0.0106016 -0.0149583 -0.0220217 -0.00375755 -0.0240874 0.00595957 -0.064038 0.0136621 0.0139323 -0.00338602 0.000399933 -0.000789164 0.0148424 0.0255016 -0.0183817 -0.0115698 0.0155047 -0.0200437 -0.0324792 -0.00139384 0.000799368 -0.00239471 0.00959197 -0.0361441 0.00293982 -0.0307097 0.00389273 -0.0141982 -0.0235058 -0.0567855 0.0202621 0.0204672 0.0062339 0.00615661 -0.0301138 -0.00833372 -0.0170879 0.0101171 0.00208193 0.00981789 -0.0141243 -0.0464171 -0.0144218 0.0257328 -0.0684337 -0.0612016 -0.0490723 0.0289649 -0.00877966 0.0228198 0.0334827
internal_weight=101381 45638 11283.1 34354.9 55743.3 8204.71 27117.3 4221.49 22736 7237.64 33007.3 14119.2 2523.61 2195.35 13767.7 5964.28 12998.1 3983.23 20345 8968.35 8004.02 8214.5 7373.62 19474.8 12662.2 1287.43 6354.56 4783.57 6115.19 1970.69 3078.36 7126.49 6077.65 2013.4 2686.42 7413.1 1898.61 6927.07 3277.86 1504.34 1697.88 9367.53 7809.72 2516.44 2201.7 374.18 4064.25 4525.19 1982.36 1829.37 10107.3 4144.5 247.126 1114.51 5117.26 3574.29 2056.8 1128.71 2135.7 2589.14 6906.11 296.741
internal_count=425578 189314 46240 143074 236264 33417 113148 17299 95541 29926 140723 58607 10426 9042 57530 24715 54541 16118 86425 38011 33335 34415 30717 82837 54298 5385 26373 20126 25272 8099 12823 29721 25308 8407 11088 31157 7781 29030 13627 6178 6873 40052 33405 10548 9228 1528 16901 18748 8319 7625 42785 17173 996 4578 21923 14453 8300 4572 9165 10784 29550 1261
is_linear=0
shrinkage=0.05


Tree=8
num_leaves=63
num_cat=0
split_feature=6 0 4 49 6 259 6 4 80 185 190 49 229 80 4 230 4 246 4 6 230 240 185 190 17 80 158 6 6 182 49 241 6 108 185 229 4 147 27 104 129 6 213 46 126 80 95 199 85 129 42 13 182 151 49 208 235 6 116 249 47 68
split_gain=1764.1 1137.57 897.763 792.77 750.116 689.971 459.428 337.166 365.889 328.454 294.648 267.371 238.925 208.004 191.04 188.462 162.89 160.821 156.732 148.896 146.534 141.193 138.03 136.502 121.574 115.247 111.757 111.16 197.493 129.348 106.303 104.302 102.024 100.463 94.3988 93.2257 90.7849 88.3789 86.2885 84.3096 81.9117 81.7598 79.4338 81.3354 79.0947 77.6892 77.3608 75.1755 73.0276 72.764 71.3328 70.8007 69.6779 68.6757 68.6292 66.8107 66.0778 66.7519 65.699 65.689 63.1621 62.3059
threshold=0.63499999046325695 0.041249999776482589 0.12899261713027957 0.10165405273437501 0.22500000149011615 0.091766357421875014 0.90500000119209301 0.87250295281410228 -0.028648376464843747 0.078460693359375014 0.027687072753906253 0.087677001953125014 0.0022439956665039067 -0.022453308105468747 0.17618961632251742 0.018424987792968753 0.11496601626276971 0.033462524414062507 0.057615090161561973 0.60500001907348644 0.027519226074218753 0.030708312988281253 0.091644287109375014 0.043075561523437507 -0.074676513671874986 0.086090087890625014 -0.0052242279052734366 0.39499999582767492 0.50499999523162853 -0.032180786132812493 0.040237426757812507 0.035934448242187507 0.90500000119209301 0.0022382736206054692 -0.021461486816406247 0.075469970703125014 0.46607770025730139 0.026100158691406253 0.059799194335937507 0.10556030273437501 0.067108154296875014 0.89499998092651378 -0.021812438964843747 -0.010204315185546873 0.063812255859375014 -0.00055480003356933583 0.052108764648437507 0.0070400238037109384 -0.073089599609374986 0.071441650390625014 0.036178588867187507 0.025932312011718753 0.026756286621093753 0.055313110351562507 0.11325073242187501 0.0010123252868652346 -0.0054874420166015616 0.20499999821186068 -0.0017008781433105467 0.054031372070312507 0.061843872070312507 -0.038314819335937493
decision_type=2 2 2 2 2 2 2 2 2 2 2 2 2 2 2 2 2 2 2 2 2 2 2 2 2 2 2 2 2 2 2 2 2 2 2 2 2 2 2 2 2 2 2 2 2 2 2 2 2 2 2 2 2 2 2 2 2 2 2 2 2 2
left_child=4 10 18 5 16 7 12 8 22 33 11 14 20 55 -2 35 -1 -11 -3 27 53 41 30 36 -16 40 48 29 -29 -6 -4 56 38 -7 -31 44 -14 -19 -32 -24 -8 51 -20 -44 47 -25 -9 60 -15 -13 -28 -17 58 -5 -30 -12 -18 -58 -26 -45 -10 -46
right_child=1 2 3 6 19 9 25 46 15 17 13 49 23 26 24 21 31 37 42 -21 -22 -23 39 45 52 -27 50 28 54 34 32 -33 -34 -35 -36 -37 -38 -39 -40 -41 -42 -43 43 59 61 -47 -48 -49 -50 -51 -52 -53 -54 -55 -56 -57 57 -59 -60 -61 -62 -63
leaf_value=-0.038566639842759411 -0.0036648254230021516 -0.025669613107265277 0.0059984656558382038 -0.0033906813134122141 -0.010363705931409103 -0.01972200336863834 0.0049744074039919876 -0.0046353339058304967 0.018620214042222451 -0.013245566429709142 -0.0016407021940104665 -0.0023385650375694744 -0.031101148765720926 0.00076447518114733121 0.024982860948990146 0.0096548167046079571 -0.013127670655705463 -0.028368491626201316 -0.003580476774237379 -0.01532961547974032 -0.016120972970813205 -0.0019974113683020526 -0.0098389841877487196 -0.020160252478817642 0.022750289841245525 0.026486906716341792 0.012401565159732017 -0.060057306792812674 -0.027685687995178423 -0.0083754179047685045 -0.014162285572404119 -0.016156192610989675 0.0071763453298428056 0.0017119919729739156 -0.045918987459099732 0.0020923936503149335 -0.017499530640646157 -0.069370534373840484 0.012986957214955908 -0.045852921148290232 -0.0086787103847682703 0.016423214667718341 -0.008608744533998897 -0.028623157674868723 -0.0098730973707425312 0.0016001260053391338 -0.032010054190099481 0.012548930046197138 0.033632682188720418 -0.022049789452508458 0.025686128249153256 -0.0038464878824368714 -0.0078333351465677652 0.012416179901211792 -0.053693528937025684 0.015211206006811749 0.0068993796687987418 0.03198061258164446 0.0074068942086086224 -0.003620452409290445 0.031132631749681196 0.01155734000878263
leaf_weight=264.92037363350391 1606.7909480929375 2811.0124056190252 6662.6399631798267 3066.46138677001 718.41737702488899 933.16542257368565 4528.010431855917 4334.440058350563 6266.4772780537605 317.4585692435503 1203.6033602207899 1640.1471617519855 2168.7774280458689 180.69566932320595 2225.5068774074316 3655.6410850137472 318.48326271772385 190.84309896826744 2124.6545403748751 1013.1017169952393 2128.4165520220995 3489.5908316522837 784.01071082055569 679.11475078761578 1076.8864458501339 506.2424098700285 2196.8230881989002 1036.9604221582413 1412.4474865496159 212.05628554522991 2129.4571294635534 583.29504261910915 1232.2028747797012 1317.6571244001389 803.79605609178543 1307.7188445180655 2837.5419330298901 436.37438391149044 338.47574442625046 204.29990223050117 1449.3791873455048 3092.4094967246056 1864.4123479872942 1355.5239450633526 443.0094909965992 1033.0948758274317 273.47967725992203 4669.5645101219416 2619.4936281293631 654.40481682121754 1876.1710468679667 1321.4708102196455 470.92277909815311 884.51695343852043 310.43521891534328 1148.8781190812588 1412.8094746023417 325.87906216084957 1982.5355212986469 326.18216034770012 1204.8894203007221 1436.940581575036
leaf_count=1091 6803 11677 28092 12751 2924 3890 19058 18153 26645 1330 5073 6898 8925 769 9538 15425 1326 784 8904 4150 8830 14729 3264 2804 4607 2171 9362 4177 5734 864 8887 2403 5195 5530 3253 5528 11713 1758 1417 839 6070 13220 7773 5622 1865 4310 1140 19811 11326 2731 8064 5559 2004 3701 1252 4877 5934 1368 8446 1360 5140 6072
internal_value=9.81207e-05 0.00208799 -0.000713852 0.00127331 -0.0218235 0.00483781 -0.00723813 0.00650946 0.00804915 -0.0175716 0.0130387 0.00693298 -0.0127313 0.0194286 0.0115771 0.0112269 -0.0012667 -0.0422992 -0.0160166 -0.0326663 -0.00554805 0.00640555 0.000521562 -0.0192294 0.0158319 0.00360499 0.0238206 -0.0365702 -0.0428099 -0.0266216 0.00222488 0.00248882 -0.00456981 -0.00717911 -0.0380978 0.014862 -0.0233969 -0.0569599 -0.010435 -0.0173225 0.00166294 0.0100391 -0.0112279 -0.0158076 0.0160528 -0.00703744 -0.00626661 0.0175306 0.0315127 -0.00796735 0.0185257 0.00607004 0.0100577 0.000150293 -0.0324003 0.00659221 0.00778075 0.011616 0.0128133 -0.0237787 0.020642 0.0065047
internal_weight=101101 92688.4 73805.6 65323.8 8412.6 46042.2 19281.6 42846.7 38238.8 3195.5 18882.9 9657.19 12797.9 9225.66 7362.64 26887.7 2905.39 944.676 8481.79 5507.21 6079.39 11559.1 11351.1 6718.53 5755.85 6483.63 6873.18 4494.11 2759.84 1734.27 10362.8 2640.47 3700.14 2250.82 1015.85 15328.6 5006.32 627.217 2467.93 988.311 5977.39 8069.52 5670.77 3546.12 14020.9 1712.21 4607.92 12140.9 2800.19 2294.55 4072.99 4977.11 3530.34 3950.98 1722.88 2352.48 2057.17 1738.69 3059.42 1681.71 7471.37 1879.95
internal_count=424916 390440 309942 274606 34476 194273 80333 180981 161688 13292 80498 41027 53034 39471 31398 113994 12122 3872 35336 22354 25282 48933 47694 27752 24595 27299 29521 18204 11163 7041 43591 11031 15499 9420 4117 65061 20638 2542 10304 4103 25128 34204 23659 14755 59533 7114 19293 51596 12095 9629 17426 20984 15057 16452 6986 9950 8628 7302 13053 6982 31785 7937
is_linear=0
shrinkage=0.05


Tree=9
num_leaves=63
num_cat=0
split_feature=2 2 5 2 5 3 201 80 49 225 0 230 27 0 150 3 32 3 183 21 2 183 175 253 114 3 0 241 77 227 180 225 22 3 21 183 96 3 240 3 53 21 21 184 103 201 180 5 201 253 230 155 207 164 2 2 144 27 3 2 2 135
split_gain=6577.18 2030.56 1101.57 1084.74 757.061 691.908 599.436 557.113 543.621 359.535 288.12 276.634 261.044 256.822 236.286 233.317 222.981 214.594 195.949 197.476 193.667 187.646 171.301 158.645 155.401 154.603 150.869 148.787 140.886 139.572 137.109 136.216 139.924 136.059 125.91 143.398 123.667 114.51 113.124 111.03 104.368 102.723 101.25 100.965 97.6375 95.2672 94.5351 93.9101 92.93 92.4635 87.3498 84.3936 84.1609 83.4642 82.8204 81.357 81.0419 81.0645 80.886 116.097 80.135 79.9098
threshold=2.1191691160202031 1.2073848843574526 0.075000001117587103 2.5140986442565922 0.12500000372529033 0.26648671925067907 -0.011135101318359373 0.046188354492187507 0.080230712890625014 0.036178588867187507 0.093250002712011351 0.0031499862670898442 1.0000000180025095e-35 0.036249998956918723 -0.035537719726562493 0.1944760084152222 0.031135559082031253 0.45843039453029638 -0.050399780273437493 0.086944580078125014 0.41292415559291845 -0.030296325683593747 0.18670654296875003 -0.036972045898437493 -0.094390869140624986 0.10837652906775476 0.024249999783933166 -0.040115356445312493 -0.072723388671874986 0.021842956542968753 -0.062057495117187493 -0.012493133544921873 0.018028259277343753 0.91435948014259349 -0.10110473632812499 -0.011798858642578123 -0.027595520019531247 0.40027505159378057 -0.016883850097656247 0.096705060452222838 0.041427612304687507 -0.11471557617187499 0.093414306640625014 0.054977416992187507 0.0015110969543457033 -0.085357666015624986 -0.083953857421874986 1.0000000180025095e-35 -0.016365051269531247 0.12063598632812501 -0.0037260055541992183 0.0048122406005859384 -0.063079833984374986 -0.070098876953124986 0.88494509458541881 1.0950251221656802 0.064544677734375014 0.076873779296875014 0.81452512741088878 2.8327535390853886 0.53903713822364818 0.057601928710937507
decision_type=2 2 2 2 2 2 2 2 2 2 2 2 2 2 2 2 2 2 2 2 2 2 2 2 2 2 2 2 2 2 2 2 2 2 2 2 2 2 2 2 2 2 2 2 2 2 2 2 2 2 2 2 2 2 2 2 2 2 2 2 2 2
left_child=1 2 5 6 8 55 16 10 11 18 30 36 23 -8 21 40 31 -4 41 20 -20 37 25 -6 -15 -12 -14 -17 -9 50 -5 -2 44 46 35 -19 53 -10 -26 -30 -13 -7 -36 -25 -33 -41 -27 -29 -32 -40 -16 -46 -49 -3 -22 60 57 -28 -47 -60 -1 -23
right_child=3 4 17 7 12 9 13 28 14 -11 22 15 26 24 29 27 -18 34 19 -21 54 61 -24 43 38 33 56 47 39 -31 48 32 -34 -35 42 -37 -38 -39 49 45 -42 -43 -44 -45 51 58 -48 52 -50 -51 -52 -53 -54 -55 -56 -57 -58 -59 59 -61 -62 -63
leaf_value=-0.042576858100170811 0.0034830393469932942 0.01817933672534857 -0.066352455332552449 0.029106536123797412 -0.01693052789697367 0.048155113006836052 0.027426938266833657 0.013380415748222791 -0.030950887325304405 -0.04312339210609388 -0.012136856693191474 -0.014352543021952425 0.014690743047783061 -0.0085297017347278035 -0.01568475107408342 0.012202288596007037 0.0063496912740734004 0.035100604410387724 -0.0050601615218151723 0.029482153930455647 -0.048022093978343533 0.011790594054840575 -0.037873853632539214 -0.037147947012334363 0.018084607857330955 0.023564801540824298 -0.014979608064286876 0.0068245562415112804 0.0058339013252385087 -0.0083379416309610887 0.011698310148578556 -0.019990490696485511 0.0030960782217803267 -0.0094377047090212791 -0.049785565835890007 -0.044058097128409003 0.013911586930913553 -0.0049764539058141655 0.0062453644128122408 0.006086180010429449 -0.046917887447316287 0.0047360677844964011 0.0028127690506050428 -0.015423042963905925 -0.017554173787113672 0.036566389803545776 0.010112439766942238 0.014314343841821387 0.021923222820275 -0.050312963658908319 -0.032856160633535081 0.0060833444927512123 -0.011636525608851162 -0.0052201395116322916 -0.02146205545413004 -0.021179981715211751 -0.053526713728842171 0.006286993895712488 0.0042549459940560341 0.035233726058927363 -0.066249525246482296 -0.010333566085370123
leaf_weight=1312.5202077329159 1695.2912295758724 484.76950795948505 1814.2416463047266 2690.090955927968 2856.2252225726843 151.43068416416645 2085.608800381422 1339.8483923524618 745.2609491199255 756.89121390879154 803.42463417351246 1511.5966996103525 555.09269458055496 1239.0558661818504 1168.7830009311438 1949.8118531852961 3212.7430909126997 104.7644030302763 1570.8053267896175 250.23564429581165 468.76027525961399 1563.4114636182785 196.29095590114594 2746.9520471543074 2965.9103854894638 1511.8291765004396 3071.4890496432781 1348.7700331509113 412.67411059141159 1555.1238833069801 5011.258077993989 3906.0465097278357 1193.4151282161474 796.56770683825016 1790.328962802887 123.67245984077454 5047.307375639677 984.65983353555202 3947.6253778487444 324.43226523697376 293.34870655834675 1284.190314412117 96.308642208576202 666.58418326079845 711.58851580321789 5291.7630276829004 9592.7881300896406 349.08301545679569 3999.1592386960983 72.619157984852791 2035.5860353708267 802.49167104065418 2913.5643244832754 1767.4684261977673 791.26223030686378 306.74721816182137 119.83650894463062 524.03790967166424 517.68681679666042 727.39832797646523 498.33381938934326 551.33630041778088
leaf_count=5323 7130 2047 7318 11630 11810 655 9052 5797 3070 3077 3347 6279 2332 5232 4815 8201 13505 441 6537 1062 1902 6513 803 11284 12613 6471 12717 5668 1746 6424 21384 16124 5004 3345 7226 501 21321 4080 16673 1386 1207 5350 401 2769 2944 23121 40692 1469 17290 297 8358 3344 12159 7428 3254 1249 488 2181 2247 3168 2009 2283
internal_value=-1.00778e-05 -0.0139357 -0.03233 0.0116598 -0.00795304 -0.0209531 0.00300236 0.0173502 -0.00309344 -0.0112549 0.0135175 0.00245241 -0.0191414 0.0117597 -0.01319 -0.00375372 -0.00483505 -0.0537195 -0.00590612 -0.0130137 -0.0167793 -0.00396935 0.00836338 -0.0256351 0.00778423 0.00908069 -0.00960383 0.000626579 0.0282936 -0.0206359 0.0191992 -0.00916005 -0.012401 0.0105139 -0.0428572 -0.00776003 0.00956494 -0.0161778 0.0106785 0.0310383 -0.0196683 0.00934628 -0.0471005 -0.0329113 -0.0158131 0.0325532 0.0119459 -0.00426948 0.0162384 0.00521147 -0.0265998 -0.00503009 -0.00885641 -0.000177826 -0.0313733 -0.0450884 -0.0132365 -0.0118792 0.0338656 0.022367 -0.0491244 0.00602044
internal_weight=101178 46130.6 11320.5 55047.6 34810.1 7391.18 21832.4 33215.2 24269.9 5273.58 24601.4 15665.7 10540.2 10310.8 8604.16 8366.17 11521.6 3929.32 4516.68 3081.06 2830.83 3844.67 12900.9 6269.76 8225.21 12704.6 4270.46 6561.23 8613.8 4759.49 11700.5 8308.83 6613.54 11901.2 2115.07 228.437 7299.55 1729.92 6986.15 7273.95 1804.95 1435.62 1886.64 3413.54 5420.13 6861.28 11104.6 4611.42 9010.42 4020.24 3204.37 1514.08 3262.65 2252.24 1260.02 2117.6 3715.36 3595.53 6536.85 1245.09 1810.85 2114.75
internal_count=425553 191208 46305 234345 144903 30418 91918 142427 101322 21837 104962 65779 43581 43867 35543 34983 48051 15887 18760 12755 11693 15946 54658 25863 34815 53855 17718 27497 37465 19597 50304 34546 27416 50508 8569 942 30796 7150 29583 31668 7486 6005 7627 14053 22412 29922 47163 19296 38674 16970 13173 6288 13628 9475 5156 8581 15386 14898 28536 5415 7332 8796
is_linear=0
shrinkage=0.05


Tree=10
num_leaves=63
num_cat=0
split_feature=2 2 2 5 5 201 225 166 27 184 260 1 207 225 32 188 2 114 144 98 227 182 1 184 103 61 2 106 144 75 5 225 2 61 61 213 1 22 254 91 23 5 78 144 256 1 157 241 7 78 22 234 157 188 234 232 225 2 106 179 2 106
split_gain=6010.88 1807.26 1032.76 976.428 686.151 562.568 408.402 376.768 369.948 363.77 332.281 310.547 230.066 227.789 209.228 194.675 152.578 151.071 150.496 149.113 147.17 180.578 145.517 142.554 141.749 140.991 135.735 133.87 132.038 152.988 131.747 128.656 127.529 116.28 114.332 112.447 112.065 104.61 103.373 103.073 102.292 101.518 101.399 99.9683 99.2107 98.7148 97.0883 92.7691 92.0696 91.8071 90.3529 88.0021 86.1545 84.7959 83.987 83.9468 83.1668 82.8709 82.4355 81.8884 81.6962 80.9617
threshold=2.1116325855255131 1.2270444035530093 2.545224785804749 0.075000001117587103 0.075000001117587103 -0.019325256347656247 0.024650573730468753 -0.031166076660156247 0.048141479492187507 0.018531799316406253 -0.058670043945312493 -85499999.999999985 -0.036849975585937493 0.0021829605102539067 0.033584594726562507 -0.047134399414062493 1.0692129135131838 -0.095794677734374986 -0.077484130859374986 -0.00067615509033203114 0.040939331054687507 -0.063201904296874986 -49499999.999999993 0.015270233154296877 -0.0061321258544921866 0.040634155273437507 0.53903713822364818 -0.036300659179687493 -0.042129516601562493 -0.027427673339843747 0.12500000372529033 -0.0026636123657226558 0.9337160885334016 0.071563720703125014 0.053848266601562507 -0.039749145507812493 -58499999.999999993 0.013401031494140627 -0.12603759765624997 -0.071136474609374986 0.025413513183593753 0.12500000372529033 0.038131713867187507 0.074249267578125014 0.021202087402343753 -199499999.99999997 -0.012264251708984373 0.0059909820556640634 -0.078094482421874986 -0.026588439941406247 0.028739929199218753 -0.090362548828124986 0.10629272460937501 -0.054214477539062493 -0.093963623046874986 0.012081146240234377 -0.010822296142578123 -0.12824409455060956 0.076690673828125014 -0.0018935203552246092 0.97507533431053173 0.061813354492187507
decision_type=2 2 2 2 2 2 2 2 2 2 2 2 2 2 2 2 2 2 2 2 2 2 2 2 2 2 2 2 2 2 2 2 2 2 2 2 2 2 2 2 2 2 2 2 2 2 2 2 2 2 2 2 2 2 2 2 2 2 2 2 2 2
left_child=1 3 5 6 10 14 15 18 9 12 23 17 -6 30 24 -1 26 -7 -4 -11 21 -12 27 49 37 41 48 -14 29 -15 45 53 -28 59 -20 -13 -10 56 -29 -27 -21 -19 44 -26 -25 -9 -43 55 -17 -3 58 -18 -53 -5 -33 -23 -2 -50 -40 -30 -55 -31
right_child=2 4 7 31 8 11 -8 13 36 19 20 35 22 28 -16 16 51 25 34 40 -22 47 -24 42 43 39 32 38 33 61 -32 54 -34 -35 -36 -37 -38 -39 50 -41 -42 46 -44 -45 -46 -47 -48 -49 57 -51 -52 52 -54 60 -56 -57 -58 -59 -60 -61 -62 -63
leaf_value=-0.036405813307126854 -0.0014937633821389719 -0.0061770157308981364 0.036024696218976679 -0.061870969497815502 -0.0058379067380047948 -0.0092232814334416054 -0.043215667777692035 0.017001861572855895 -0.0013853232351385266 0.0039058484438432746 0.016939789806013624 0.0351652768493445 -0.0097579477768928412 0.024765199117582237 0.0062248239995896151 -0.045755231981559619 0.040325486256203524 0.016442443970463724 0.024904613065054596 -0.021713103186145347 0.016023645801267992 0.0082664337748233532 -0.01027039430739532 -0.0049243995204759656 0.0017419429368497612 -0.05005239195298649 -0.046215225834895783 -0.061521295920151015 4.8915692463091074e-05 0.013805247490504512 0.012285595405190825 -0.031367304846683534 -0.011201885795767454 -0.016707261094654768 0.0062508790116238069 0.01562069147676149 0.027964235503664833 0.0014621006962510794 -0.028751444564878766 -0.00042416054625514987 -0.0048125655388242799 0.014900475229856401 -0.017116697164631291 -0.041150213875646553 0.016395914671960672 0.029272607473175505 -0.0072857288415691356 -0.0098990063218803923 -0.021986906218233838 -0.023961233480742233 -0.016348138460550925 -0.0077013788041909795 0.034883695905779694 -0.044883047198747229 -0.061011283816559438 -0.0097493459671300058 -0.020326049013280029 -0.0030295308579739969 -0.042907365964122882 0.011865485876551604 -0.020521774593346215 -0.001968455665678024
leaf_weight=839.04102130234241 700.19817169010639 1216.7688661664724 2658.9221294224262 344.44990800321102 1635.1403078883886 1369.3195719122887 1489.4886784255505 3107.3638325333595 2437.9883284568787 2008.2661920934916 1591.1399915963411 1369.4310578554869 792.23587086796761 2256.4354457557201 3083.8008807450533 165.03085760772228 170.16580468416214 4422.109547406435 4586.3016695082188 1758.5459349751472 2594.5374939888716 2332.8649124950171 1198.9064226150513 1310.7101287394762 2819.5937833487988 110.23354795575142 564.05995480716228 275.72196100652218 2748.8403983265162 2241.4736733287573 4365.4290231615305 273.61449672281742 483.35841207206249 601.70246590673923 1001.6032778322697 1595.9328101277351 374.29884895682335 901.58593471348286 3492.6198098957539 1760.9152953773737 1824.3527476191521 905.48760809004307 765.42126986384392 141.7197203785181 933.39538408815861 3482.6833445727825 1080.3936905413866 2279.1936531066895 756.22770844399929 1800.3198288530111 985.8621914088726 607.46134532988071 146.5753702968359 780.01000514626503 2087.8962981104851 893.46186803281307 3606.7431063354015 2416.9317060410976 1467.3872315585613 3141.0335133373737 620.53995096683502 1276.2395807653666
leaf_count=3425 2941 5037 11715 1389 6803 5768 6039 13306 10116 8383 6747 5998 3262 9718 12987 671 723 18809 19932 7255 11004 9830 4974 5439 11789 456 2284 1112 11697 9561 18767 1112 2009 2537 4342 6926 1583 3778 14305 7440 7558 3843 3173 576 3916 15219 4548 9547 3080 7411 4057 2516 619 3146 8413 3757 14842 10048 5982 13419 2534 5417
internal_value=1.5901e-05 -0.0134007 0.0110998 -0.0303072 -0.0075546 0.00325626 -0.0197323 0.0170485 -0.0141489 -0.0171869 0.000103024 0.0105065 -0.0229696 0.013787 -0.00487054 -0.0140376 -0.0104969 0.00615593 0.0262293 -0.00699943 0.00583574 0.00210931 -0.0263793 -0.009115 -0.00905887 0.00870037 -0.0143872 -0.029131 0.00910563 0.0146056 0.019027 -0.0499677 -0.0300835 0.004212 0.0215627 0.0246554 0.00252948 -0.0140241 -0.031596 -0.00337304 -0.0131114 0.0122258 -0.00141428 -0.000323947 0.00394676 0.0234901 0.00283276 -0.00217911 -0.00945471 -0.0167934 -0.0301982 0.00795969 0.000611868 -0.0396234 -0.0575913 0.00327588 -0.0172655 -0.00755296 -0.0329472 0.00635156 -0.0341117 0.00808356
internal_weight=101049 45714 55335.5 11744.9 33969.1 23867.5 7638.34 31468 18251.3 15439 15717.8 12613.8 9847.87 23221.2 11253.6 6148.85 5309.81 9648.46 8246.83 5591.16 9691.2 7096.66 8212.73 6026.62 8169.84 8279.14 4385.61 7013.83 12265.7 5774.15 10955.5 4106.51 1047.42 6491.58 5587.9 2965.36 2812.29 5208.53 6221.59 1871.15 3582.9 6407.99 3009.53 2961.31 2244.11 6590.05 1985.88 5505.52 3338.19 3017.09 5945.87 924.203 754.037 1745 2361.51 3226.33 4306.94 3173.16 4960.01 5889.87 1400.55 3517.71
internal_count=425590 189259 236331 48008 141251 100701 31414 135630 75390 63691 65861 53788 40495 99641 46913 25375 21950 40864 35989 23196 40885 29881 33692 24976 33926 35096 18092 28718 52349 24696 47292 16594 4293 27653 24274 12924 11699 21561 25456 7896 14813 27200 12528 12365 9355 28525 8391 23134 13799 12448 24344 3858 3135 7069 9525 13587 17783 13128 20287 25116 5680 14978
is_linear=0
shrinkage=0.05


Tree=11
num_leaves=63
num_cat=0
split_feature=2 2 9 225 1 141 201 183 201 241 32 21 2 254 106 225 234 1 21 141 2 136 2 77 234 1 184 166 165 141 14 72 9 175 175 2 201 1 141 225 199 253 234 2 95 230 57 183 189 226 225 155 2 189 53 56 211 156 110 227 2 225
split_gain=5495.78 2116.91 841.993 684.519 502.875 490.431 545.878 358.447 288.042 282.885 272.304 258.616 219.071 216.214 203.084 161.206 157.985 157.43 155.193 154.533 152.531 144.035 143.569 141.458 135.244 134.306 128.794 126.773 126.52 122.437 113.844 105.896 103.135 102.911 100.479 97.6333 97.5103 96.3653 100.054 94.5469 93.685 93.1671 93.6907 88.9364 97.5217 88.9315 88.6031 88.1453 87.5583 84.6912 84.4463 80.7895 80.3307 77.7829 76.7869 75.5012 70.2787 68.4609 82.9719 68.2866 78.0043 67.7545
threshold=2.3450306653976445 1.2270444035530093 -0.060897827148437493 0.0038442611694335942 -165499999.99999997 -0.025978088378906247 -0.021141052246093747 -0.046524047851562493 -0.051284790039062493 -0.020317077636718747 0.027946472167968753 0.095855712890625014 2.6635866165161137 -0.12603759765624997 0.059677124023437507 0.0027341842651367192 -0.083770751953124986 -189499999.99999997 -0.11978149414062499 -0.014247894287109373 1.9144493937492373 -0.0083732604980468733 1.9224792718887331 -0.10507202148437499 -0.023246765136718747 -233499999.99999997 0.017845153808593753 -0.044326782226562493 0.053359985351562507 -0.048690795898437493 -0.017860412597656247 0.037521362304687507 -0.062240600585937493 0.18670654296875003 0.13323974609375003 2.6553853750228886 -0.067962646484374986 -31499999.999999996 0.029853820800781253 0.036849975585937507 -0.010974884033203123 -0.055679321289062493 -0.10519409179687499 1.4556125998497011 -0.027153015136718747 0.043746948242187507 0.072296142578125014 -0.0052204132080078116 -0.028388977050781247 0.077789306640625014 0.014636993408203127 0.050033569335937507 0.9337160885334016 0.020347595214843753 0.016609191894531253 0.038772583007812507 -0.086761474609374986 -0.052108764648437493 0.013751983642578127 0.057113647460937507 1.7630303502082827 0.024650573730468753
decision_type=2 2 2 2 2 2 2 2 2 2 2 2 2 2 2 2 2 2 2 2 2 2 2 2 2 2 2 2 2 2 2 2 2 2 2 2 2 2 2 2 2 2 2 2 2 2 2 2 2 2 2 2 2 2 2 2 2 2 2 2 2 2
left_child=1 3 10 7 12 25 13 18 35 17 15 19 28 22 37 -3 39 48 -1 46 30 33 -7 -10 47 59 41 -25 34 -18 -11 -20 -29 -14 36 -6 -2 38 -15 -5 -22 -17 -43 44 -27 55 -9 -21 -8 54 -16 -23 -13 -19 -34 -12 -55 -38 61 60 -4 -59
right_child=4 2 5 16 8 6 9 11 23 20 45 52 21 14 50 26 29 53 31 24 40 51 -24 27 -26 43 -28 32 -30 -31 -32 -33 49 -35 -36 -37 57 -39 -40 -41 -42 42 -44 -45 -46 -47 -48 -49 -50 -51 -52 -53 -54 56 -56 -57 -58 58 -60 -61 -62 -63
leaf_value=0.043412928385724102 -0.01089499925819558 -0.0081967815552797287 -0.011223011451759924 -0.0068350381011624472 -0.00069132093804744141 -0.064534563119757263 0.013253622632022861 -0.026091550176244684 0.0022820457248929221 -0.00018941965028010298 0.005974517032350482 -0.025320634544549504 0.0089144678680723646 -0.0015855366970620904 -0.013329424581143593 -0.015854312411617701 -0.035141920915889795 0.024907035314673868 -0.00087144854396375277 -0.014498965407402344 0.01005322290436729 0.014437503914875105 -0.0082729293910718087 0.033694538183262714 -0.050391079139262912 0.013113380555486956 -0.0134204147737099 0.013360334463530247 0.01356445576049839 -0.055151423337136588 -0.021546426762800025 -0.030491277646484974 0.029684883541233043 -0.034943913970480134 -0.039894895572931376 0.014780174355835063 -0.0090774740844812626 0.014058494345828313 -0.014954839313802735 -0.038984781723816975 -0.0060171904867462322 -0.0068999811919778055 -0.032755708084723792 0.015753271356950965 -0.023151065325217889 -0.017988775239031141 -0.0041231493964849078 -0.042004664148412627 -0.0047243178660447901 -0.0063981559829112055 -0.029220226229336805 0.025973346953041144 0.033668776672497097 0.030412814967382292 0.01833331961071466 -0.013297114642698397 -0.00041556016047986739 0.0072863676875470351 0.014425008546794472 0.011237245996660756 0.0039961661033518694 -0.0087037630139996103
leaf_weight=169.51894594728947 1429.687256231904 2690.4619590044022 1315.8864208459854 387.41745334863663 1616.8717536777258 333.03623989224434 1094.0030156224966 1785.348080098629 721.74117392301559 968.64480677247047 2082.9809362888336 76.998239174485207 7316.9127547442913 2759.7160048186779 1582.3880318552256 1503.4749251157045 1123.2807276695967 1821.0569086074829 1662.003409832716 671.1646628677845 1745.2451881617308 4795.8694051653147 172.1565747410059 3181.7105515003204 1186.3900046497583 424.39044986665249 2782.1942089647055 2472.5051065832376 2197.4948676228523 2447.2140666097403 1752.6927304714918 367.71377585828304 4789.8011082857847 135.27629199624062 154.72536835074425 2759.5035335868597 869.66694536805153 523.01080429553986 2838.7644197940826 558.90273106098175 1885.8108411431313 386.49771121144295 3811.5392952263355 4963.5150971859694 327.60358102619648 764.62965838611126 618.2529584467411 515.89052699506283 1774.3776320666075 205.4520072042942 1778.7395798116922 2224.4838715493679 222.36019021272659 246.67759363353252 2172.2739848345518 671.151456579566 728.89477415382862 1605.1195096969604 1839.8924370408058 1479.7349182516336 2333.4484795928001 1126.5846628397703
leaf_count=735 5955 11251 5480 1597 6817 1350 4617 7290 3134 4061 8696 314 31252 11466 6571 6157 4554 7787 6877 2750 7403 20644 709 14154 4789 1784 11505 10714 9371 9876 7260 1498 21053 551 638 11875 3673 2200 11750 2258 7931 1600 15606 20908 1367 3169 2552 2100 7440 884 7285 9719 949 1056 9466 2801 3080 6844 7820 6235 9772 4730
internal_value=-3.05744e-05 -0.00980067 -0.00509685 -0.0287627 0.0138995 -0.000646618 -0.00493537 -0.0192667 0.0202197 0.00224399 -0.0150457 -0.0265703 0.0091191 -0.013573 -0.0118719 -0.0188652 -0.044051 0.0103665 -0.00240386 -0.0293955 -0.00500007 0.0129568 -0.0454163 0.0238232 -0.0384475 0.00805553 -0.0222471 0.0250355 0.00309636 -0.048868 -0.0139474 -0.0062499 0.0221744 0.00811374 -0.000179317 0.00906531 0.000720704 -0.00644813 -0.00836603 -0.025844 0.0017076 -0.0265512 -0.0303775 0.013326 -0.00269486 -0.00291487 -0.0204449 -0.0264782 0.00213471 0.0252125 -0.0217452 0.018096 0.0184623 0.0188057 0.0261462 0.00127511 0.00740269 0.00377416 0.00622041 0.00218102 -0.00149317 0.000691091
internal_weight=100951 59335.2 47542.7 11792.5 41615.6 32849.8 22005.2 7275.64 17919.9 12017.4 14692.9 5076.4 23695.7 9987.81 9482.62 11174.2 4516.81 5665.01 2199.24 4777.05 6352.39 14472.5 505.193 13543.5 2373.45 10844.6 8483.71 12821.7 9223.17 3570.49 2721.34 2029.72 9640.03 7452.19 7025.68 4376.38 6870.95 6121.49 5598.48 946.32 3631.06 5701.51 4198.04 5715.51 751.994 3518.76 2403.6 1187.06 2868.38 7167.53 3361.13 7020.35 299.358 2796.63 6962.08 2754.13 975.572 5441.26 4571.6 5129.07 3649.33 2731.7
internal_count=425730 246436 198297 48139 179294 137512 91966 29854 78097 50635 60785 20744 101197 41331 39272 46119 18285 23980 9110 19481 26655 62166 2059 59405 9639 45546 34868 56271 39031 14430 11321 8375 42117 31803 29660 18692 29022 25416 23216 3855 15334 23363 17206 24059 3151 14666 9842 4850 12057 31403 13856 30363 1263 11923 30519 11497 4136 23067 19394 21487 15252 11574
is_linear=0
shrinkage=0.05


Tree=12
num_leaves=63
num_cat=0
split_feature=6 201 6 0 32 6 190 61 203 144 0 259 169 30 144 5 6 229 259 144 143 190 139 245 218 155 260 49 210 207 120 123 193 96 201 6 234 260 259 144 6 6 6 6 80 207 5 151 202 14 91 11 260 202 6 201 51 123 256 122 51 143
split_gain=1220.57 1000.18 677.853 507.672 453.294 363.883 353.278 240.127 218.978 206.342 194.613 170.423 167.289 166.721 186.215 158.986 159.157 136.51 127.505 126.013 115.918 115.645 106.554 105.5 102.193 102.146 98.9757 96.4048 95.8975 92.8021 139.741 91.9984 88.4122 87.3259 87.3227 87.3219 86.2747 86.1433 86.031 84.4206 81.7915 97.4281 89.241 133.224 78.3442 77.325 79.6973 76.4388 72.6784 72.3227 80.1749 71.9929 71.6611 80.4461 69.937 67.623 66.8034 70.0071 64.288 63.1383 61.881 61.4934
threshold=0.63499999046325695 -0.011699676513671873 0.22500000149011615 0.071250002831220641 0.033584594726562507 0.94499999284744274 0.040786743164062507 0.031356811523437507 -0.069427490234374986 -0.095855712890624986 0.081250000745058074 0.12283325195312501 -0.081024169921874986 0.069671630859375014 0.031211853027343753 0.075000001117587103 0.89499998092651378 0.020301818847656253 1.0000000180025095e-35 0.052871704101562507 -0.030448913574218747 -0.0066356658935546866 -0.018913269042968747 -0.052261352539062493 -0.010875701904296873 0.00059533119201660167 -0.051620483398437493 0.10580444335937501 -0.070770263671874986 -0.0029096603393554683 -0.011730194091796873 0.058242797851562507 -0.10043334960937499 -0.042037963867187493 -0.051284790039062493 0.56499999761581432 -0.065948486328124986 -0.029350280761718747 0.047439575195312507 0.083648681640625014 0.31499999761581426 0.30500000715255743 0.50499999523162853 0.42499999701976782 -0.038894653320312493 -0.026054382324218747 1.0000000180025095e-35 0.0055446624755859384 0.061935424804687507 -0.022727966308593747 -0.062591552734374986 -0.044692993164062493 -0.043991088867187493 0.089385986328125014 0.70499998331069957 -0.035995483398437493 0.040084838867187507 0.027732849121093753 0.0018782615661621096 0.046768188476562507 -0.0045719146728515616 -0.023033142089843747
decision_type=2 2 2 2 2 2 2 2 2 2 2 2 2 2 2 2 2 2 2 2 2 2 2 2 2 2 2 2 2 2 2 2 2 2 2 2 2 2 2 2 2 2 2 2 2 2 2 2 2 2 2 2 2 2 2 2 2 2 2 2 2 2
left_child=2 4 33 9 5 6 8 15 25 48 18 12 17 20 -15 44 36 60 58 27 52 26 35 -16 -18 -2 -11 -9 -14 54 -31 61 -22 -1 -24 -4 -17 -21 56 -7 41 -36 43 -42 -5 -34 -47 -29 -3 -30 -51 -52 -6 -54 -23 -35 57 59 -8 -12 -10 -19
right_child=1 3 22 7 13 39 10 19 11 21 38 -13 28 14 23 16 24 31 -20 37 32 29 34 -25 -26 -27 -28 47 49 30 -32 -33 45 55 40 -37 -38 -39 -40 -41 42 -43 -44 -45 -46 46 -48 -49 -50 50 51 -53 53 -55 -56 -57 -58 -59 -60 -61 -62 -63
leaf_value=-0.0090623055505470833 -0.0090434655871305444 0.032805895655798549 -0.044413429833358664 0.0014213511702050219 0.002803569200189219 0.010317239867772325 0.0069186109515952058 0.0019267584709861515 -0.016268798829610655 -0.01393780042187992 -0.01704572760820032 -0.04768431945285885 -0.022502486536594472 0.0024989997124810802 -0.064959392323473183 0.0066852666167126961 -0.0023866827173375607 -0.019484381970267139 -0.0018301404770376456 -0.042151258111931766 0.0149396242027775 -0.0081452853661173504 -0.038747396869198342 -0.010884687998179881 0.015200632966221301 0.013058038773986159 0.0081889645548900505 -0.019821760593757162 0.0015819912798662615 0.020484325916512728 0.0045867734307700105 -0.00057474832061763556 0.00629775617186739 -0.043057363826519555 -0.0086087537308614532 -0.023620311163361919 -0.0063201037077637969 -0.010617533623028424 -0.018531252416429292 -0.036645529318715002 -0.019563235738880726 0.060194040508780869 -0.014554964238178141 -0.0601357281121103 0.01280028006929464 0.01110699216975667 -0.008990226780558136 0.00040853188798446386 0.0069318960075365615 0.0033014311422351152 0.00017410351429801934 -0.015136267323117259 0.011341114504578802 0.029449885697560647 0.021804182307322284 0.010382315937637495 0.0062333693251295638 0.0040165027623808771 0.023126212442372673 0.0018737669830224809 -0.0047013874866631208 -0.030787767811041457
leaf_weight=1199.1566786319017 911.69214367866516 1805.1851655840874 1416.4418134838343 1872.5915029793978 1886.3260430246592 3427.7907603979111 1192.1031510531902 4676.0724460929632 2439.4474940598011 617.69316458702087 1645.9589161723852 352.06584738194942 965.99292361736298 550.26895350217819 223.09092603623867 1720.4098263829947 1192.0260639190674 2733.0736958086491 1971.5643662959337 325.80052228271961 1025.9690957963467 204.14320929348469 679.80056005716324 151.75298817455769 2686.8545861393213 1222.8475608378649 2759.9402752071619 1117.850926220417 2329.4484923481941 2247.4837465584278 3590.3565334230661 438.43175715208054 2228.4970207959414 60.401631414890289 487.73011137545109 790.96079979836941 4919.2875831276178 645.11763891577721 1153.2145365029573 97.479521289467812 513.35455426573753 56.508008733391762 1237.574237704277 334.62735666334629 7874.9540922492743 592.42397020757198 2925.4910462349653 801.28739123046398 320.12941800057888 1085.9550240188837 979.81689566373825 3547.3185273259878 3504.5117161720991 743.28368286788464 4108.2115547209978 1668.2443644702435 1318.9464276582003 982.16518519818783 1258.568163216114 601.96784241497517 2199.1830609440804 2162.9917341470718
leaf_count=4941 3791 7990 5729 7935 7895 14644 5030 19875 10098 2629 6836 1444 4023 2323 910 7297 5103 11246 8326 1331 4336 868 2757 634 11584 5153 11933 4657 9808 9825 15428 1828 9465 247 1982 3226 20636 2691 4792 404 2079 237 5051 1356 33580 2503 12331 3370 1397 4535 4118 14818 14868 3167 17961 6948 5524 4125 5387 2512 9148 8933
internal_value=4.91089e-05 0.00171327 -0.0181448 0.00722868 -0.00319653 -0.00622354 -0.00792884 0.00317696 -0.0115739 0.0144322 -0.000235312 -0.0132601 -0.0126157 0.00446695 -0.016026 0.00601459 0.00175112 -0.0170637 0.00763549 -0.00442354 0.00593697 0.0121551 -0.0284628 -0.0431548 0.00979662 0.00361836 0.00413955 -0.00194631 -0.00763475 0.0148217 0.0107096 -0.0225188 0.00142686 0.00130109 -0.0227748 -0.0369769 -0.00294979 -0.0212314 -0.00633958 0.00900862 -0.0186327 -0.00136769 -0.0231353 -0.0356258 0.0106147 -0.000987894 -0.00560362 -0.0113793 0.0289137 -0.00582389 -0.00889708 -0.0118233 0.0109153 0.014516 0.0203848 0.00849123 -0.00324551 -0.00711676 0.0152482 -0.0119807 -0.0107869 -0.0244833
internal_weight=100780 92335 8444.8 43485.4 48849.6 35018 31492.8 27832.3 21368.3 15653.1 10124.5 19233.7 18881.7 13831.6 925.113 20266.1 10518.6 9973.13 4422.24 7566.13 12906.5 13527.8 5517 374.844 3878.88 2134.54 3377.63 6595.21 8908.53 10150.2 5837.84 5334.5 6772.38 2927.8 3309.59 2207.4 6639.7 970.918 5702.25 3525.27 2629.79 544.238 2085.56 847.982 9747.55 5746.41 3517.92 1919.14 2125.31 7942.54 5613.09 4527.14 6134.12 4247.8 4312.35 1728.65 4549.04 3230.09 2450.67 2247.93 4638.63 4896.07
internal_count=425598 391045 34553 186090 204955 146523 131475 118059 88943 68031 42532 79999 78555 58432 3867 86135 44620 41253 18743 31924 54565 58644 22417 1544 16687 8944 14562 27902 37302 44082 25253 22007 28635 12136 13462 8955 27933 4022 23789 15048 10705 2219 8486 3435 41515 24299 14834 8027 9387 33279 23471 18936 25930 18035 18829 7195 18997 13473 10417 9348 19246 20179
is_linear=0
shrinkage=0.05


Tree=13
num_leaves=63
num_cat=0
split_feature=3 3 0 61 3 213 106 45 80 207 103 80 226 103 108 182 158 179 150 77 253 158 215 3 260 117 28 114 169 199 157 3 180 106 62 169 106 38 260 240 80 151 3 82 58 212 80 14 186 210 182 0 80 165 88 150 245 253 39 207 164 134
split_gain=1922.71 972.333 637.575 601.788 433.702 368.752 273.192 240.834 211.458 199.383 185.948 182.269 176.118 165.479 149.621 141.207 140.641 125.95 124.585 112.167 103.023 97.116 102.192 97.0924 94.6963 94.5231 92.9454 86.6541 81.2442 80.7331 79.983 79.3244 77.5169 77.1653 105.801 75.2803 73.1454 72.0159 73.0385 71.2843 70.3552 68.5644 67.739 69.4972 67.6433 65.9044 65.2299 64.9753 63.254 62.8797 61.7748 61.2549 60.9916 60.2 59.2606 59.0273 56.4431 56.3943 55.9911 55.846 55.2848 53.6759
threshold=0.18307726085186007 0.91858720779418956 0.044250000268220908 0.056777954101562507 0.056805245578289039 -0.014003753662109373 0.045669555664062507 -0.094757080078124986 -0.013111114501953123 -0.0095481872558593733 0.089752197265625014 0.0010657310485839846 0.11581420898437501 0.089752197265625014 0.053726196289062507 -0.020912170410156247 -0.014011383056640623 0.0049381256103515634 -0.0038175582885742183 -0.0069675445556640616 0.13751220703125003 0.052993774414062507 0.0047512054443359384 0.013127712067216636 -0.055801391601562493 0.056045532226562507 -0.020301818847656247 0.019859313964843753 -0.11129760742187499 -0.010974884033203123 -0.045028686523437493 0.95874175429344188 -0.012866973876953123 0.081939697265625014 0.022209167480468753 0.0040111541748046884 -0.018638610839843747 -0.076629638671874986 0.11776733398437501 0.012790679931640627 -0.051712036132812493 0.034866333007812507 0.40027505159378057 0.0078926086425781267 0.025764465332031253 0.045333862304687507 -0.064788818359374986 -0.079498291015624986 -0.030937194824218747 0.047317504882812507 -0.028923034667968747 0.028250000439584259 0.015769958496093753 0.077301025390625014 0.014553070068359377 0.056686401367187507 0.051712036132812507 0.020133972167968753 0.13165283203125003 -0.076019287109374986 -0.022285461425781247 0.10324096679687501
decision_type=2 2 2 2 2 2 2 2 2 2 2 2 2 2 2 2 2 2 2 2 2 2 2 2 2 2 2 2 2 2 2 2 2 2 2 2 2 2 2 2 2 2 2 2 2 2 2 2 2 2 2 2 2 2 2 2 2 2 2 2 2 2
left_child=4 2 7 5 23 11 12 -2 13 18 21 20 14 35 28 -12 26 19 -9 -10 29 22 39 -1 55 -15 -8 37 -7 57 -17 32 -3 42 45 -6 -14 -13 -39 46 -30 48 -11 60 51 -35 -5 50 -19 -43 -29 -25 -26 -45 -49 -18 -50 -4 -31 -20 -44 -23
right_child=1 31 3 10 8 6 16 9 17 33 15 27 36 25 -16 30 24 41 59 -21 -22 61 -24 44 52 -27 -28 47 40 58 -32 -33 -34 34 -36 -37 -38 38 -40 -41 -42 49 43 53 -46 -47 -48 54 56 -51 -52 -53 -54 -55 -56 -57 -58 -59 -60 -61 -62 -63
leaf_value=-0.053419426400284131 0.026941529630544615 -0.0055067526753742662 0.011813538713747199 -0.0314010534170674 -0.019907078366724996 -0.0051605356523637246 0.016951040547615922 0.024206144852844676 -0.0077990243137273166 0.000255086165824394 0.014082584069734365 -0.00693759850979693 -0.072142884381240155 -0.017624243336126961 0.012432263866497779 -0.0087930456846051445 -0.01217145468870286 0.0023082579792369782 0.025063331231038412 0.011378398355544354 -0.060650526863808535 -0.019609779016016727 -0.017523389234990978 -0.013495973656355824 -0.0084626451766171128 -0.061782270637669973 -0.0024195589274590762 0.017363106505803246 -0.0030048137274902662 -0.0008096338277003703 -0.048545737723315024 -0.025257428854526455 -0.020179535369148918 -0.01462199573722835 0.017126787258307585 -0.0043295990853050399 -0.013540700440350873 0.011006890146052507 -0.034114650327302355 -0.0067562078894745073 0.006446757475616887 0.0035007160056136823 0.0086988045605456178 0.0022123349530092772 -0.015891097573870347 0.015187109642986611 0.0086979688901837725 0.013696211966392161 -0.013283999658059046 -0.024205711277716365 -0.052197386329514317 -0.034500293508558613 0.0060950598356899234 0.023069893195293643 0.024860838732048449 -0.029711939977919363 -0.028773011120793349 -0.0024481967721926216 0.032072971839665967 0.0062373234717746492 0.024832130239781782 0.019115879958963397
leaf_weight=391.92752483487129 2613.5462338924408 1818.2482022494078 3477.6529144793749 106.60722549259663 3165.836294233799 3166.3701987564564 847.13506752252579 3190.1582216620445 1502.897154122591 1939.255252301693 140.65248465538025 634.69327433407307 99.709944844245911 191.07699531316757 4434.0883507877588 160.18119801580906 4122.1843803524971 482.90097600221634 478.60616783797741 1545.6268785893917 61.341530874371529 1794.6003483831882 1171.2988781630993 411.3729287981987 1873.6868224143982 335.37292066216469 2294.233531743288 62.417725443840027 2655.9542579054832 5633.3293496966362 610.52560472488403 1972.1606725156307 1783.6885940134525 1215.1702877730131 474.87750022113323 1028.0038884282112 114.20868745446205 8308.9369102120399 89.719911575317383 2274.5239021033049 7604.9815866947174 1137.7308176755905 931.53399132192135 2081.9347670227289 972.56761519610882 217.93407806754112 1770.3215992152691 2822.0801951289177 2386.3812492191792 248.68588626384735 63.52244870364666 2283.8987522721291 1166.7085616439581 413.9540089070797 2059.9321480840445 542.61328835785389 781.5970154851675 865.26056881248951 131.5018575489521 2212.2321725040674 1238.9030055105686 93.402913987636566
leaf_count=1612 11576 7657 14711 440 13109 13256 3604 13894 6319 8275 592 2682 410 792 18917 670 17121 2043 2083 6529 251 7460 4897 1716 7865 1374 9654 267 11170 23689 2504 8264 7461 5122 2055 4295 473 35330 375 9515 32162 4773 3983 8906 4023 932 7493 12046 9979 1032 264 9386 4960 1804 8888 2246 3240 3648 557 9557 5323 394
internal_value=-0.000119984 0.00297887 0.00441598 0.00203786 -0.015523 0.00397556 0.000164452 0.0129801 -0.011007 0.0104435 -0.0106369 0.00852814 0.00392877 -0.0194152 0.0044699 -0.0319056 -0.0061084 -0.0060967 0.0175231 0.00192463 0.0034298 -0.00794472 -0.00448718 -0.0297619 -0.0097434 -0.0458187 0.00280786 0.01222 0.00183977 0.00382465 -0.0403058 -0.017196 -0.0127763 0.00555164 -0.00330417 -0.0160906 -0.0410644 0.00929358 0.0105209 -0.000805787 0.00400025 -0.0109506 0.0081097 0.0113732 -0.0272201 -0.0100815 0.00640489 0.0174957 -0.0145445 -0.00148294 -0.017857 -0.0313006 -0.00287617 0.00567951 0.0184112 -0.0142177 -0.0171133 0.00897219 -5.41145e-05 0.00959388 0.017915 -0.0176848
internal_weight=100702 83836.6 78262.5 61254.4 16865.9 53132.3 28921.9 17008.1 12806.1 14394.6 8122.11 24210.4 18075.3 4720.29 17861.4 911.359 10846.6 8085.82 5881 3048.52 10169.1 7210.75 5322.75 4059.77 7705.19 526.45 3141.37 14041.3 13427.3 10107.7 770.707 5574.1 3601.94 8513.56 1907.98 4193.84 213.919 9033.35 8398.66 4151.45 10260.9 5037.3 6605.58 4666.33 3667.84 1433.1 1876.93 5007.95 3650.88 1386.42 125.94 2695.27 3040.4 2495.89 4882.01 4664.8 3167.98 4342.91 5764.83 2690.84 2170.44 1888
internal_count=425625 355403 332021 258511 70222 224546 121838 73510 53485 61934 33965 102708 76388 19570 75505 3766 45450 33915 25534 12848 42856 30199 22345 16737 32192 2166 13258 59852 56588 42605 3174 23382 15118 36400 8109 17404 883 38387 35705 17448 43332 21067 28291 20016 15125 6054 7933 21465 15262 5805 531 11102 12825 10710 20934 19367 13219 18359 24246 11640 9306 7854
is_linear=0
shrinkage=0.05


Tree=14
num_leaves=63
num_cat=0
split_feature=4 201 4 9 141 129 199 117 260 129 170 4 144 260 260 132 175 104 207 25 120 148 110 40 40 135 52 254 139 203 136 123 69 61 4 123 260 206 30 77 138 32 51 72 148 107 22 69 30 135 98 78 68 117 144 61 37 4 202 204 61 21
split_gain=1064.47 873.365 508.97 434.674 397.792 347.953 266.66 245.667 220.974 215.815 209.808 169.419 142.445 136.959 129.978 127.16 122.292 116.971 111.984 118.289 105.401 102.276 101.114 95.8041 93.2876 90.7453 90.6295 89.1647 86.3831 85.4041 85.4031 84.8113 84.6404 84.2532 81.3304 81.2194 79.9814 79.1569 76.6616 85.8754 75.9497 86.7594 73.7446 70.8263 69.3235 69.2509 69.0042 68.3564 68.0898 67.3752 66.4008 64.4083 71.9202 63.7143 75.3138 61.8899 60.991 59.8125 57.969 57.5877 57.4508 57.2577
threshold=0.11136807873845102 -0.038681030273437493 0.90392893552780162 -0.073089599609374986 -0.046676635742187493 -0.080352783203124986 0.0034704208374023442 0.083282470703125014 -0.066925048828124986 0.0040836334228515634 -0.016929626464843747 0.029679208062589172 0.032272338867187507 -0.015708923339843747 -0.053695678710937493 -0.11068725585937499 0.13323974609375003 0.083038330078125014 -0.073089599609374986 0.023994445800781253 -0.057876586914062493 -0.0033597946166992183 -0.022254943847656247 -0.026664733886718747 0.033676147460937507 0.0058155059814453134 -0.017448425292968747 0.041641235351562507 -0.040542602539062493 -0.057449340820312493 -0.13946533203124997 0.0029039382934570317 0.039077758789062507 0.069000244140625014 0.83214688301086437 0.073333740234375014 -0.022239685058593747 0.081512451171875014 -0.091583251953124986 -0.099945068359374986 -0.064178466796874986 -0.059982299804687493 0.065826416015625014 0.0097007751464843767 -0.025413513183593747 0.036453247070312507 -0.029930114746093747 0.022636413574218753 0.050521850585937507 -0.075103759765624986 0.012729644775390627 -0.094329833984374986 0.051254272460937507 -0.0031042098999023433 1.0000000180025095e-35 0.0091514587402343767 -0.0020608901977539058 0.36617362499237066 -0.071624755859374986 -0.040603637695312493 0.069000244140625014 -0.084686279296874986
decision_type=2 2 2 2 2 2 2 2 2 2 2 2 2 2 2 2 2 2 2 2 2 2 2 2 2 2 2 2 2 2 2 2 2 2 2 2 2 2 2 2 2 2 2 2 2 2 2 2 2 2 2 2 2 2 2 2 2 2 2 2 2 2
left_child=11 4 3 14 25 12 10 8 15 24 40 -1 -5 23 21 -6 20 32 -10 51 58 31 -21 -12 -9 33 -23 30 59 50 -22 -3 53 34 -2 42 47 -14 -32 -40 41 -7 -31 -27 -25 -41 -15 -29 -19 -24 -17 -20 -53 -13 -55 -46 -11 -33 -8 -4 -42 -30
right_child=1 2 28 5 7 6 16 9 18 56 13 17 37 46 -16 29 -18 48 19 22 27 26 49 44 -26 43 -28 36 61 35 38 57 -34 -35 -36 -37 -38 -39 39 45 60 -43 -44 -45 55 -47 -48 -49 -50 -51 -52 52 -54 54 -56 -57 -58 -59 -60 -61 -62 -63
leaf_value=-0.033110840738010884 0.017149749500767152 -0.026514814213878121 -0.0043786375085406544 -7.1552256147673271e-05 -0.02424555444933249 0.032836674170465291 0.0010573668787079149 -0.024980378359505666 0.017477838276210418 -0.015667870370814217 0.010454726652725257 -0.010205250971580206 -0.031219427083472875 0.022385978948618133 0.0034322351921196857 0.017677969169279439 -0.019235346940742311 -0.0242071626492841 0.0094470080404186058 0.0041940527904983779 -0.020592037913702722 0.013517053326848808 -0.040033032808773954 -0.013825414203201179 -0.055829847709687977 -0.009139199390536458 -0.0065721823556475073 -0.013339125450165384 0.0066898450887290144 -0.014631485326462412 0.023974452321642126 -0.021767718910039674 -0.0014055551727752032 -0.013209063663220003 -0.0042244583817581541 0.0061300536269107862 0.0051591831939605953 0.0043430755823286177 -0.013052189843563981 0.0092395608384812627 0.016641826586615848 0.017169712217783444 -0.00036658294629107437 0.0095099930449690853 0.0079217357287193497 -0.0029453482708385742 0.010721732212178325 0.0050123635852329 -0.062208313076233139 -0.012960480158338198 -0.0054566096166006077 -0.0044831836193430924 0.0094391752855366023 -0.014176379409457894 -0.032765761863460224 -0.006694905549028002 0.01438060055883552 0.001701536414975156 0.017693802957270199 -0.032066929326531234 -0.0002278576062888481 -0.010759804918155438
leaf_weight=1199.3195751607418 2813.3553611636162 1053.5838035643101 255.94182692468166 1626.2645576298237 1670.1471011340618 1621.1600372940302 662.07600040733814 465.31958299875259 711.99122482538223 532.09894675016403 3502.3211397230625 4053.7241396009922 788.21071669459343 1954.5606624186039 4615.1352782249451 458.16253504157066 495.55610626935959 464.07636234164238 1588.478748947382 854.13758008182049 278.03079456090927 703.41407784819603 254.63803879916668 821.62386526167393 523.50908996164799 1255.2881277054548 2764.8717924356461 1698.9197828024626 570.69734121859074 6575.7207093685865 656.16604447364807 428.6049312800169 1660.4581324309111 316.00888261198997 528.23944352567196 620.9656275510788 2296.6562301516533 194.8893451243639 539.06506036221981 7966.389421671629 6714.2838524281979 1951.6587792783976 1050.8232723027468 855.03608921170235 1951.4008024781942 1365.4904672056437 3618.1228254288435 722.72686137259007 158.3308789730072 2307.4996852129698 954.88433292508125 4922.1237640380859 1141.9933490306139 1624.9191692024469 821.20601837337017 1150.318006426096 246.26103828847408 737.20100516080856 2505.2437926232815 707.91368997097015 545.67013742029667 2650.7686425298452
leaf_count=4982 11884 4392 1075 6919 6912 7158 2858 1914 3036 2222 14998 16943 3252 8420 19654 1924 2045 1945 6742 3595 1173 2994 1049 3471 2146 5248 11580 7146 2412 27151 2810 1792 6981 1312 2213 2596 9788 819 2285 34114 28822 8429 4375 3587 8326 5773 15498 3064 650 9623 3976 20712 4831 6817 3408 4863 1032 3103 10850 2940 2336 11098
internal_value=8.86081e-06 0.00171338 0.00521536 0.00647395 -0.00515587 0.00856851 0.00964392 -0.00789869 -0.00652409 -0.025862 0.0131761 -0.0154881 -0.00915749 0.00889214 -0.00280188 -0.011509 0.00525616 -0.0130781 -0.00172908 -0.002966 0.00590651 -0.00786013 -0.0107006 0.00444501 -0.0413527 0.00667399 -0.0024951 0.00420994 -0.011601 -0.00930481 0.00671384 -0.0162393 -0.0114816 0.0114367 0.0137707 -0.0112505 -0.00152434 -0.0241723 0.0074369 0.00633526 0.0183152 0.0242858 -0.0126663 -0.00158222 -0.000921091 0.00745648 0.0148161 -0.00786242 -0.0339584 -0.0156657 0.00205168 0.000487805 -0.0018602 -0.014055 -0.020428 0.00250053 -0.00615475 -0.00693812 0.0142177 -0.0247267 0.015374 -0.0076674
internal_weight=100744 90761.6 60114.9 55929.6 30646.7 45626.8 43017.4 24878.8 23111.6 1767.19 23831.1 9982.03 2609.36 12998.3 10302.8 11330.7 19186.3 8782.71 11780.9 11068.9 18690.8 5687.68 3416.28 7425.66 988.829 5767.93 3468.29 15523.4 4185.32 9660.56 10805.1 2219.39 8160.31 3657.6 3341.59 8247.51 4718.3 983.1 10527.1 9870.94 10832.8 3572.82 7626.54 2110.32 3923.34 9331.88 5572.68 2421.65 622.407 2562.14 1413.05 7652.6 6064.12 6499.85 2446.13 3101.72 778.36 1165.81 3167.32 963.856 7259.95 3221.47
internal_count=426063 384337 256257 238732 128080 195217 184227 103836 96522 7314 102321 41726 10990 55576 43515 46934 81906 36744 49588 46552 79861 23861 14267 31658 4060 24244 14574 66153 17525 40022 46155 9287 34149 15409 14097 34122 19998 4071 44982 42172 46745 15587 31526 8835 16660 39887 23918 10210 2595 10672 5900 32285 25543 27168 10225 13189 3254 4895 13708 4015 31158 13510
is_linear=0
shrinkage=0.05


Tree=15
num_leaves=63
num_cat=0
split_feature=2 2 4 2 49 225 2 4 201 187 133 136 21 72 106 207 82 218 49 2 25 25 184 210 2 128 225 190 4 201 0 188 21 30 167 201 134 190 132 132 52 132 136 213 63 2 107 113 23 190 203 218 203 132 190 82 25 52 21 201 78 235
split_gain=4805.86 1709.4 1212.22 793.262 563.282 558.037 486.414 397.842 350.908 301.563 279.599 272.907 238.316 206.368 204.989 201.457 191.597 191.07 165.14 163.645 148.538 146.407 143.392 141.647 140.236 134.545 127.015 115.92 114.688 111.673 110.334 109.392 104.975 102.793 101.928 100.268 99.215 97.7004 96.814 93.9129 92.2269 92.1634 100.138 89.2267 87.0875 87.0015 85.9699 85.5764 84.5535 82.127 81.409 78.7125 78.9578 77.6035 76.9169 74.9879 74.338 74.1541 71.6867 71.6615 81.1538 69.9828
threshold=2.2590738534927373 1.1867352128028872 0.22578345239162448 1.7730304598808291 0.093536376953125014 -0.0015854835510253904 2.6471161842346196 0.88631898164749157 -0.040023803710937493 -0.019340515136718747 -0.046981811523437493 -0.14385986328124997 -0.070831298828124986 -0.023231506347656247 0.035812377929687507 -0.026725769042968747 -0.042922973632812493 0.039443969726562507 0.10165405273437501 1.4957965612411501 0.0067386627197265634 0.0062007904052734384 0.039108276367187507 -0.012928009033203123 3.3534613847732548 0.030326843261718753 -0.010272979736328123 0.0031499862670898442 0.079171039164066329 -0.045578002929687493 0.033250000327825553 0.0031785964965820317 0.076690673828125014 0.065704345703125014 0.041366577148437507 0.011173248291015627 -0.029945373535156247 0.031105041503906253 -0.10867309570312499 0.034683227539062507 0.019355773925781253 0.040786743164062507 -0.014156341552734373 -0.038375854492187493 -0.018211364746093747 0.88494509458541881 -0.019065856933593747 0.095123291015625014 0.030708312988281253 0.028556823730468753 -0.042434692382812493 0.055801391601562507 -0.022850036621093747 0.086822509765625014 0.022331237792968753 -0.0075893402099609366 -0.012386322021484373 0.022163391113281253 0.049331665039062507 -0.0057964324951171866 0.0086174011230468767 -0.032577514648437493
decision_type=2 2 2 2 2 2 2 2 2 2 2 2 2 2 2 2 2 2 2 2 2 2 2 2 2 2 2 2 2 2 2 2 2 2 2 2 2 2 2 2 2 2 2 2 2 2 2 2 2 2 2 2 2 2 2 2 2 2 2 2 2 2
left_child=1 5 3 19 7 9 8 11 26 32 27 33 -8 -11 31 59 57 24 23 -3 41 51 56 -7 30 37 -2 -10 -5 -19 39 48 36 -4 -32 -22 -1 50 -26 -14 -29 42 58 -30 46 -34 -36 55 -6 -31 -23 52 -12 -25 -24 -21 -16 -17 -18 60 -13 -52
right_child=6 2 4 28 14 18 12 -9 10 13 21 15 17 -15 22 16 20 29 -20 47 35 25 54 53 38 -27 -28 40 43 49 34 -33 45 -35 44 -37 -38 -39 -40 -41 -42 -43 -44 -45 -46 -47 -48 -49 -50 -51 61 -53 -54 -55 -56 -57 -58 -59 -60 -61 -62 -63
leaf_value=-0.0006804063568838334 0.0085318313756939292 -0.057228516946892544 -0.014278658989568222 -0.022299721797265838 -0.016875811134290774 -0.047980921504025914 0.026545400502557825 -0.015378462770970509 0.0049447647530466363 -0.015704009646741655 0.017094832355118498 0.013172209510785987 0.02501923260783756 -0.043504696259593717 -0.013705569100167504 0.018429742814020746 -0.010643685281474646 0.010369885243564235 -0.056358430022286535 -0.023746085380542632 -0.012576735914535404 0.0080296771953771579 -0.01596604502760772 -0.033240024791110406 -0.014976773774375479 0.012096096921985048 -0.0074541521506137094 0.029598820995981712 0.0033243582928196092 0.018690264849268751 0.0093243566831266132 0.0040100262466009852 -0.022516555872628581 -0.062313527453985086 -0.033495995544718458 0.0021811164020248716 -0.018166842926962686 0.0033706857178535336 0.024245316880432341 -0.0031653512492652637 0.012837137189240025 0.013039440043587187 0.012181607327369219 -0.01178604346090514 0.0063164014581728479 0.038284942571268882 -0.003505274679209627 0.0055497867979317087 0.0025166529588457622 0.031426222273463006 -0.040273334836091849 0.019886411049434023 -1.3337046903346366e-05 -0.011064445854000467 0.0082154761612755513 -0.044194753258877686 -0.026552976098005627 0.0030376991299591507 0.013740714544926419 0.019855904420673757 -0.0060732462278371121 -0.013976240780619402
leaf_weight=1290.6020264625549 1653.2048028707504 1132.0664940774441 312.79556676745415 1728.6025601029396 1725.9650612622499 1281.1165961772203 4636.6137461513281 2558.6204691529274 977.55331042408943 1200.1583018600941 1074.9892162531614 2479.155264005065 1537.0100123882294 1507.9564606398344 1975.36566580832 2313.3847046792507 1757.4160934239626 1859.7180144041777 1319.3926174789667 744.30808144807816 2904.9867272824049 310.27670170366764 586.08204421401024 1258.8938371688128 168.11567167937756 1272.8045277446508 4992.9574156999588 2580.3566706180573 1401.7597060799599 2694.6335136890411 7691.1655562967062 2589.0949473083019 83.128657981753349 172.68812395632267 340.54203619062901 1905.2960803955793 2183.0246382802725 1230.7930394560099 2320.9825467914343 365.6066627651453 1206.672798410058 2261.6831740140915 1088.7896435707808 3220.1238276958466 1334.0307391732931 195.9103470146656 796.45806670188904 131.3288381844759 832.96742288768291 2398.7545946985483 332.07176375389099 1721.0309071987867 1807.050620675087 576.36579635739326 746.66919352114201 1144.0551358759403 2630.2579981386662 1182.8862806260586 362.861786454916 2837.8744980096817 702.38693317770958 1061.6953627467155
leaf_count=5373 7024 4580 1299 7088 7100 5217 20630 10658 4205 4937 4686 10500 6816 6112 8103 9820 7341 7968 5315 3049 12049 1329 2407 5120 722 5512 20756 11383 5875 11813 33193 10706 340 706 1441 8050 8952 5272 10105 1621 5218 9588 4613 13346 5761 839 3392 538 3453 10635 1379 7463 7745 2346 3114 4665 10728 4973 1518 12180 2960 4488
internal_value=-6.43436e-05 -0.0101557 -0.00571272 -0.0214962 -0.00129163 -0.0278614 0.0117596 0.00319686 0.0059361 -0.0184811 0.0105445 0.00554079 0.0162636 -0.0311946 -0.0105385 0.00644967 0.00311526 0.0140458 -0.0415166 -0.0419991 -0.000323552 0.00526661 -0.0168681 -0.0352169 0.0107871 -0.0014748 -0.00347702 0.0203012 -0.0113156 0.0208643 0.00855648 -0.00323533 -0.00930057 -0.0314578 0.00648629 -0.00673209 -0.0116719 -0.00736245 0.0215913 0.0196045 0.0242628 0.0053115 -0.000137354 -0.00720352 -0.00234747 0.0201558 -0.0125093 -0.0334386 -0.0105648 0.0246933 -0.0151122 0.0114279 0.00637166 -0.0262856 -0.00242243 -0.0361516 -0.0210469 0.0132245 -0.00646606 0.0140797 0.00892283 -0.020266
internal_weight=100691 54326 43429.5 9502.24 33927.2 10896.5 46365.1 22840.8 20221.5 6460.78 13575.3 20282.2 26143.6 2708.11 11086.4 19796.7 13777.3 21507 4435.77 3151.76 10281 8810.71 5938.37 3116.38 14553.9 4207.64 6646.16 4764.58 6350.49 6953.11 12064.8 5148.03 3752.67 485.484 10162.2 4810.28 3473.63 2934.84 2489.1 1902.62 3787.03 5470.75 3209.07 4621.88 2471.03 279.039 1137 2019.69 2558.93 5093.39 1704.04 4603.07 2882.04 1835.26 1332.75 1888.36 4605.62 3496.27 2120.28 6019.42 3181.54 1393.77
internal_count=426115 225558 181007 39141 141866 44551 200557 96255 86460 26553 58680 85597 114097 11049 45611 83592 57952 93467 17998 12832 43159 37874 24352 12683 63051 17980 27780 20806 26309 30416 52224 21259 15504 2005 43787 20099 14325 12468 10827 8437 16601 23060 13472 19221 10594 1179 4833 8252 10553 22448 7196 19894 12431 7466 5521 7714 18831 14793 8859 25640 13460 5867
is_linear=0
shrinkage=0.05


Tree=16
num_leaves=63
num_cat=0
split_feature=3 6 3 6 9 259 6 3 180 161 6 5 256 186 169 5 3 259 198 3 6 124 216 3 176 6 179 6 141 45 170 6 129 6 78 207 88 53 61 238 141 5 116 6 6 6 59 141 155 6 6 167 172 6 6 82 234 179 6 3 128 6
split_gain=1624.75 953.474 679.636 583.823 580.6 575.89 438.234 357.463 330.388 338.642 266.973 245.644 245.306 204.123 199.392 187.464 186.917 173.964 163.548 157.496 147.27 141.83 134.908 132.93 160.275 124.598 121.272 119.602 119.006 120.252 112.691 107.513 105.99 100.923 99.0447 93.1915 89.2971 83.8946 83.3146 80.5704 77.8763 77.6354 76.727 76.2129 75.6997 84.478 75.3514 73.8771 72.5233 70.978 69.5308 67.5583 66.1063 66.0677 111.785 65.3254 64.504 79.2007 64.4313 63.9429 63.6109 66.2074
threshold=0.10837652906775476 0.63499999046325695 0.93205747008323681 0.22500000149011615 -0.054855346679687493 0.075592041015625014 0.94499999284744274 0.47596007585525518 -0.052658081054687493 -0.014934539794921873 0.79500001668930065 0.12500000372529033 0.051162719726562507 0.041641235351562507 -0.093475341796874986 0.075000001117587103 0.84240129590034496 -0.023796081542968747 -0.0036325454711914058 0.032292593270540244 0.6850000023841859 0.022743225097656253 -0.018684387207031247 0.40364567935466772 0.019233703613281253 0.67500001192092907 0.084075927734375014 0.89499998092651378 -0.045669555664062493 -0.087860107421874986 -0.079376220703124986 0.23499999940395358 0.054367065429687507 0.82499998807907116 -0.026588439941406247 0.0078620910644531267 0.0056858062744140634 0.061660766601562507 0.080657958984375014 -0.062271118164062493 0.072235107421875014 0.075000001117587103 -0.010425567626953123 0.31499999761581426 0.60500001907348644 0.39499999582767492 0.066680908203125014 0.0058689117431640634 -0.0071773529052734366 0.2650000005960465 0.89499998092651378 0.041366577148437507 -0.053970336914062493 0.50499999523162853 0.41499999165534979 -0.010265350341796873 -0.065155029296874986 0.11630249023437501 0.90500000119209301 0.79034784436225902 0.022651672363281253 0.89499998092651378
decision_type=2 2 2 2 2 2 2 2 2 2 2 2 2 2 2 2 2 2 2 2 2 2 2 2 2 2 2 2 2 2 2 2 2 2 2 2 2 2 2 2 2 2 2 2 2 2 2 2 2 2 2 2 2 2 2 2 2 2 2 2 2 2
left_child=12 3 4 16 6 8 7 10 27 15 25 34 19 17 32 60 -2 52 -13 -1 -14 46 -20 53 31 -3 42 48 -17 50 -19 -25 56 -22 -7 -32 -27 -36 -31 -15 -34 -21 -16 49 45 -33 -12 -43 -6 -26 -30 -39 -11 54 -5 -8 -9 58 -58 -41 61 -10
right_child=1 2 -4 23 5 11 55 14 9 13 21 18 20 39 26 28 -18 30 22 41 33 -23 -24 24 43 36 -28 -29 29 38 35 44 40 -35 37 -37 -38 51 -40 59 -42 47 -44 -45 -46 -47 -48 -49 -50 -51 -52 -53 -54 -55 -56 -57 57 -59 -60 -61 -62 -63
leaf_value=-0.039690173574609043 0.0085868786711641235 0.035141353189151028 -0.016349670381785027 -0.033899330227635069 0.0062668495522839769 0.0092484456838050396 0.00583175753338128 0.0097669136371767804 -0.00083268849217673756 0.026635530437898083 -0.019769434478427009 -0.0034024334406108346 -0.04330683439884301 -0.0078034148710028547 0.014171087031838656 0.011831321558728868 -0.036013021678563094 0.025563779275628026 -0.0093573540481141221 -0.014282038635950775 0.017532952853206822 -0.0031152338960177351 -0.044308370337032887 -0.088365453277068393 -0.010177904179001404 -0.0089313562959213201 0.021532535497324388 0.023680727638674362 -0.001797040556904444 -0.0069484168010283164 0.012551578216346344 -0.011298992866216702 -0.0082041615739971985 -0.0080874665192634705 -0.0041968858017559715 0.001712853995253583 0.012977057585561384 -0.012801028716400036 -0.029433150418467238 0.0094280488729414566 -0.031498820307912671 -0.016751159537829321 0.0013890544840668504 -0.011460364961620548 -0.0057448347250610666 -0.036865871313185701 -0.0047389101359456903 -0.03177386734443597 0.01662811602599161 0.038947792190831991 0.021912429724500776 -0.074635205495567819 0.016246311009515773 -0.024801902346490698 -0.071515552287990017 0.022188818486422245 -0.0098615739774481678 0.018020712982792775 0.0058553115301805793 -0.010717079445456511 0.015250707153720275 0.012684696301364776
leaf_weight=1294.2609211504459 2395.1404733508825 308.41067595779896 4023.0669367909431 705.57076917588711 2550.4434635639191 1626.8560790717602 870.91450455784798 1241.4158069640398 2353.8675426989794 2594.7113936543465 5571.3849518746138 761.36186993122101 204.76512472331524 1408.0543696284294 1602.4671623408794 1113.7001277804375 259.46740302443504 994.04701583087444 412.46609634160995 2772.1680396050215 616.13651613891125 2312.4744045734406 838.01693014800549 68.379587069153786 128.61009326577187 1035.7349065989256 1323.504868671298 4175.7244698852301 720.81538033485413 5714.6130226254463 4450.0134028792381 447.11265033483505 1492.3098477572203 1018.163517922163 1242.4659675955772 3577.5078791975975 842.55784995853901 98.356502324342728 443.16110470890999 2746.6739144027233 471.85508707165718 1398.1305647343397 4385.0132886022329 867.65375490486622 409.05332919955254 1174.7477947324514 981.45124314725399 1987.5084666907787 5008.5132853090763 169.62333790957928 540.36003445088863 79.947668373584747 3755.590639680624 755.98133756220341 275.83277305960655 2046.5790960341692 2523.3925751596689 387.75076565146446 878.43894848227501 458.96987697482109 2069.5839114934206 1471.4425154030323
leaf_count=5304 9991 1292 16887 2852 10926 6897 3760 5240 9929 11447 23235 3254 837 5968 6812 4725 1053 4373 1724 11481 2601 9809 3468 277 525 4325 5656 18435 3094 24122 19147 1820 6198 4275 5269 15278 3537 411 1830 11724 1947 5785 18568 3535 1683 4776 4127 8204 21665 700 2398 327 16168 3077 1127 8863 10480 1631 3732 1943 8926 6315
internal_value=0.000118943 0.00214906 0.00369754 -0.0147363 0.00471243 0.00788788 -0.0010384 -0.00314997 0.00964359 0.00717275 -0.00990364 -0.00812479 -0.0197983 0.0113868 0.00206782 0.0013349 0.00421566 0.014155 -0.0216799 -0.0238338 -0.00344187 -0.0137628 -0.0327966 -0.024792 -0.0188365 0.00574144 0.00784127 0.0168883 -0.00340227 -0.00569035 0.00969057 -0.0270889 -0.00396656 0.00157633 0.0008276 0.00772206 0.000897918 -0.00881443 -0.00857111 0.00216271 -0.0138135 -0.0204952 0.00481179 -0.00396683 -0.0249833 -0.0298289 -0.0175193 -0.0255769 0.0131334 0.0177996 0.00837077 -0.0407877 0.0204948 -0.0359671 -0.0445338 0.0173097 -0.000120223 -0.00336084 -0.00580255 0.00654132 0.00819121 0.00436886
internal_weight=100454 91163.2 83506 7657.17 79482.9 51207.3 28275.7 25358.2 46147.8 34413.1 11052 5059.47 9291.13 19985.6 14306.1 14427.5 2654.61 15371.9 2011.84 7452.07 1839.07 8865.31 1250.48 5002.57 3265.18 2186.7 7310.99 11734.7 8532.65 7418.95 9021.57 2099.29 6995.16 1634.3 3047.63 8027.52 1878.29 1420.77 6157.77 4613.7 1964.16 6157.81 5987.48 1165.89 2030.91 1621.86 6552.84 3385.64 7558.96 298.233 1261.18 178.304 6350.3 1737.38 981.404 2917.49 5031 3789.58 3401.83 3205.64 5894.89 3825.31
internal_count=425765 387278 355862 31416 338975 219763 119212 106589 198413 147387 46325 21350 38487 86048 60264 61339 11044 66413 8446 30774 7713 37171 5192 20372 13316 9154 31036 51026 36169 31444 38798 8556 29228 6876 12904 34425 7862 6007 25952 19635 8145 25470 25380 4760 8279 6596 27362 13989 32591 1225 5492 738 27615 7056 3979 12623 21083 15843 14212 13667 25170 16244
is_linear=0
shrinkage=0.05


Tree=17
num_leaves=63
num_cat=0
split_feature=2 2 6 4 5 4 2 2 180 6 161 169 2 2 21 21 4 2 6 230 2 214 4 6 90 253 166 6 78 143 128 6 6 6 6 150 36 150 4 2 2 2 257 4 133 183 183 61 199 214 69 257 231 5 217 2 6 6 4 2 21 211
split_gain=4273.25 1519.95 1431.54 1101.31 661.394 633.976 576.786 500.511 438.831 360.667 315.105 255.776 233.081 211.762 210.357 274.187 193.704 189.624 188.373 174.111 156.402 150.944 148.99 138.656 136.74 134.881 134.7 134.62 133.512 128.873 125.331 123.489 123.356 123.303 117.472 117.271 110.07 106.209 105.067 101.25 99.9175 98.4383 94.718 93.5289 87.6742 111.064 87.3665 87.2124 86.5695 83.5254 89.4493 82.414 82.0173 107.547 79.595 79.1486 120.786 104.019 78.8998 79.465 78.1851 77.9267
threshold=2.3014124631881718 1.1867352128028872 0.29000000655651098 0.20253327488899234 0.075000001117587103 0.63465875387191784 1.7730304598808291 0.88494509458541881 -0.064056396484374986 0.85500001907348644 0.0074558258056640634 -0.061080932617187493 1.7413566112518313 2.545224785804749 -0.10446166992187499 0.073699951171875014 0.85948753356933605 -0.31173203885555262 0.81499999761581432 0.026939392089843753 3.0618563890457158 0.092559814453125014 0.48831748962402349 0.6850000023841859 -0.053482055664062493 0.12063598632812501 -0.059463500976562493 0.82499998807907116 -0.0047130584716796866 0.029823303222656253 -0.022895812988281247 0.84499999880790722 0.72500002384185802 0.14500000327825549 0.67500001192092907 -0.022819519042968747 -0.031539916992187493 -0.00055313110351562489 0.061339046806097038 1.5088402628898623 1.7413566112518313 1.9627869725227358 -0.042709350585937493 0.58865386247634899 -0.046981811523437493 -0.032241821289062493 -0.011234283447265623 0.059860229492187507 -0.042495727539062493 -0.050552368164062493 -0.094512939453124986 -0.034713745117187493 0.040847778320312507 0.12500000372529033 0.031135559082031253 0.6535552740097047 0.32500000298023229 0.30500000715255743 0.94636619091033947 0.6535552740097047 0.023994445800781253 -0.063385009765624986
decision_type=2 2 2 2 2 2 2 2 2 2 2 2 2 2 2 2 2 2 2 2 2 2 2 2 2 2 2 2 2 2 2 2 2 2 2 2 2 2 2 2 2 2 2 2 2 2 2 2 2 2 2 2 2 2 2 2 2 2 2 2 2 2
left_child=1 2 17 6 11 23 31 21 44 16 13 28 22 25 46 52 19 33 48 24 29 -7 -11 55 -6 54 -15 32 30 51 -5 39 -13 -1 -28 40 -21 -14 -19 -3 -29 -20 -43 -39 -2 -46 -9 -36 -8 -31 -51 -12 53 -16 -10 56 57 -4 59 -40 -22 -30
right_child=8 3 5 4 9 7 18 14 10 12 20 27 37 26 15 -17 -18 38 41 36 60 -23 -24 -25 -26 -27 34 35 61 49 -32 -33 -34 -35 47 -37 -38 43 58 -41 -42 42 -44 -45 45 -47 -48 -49 -50 50 -52 -53 -54 -55 -56 -57 -58 -59 -60 -61 -62 -63
leaf_value=0.0018722312391343896 0.026630949219330652 -0.045812864013820571 -0.053523787789155612 -0.0043944689643198335 -0.0082720296216141822 -0.054599999406069161 0.017280678625514932 0.040608089153203991 -0.0058910356486696694 -0.047322286455827658 0.016831394933847159 0.0043969253555262043 -0.0044851825204282872 0.023359672943443408 -0.012211554622472524 0.021813774769834399 -0.021791607865109142 -0.040051559367252222 -0.030502830995762259 0.0033751228043035816 0.027544740858851859 0.00085577688315102273 -0.020093040069355902 -0.061398188111011553 0.010302084230774109 -0.059529075874761965 -0.013663026559264489 0.0010615522848721583 0.0073574628068341641 0.03763050648157383 0.012546030476873757 -0.050051709818849627 0.023882819350558838 -0.059825145992593455 0.0094530395299258548 0.0001657503260328601 -0.01460371528990166 -0.010406714003268749 0.0093248631351057383 -0.018532162218712022 0.022142660331081036 0.00094751754846106925 -0.019030331790645866 -0.029230226336566169 0.0072600546520884546 0.022207504896376792 -0.016311740169902274 -0.0037610030298989325 -0.0059564388743933005 -0.014950628735342031 0.019595732748260718 0.0047200244252875445 -0.047227357427873914 -0.045862582010520118 0.0065166319589847407 -0.028196461733602782 -0.059339581232549204 0.018942139010251848 -0.034528287969240394 -0.052343543472803546 0.010228668264912349 -0.012499254876015857
leaf_weight=136.00599244236946 4173.0832406431437 555.57787089049816 93.337554767727852 2036.0278829485178 1260.9480593502522 1160.8839878439903 542.44686537981033 255.63310396671295 3907.3941811919212 712.85705628991127 1940.7578216046095 1136.985597550869 3767.8000536859035 1366.1446080207825 1101.1973444223404 385.29915519058704 1031.5909133255482 124.88067619502544 1185.8721651732922 1386.5529179722071 2915.762433886528 137.16002906858921 1706.9354880601168 2067.7595533430576 4614.4773056358099 101.92450897395611 660.86526229977608 873.59415075182915 609.22936047613621 582.85513293743134 2352.3086259365082 1391.1481524407864 2846.7918381392956 198.94283227622509 11024.340678229928 3276.1411432176828 2202.9939230978489 1810.7081636488438 2822.6384286135435 881.07529708743095 1575.7644613683224 824.18388879299164 2116.0651376545429 1039.0828095078468 1908.2821100801229 3569.4271601140499 90.80803519487381 1407.6075445413589 1526.111295491457 206.39079958200455 1964.6787395626307 5082.3251044750214 328.99289275705814 302.16755282878876 1930.2633939534426 647.97346566617489 801.0123545974493 103.43983237445354 111.35713608562946 52.241412580013275 841.59925529360771 2600.5943049490452
leaf_count=548 18613 2244 377 8463 5253 4713 2275 1115 16422 2898 8436 4816 15689 6102 4456 1633 4250 506 4846 5773 12956 556 6993 8368 19380 415 2717 3708 2568 2621 9935 5622 12239 803 47921 13898 9122 7501 11733 3603 6742 3430 8757 4289 8356 15693 371 6015 6338 899 8713 21879 1326 1218 8264 2631 3276 426 458 211 3657 10790
internal_value=-1.53166e-05 -0.00905365 -0.0258159 -0.00506151 -0.00122702 -0.0381049 -0.020717 -0.0236288 0.0117607 -0.00753283 0.00908463 0.00589002 -0.0148543 0.00515953 -0.0103841 -0.0162941 -0.00122838 0.000846192 -0.0121721 0.00101488 0.0149996 -0.048744 -0.0281309 -0.0527602 0.00631509 -0.00278864 0.00842452 0.0112667 -0.000981059 0.0116655 0.00468705 -0.0394247 0.018324 -0.0348419 0.00686447 0.00635386 -0.00765993 -0.00999602 0.0046984 -0.0291066 0.0146273 -0.0183444 -0.0134319 -0.0172779 0.0211683 0.0170025 0.0256844 0.0079567 0.000142536 0.0208314 0.0163062 0.0080688 -0.0247775 -0.0194847 -0.00178794 -0.0418766 -0.0507235 -0.0155275 0.00658257 0.00818643 0.0236699 -0.0087293
internal_weight=100369 56785.6 10921.7 45863.9 36841.4 7475.66 9022.48 3762.14 43583.7 19533.9 33932.9 17307.4 9037.38 20398.5 2464.1 2117.66 10496.6 3446.07 6194.68 9464.97 13534.4 1298.04 2419.79 3713.52 5875.43 5939.58 14459 9709.28 7598.16 9777.01 4388.34 2827.8 3983.78 334.949 13092.8 5725.5 3589.55 6617.59 3111.12 1436.65 2449.36 4126.12 2940.25 2849.79 9650.79 5477.71 346.441 12431.9 2068.56 2753.92 2171.07 7023.08 1732.36 1403.36 5837.66 1645.76 997.79 196.777 2986.24 2874.88 3757.36 3209.82
internal_count=425826 236147 44725 191422 154307 30466 37115 15388 189679 81148 147017 73159 37370 87856 10119 8633 43778 14259 25646 39528 59161 5269 9891 15078 24633 25101 62755 41403 31756 42548 18398 11469 17055 1351 56653 24348 14895 27479 12908 5847 10450 17033 12187 11790 42662 24049 1486 53936 8613 12233 9612 30315 7000 5674 24686 6710 4079 803 12402 11944 16613 13358
is_linear=0
shrinkage=0.05


Tree=18
num_leaves=63
num_cat=0
split_feature=2 4 2 6 2 2 6 6 227 213 0 6 2 132 6 4 254 180 0 6 21 21 121 128 6 0 144 150 190 127 183 4 2 21 4 189 257 214 188 188 2 239 52 2 151 191 165 127 180 9 82 122 2 6 153 127 32 115 52 6 2 231
split_gain=3798.27 1422.44 965.015 1022.85 770.441 626.046 588.088 402.177 337.646 304.502 297.481 268.355 260.81 239.53 227.412 227.355 194.995 187.687 184.551 175.755 175.186 207.554 165.601 161.918 159.854 149.03 139.188 138.17 129.979 126.054 121.253 119.47 257.078 111.04 104.766 102.935 96.986 96.811 95.1025 94.2012 92.7915 89.6773 87.6544 87.0994 85.9817 85.2646 88.7552 85.0502 84.8815 83.938 83.0268 82.7997 81.2577 105.497 81.116 79.1496 76.4762 75.2769 73.8317 73.7562 107.446 72.9868
threshold=2.0688879489898686 0.22578345239162448 1.1422427892684939 0.24499999731779101 2.5140986442565922 1.5469805002212527 0.81499999761581432 0.32500000298023229 0.034347534179687507 -0.036331176757812493 0.081250000745058074 0.56499999761581432 0.9337160885334016 0.073760986328125014 0.85500001907348644 0.63465875387191784 -0.073822021484374986 -0.049118041992187493 0.035250000655651099 0.67500001192092907 -0.12258911132812499 0.073699951171875014 -0.039321899414062493 -0.0043163299560546866 0.82499998807907116 0.029249999672174457 -0.069610595703124986 -0.021125793457031247 0.056930541992187507 0.087432861328125014 0.0077762603759765634 0.42295710742473608 1.6098284125328066 -0.063507080078124986 0.068065583705902113 -0.049545288085937493 -0.034713745117187493 0.089569091796875014 -0.025779724121093747 -0.064605712890624986 1.7630303502082827 0.021827697753906253 0.032882690429687507 -0.12824409455060956 0.019264221191406253 0.055618286132812507 0.013584136962890627 0.071441650390625014 -0.0070629119873046866 -0.0085029602050781233 0.064971923828125014 -0.048721313476562493 0.53903713822364818 0.20499999821186068 -0.011394500732421873 -0.052047729492187493 0.031135559082031253 0.12026977539062501 0.0033922195434570317 0.32500000298023229 0.32235230505466467 0.030632019042968753
decision_type=2 2 2 2 2 2 2 2 2 2 2 2 2 2 2 2 2 2 2 2 2 2 2 2 2 2 2 2 2 2 2 2 2 2 2 2 2 2 2 2 2 2 2 2 2 2 2 2 2 2 2 2 2 2 2 2 2 2 2 2 2 2
left_child=1 5 3 43 9 7 8 -1 11 18 26 47 24 22 34 -14 -15 -11 58 -12 -17 61 56 41 37 49 42 30 33 40 -19 32 -27 -21 -7 51 -28 59 -25 -33 -10 -13 -6 -3 -41 46 -38 -4 -35 -24 -16 -20 53 -45 -29 -36 -8 -32 -2 -5 -61 -22
right_child=4 2 6 12 10 14 13 -9 29 17 19 23 15 16 50 20 -18 27 35 28 21 -23 25 38 -26 31 36 54 -30 -31 57 39 -34 48 55 -37 45 -39 -40 44 -42 -43 -44 52 -46 -47 -48 -49 -50 -51 -52 -53 -54 -55 -56 -57 -58 -59 -60 60 -62 -63
leaf_value=-0.014097649446954883 0.031024574252785864 -0.0089055680223831448 -0.046136404373054211 -0.023879121860670996 0.03191231660200191 -0.0275020883581743 -0.0068902054153791919 -0.054942948082980503 0.02171142520056922 0.007204702135701499 -0.012268209807524844 -0.012941162091516176 -0.044625147681972399 -0.040446155984087698 -0.025166849605920555 0.035991852705013504 0.0076870506025897003 -0.0043201325029029762 0.030146904585672263 0.018040736866747436 -0.018714445427282272 0.021771759180598194 -0.011877848906575717 -0.0027040580730307057 -0.074375392059407061 -0.058981196010841952 0.022887526484032531 -0.0032305617036919119 0.019178634504699147 0.041749438254858481 0.016284402192182853 -0.029868161987522054 -0.017438017029222 0.010797908409952246 -0.022274285793312254 0.0013576430287902262 0.011276973768871559 -0.010398144270456844 0.015807391140998429 -0.015733133849284181 0.00024081681364594397 0.0039983842214419444 0.010627769504616595 0.006139091844292557 -0.0030183151431786666 0.0032964791053364689 0.025349444020429109 0.020750412206640242 0.0023304876596005309 0.013431216889223638 -0.04855814459774304 0.0077321094447042223 -0.05090527967526004 0.035577456641173434 -0.014245176785671127 0.00056293970703583985 0.0097026103294377518 -0.011219530926369741 0.010890262311299803 -0.064068396437178057 -0.038760030036505244 -0.046968790361145804
leaf_weight=778.71849827468395 1179.9016728997231 763.41716542840004 365.31214611232281 461.09416930377483 2700.0770945847034 606.40576413273811 1850.8209256082773 2677.4780923128128 1925.3888119608164 4080.6791494190693 888.25496985018253 1590.195104315877 734.42627772688866 225.49350672960281 1916.0868430435658 174.1871302574873 2964.3508534878492 3731.9339763969183 630.30445376038551 2473.1190678477287 970.60753607749939 284.71108688414097 617.50211721658707 940.48276020586491 361.33436779677868 480.22212374210358 3624.7384123057127 2791.4484015852213 3479.626515686512 586.93843072652817 1459.2025093436241 743.80077864229679 1653.8902608752251 5690.2145685851574 477.41607640683651 4368.2744351327419 3283.5433889180422 268.39576770365238 2641.6974296420813 3531.4807543456554 681.18786114454269 1534.3104912489653 590.81575357913971 1247.6470426768064 2133.0537014454603 1764.8520925939083 1702.5743746012449 54.026088729500771 6168.2206059396267 695.55184188485146 474.47571460902691 1188.9988362193108 49.78526371717453 401.77429582178593 4167.937240794301 1833.019475877285 1110.078905493021 299.12567433714867 743.56014375388622 593.30230689048767 1462.7781576365232 299.25956547260284
leaf_count=3199 5275 3102 1476 1877 12423 2464 7684 10861 8154 17372 3671 6588 2978 935 7792 765 12470 15672 2695 10963 3936 1218 2577 3933 1464 1958 16266 11701 15336 2523 6199 3061 6814 24795 1962 18517 14450 1091 11180 14572 2884 6405 2596 5259 8867 7843 7668 220 26459 2964 1922 5077 202 1684 17378 7596 4669 1250 3240 2450 5941 1206
internal_value=-1.65885e-05 -0.0112059 -0.00662399 -0.0217462 0.00845525 -0.0291878 -0.00198617 -0.0457468 0.00732052 0.00179341 0.0135269 0.00126514 -0.0335363 -0.00798645 -0.018398 -0.0213371 0.00427285 -0.00210005 0.00972757 0.0094281 -0.0114236 -0.0167561 -0.0110377 0.00369355 -0.0430751 -0.0141527 0.0191341 -0.00515025 0.0105107 0.0208279 0.000780237 -0.016563 -0.0268094 0.00840502 -0.0090234 0.00552065 0.0162893 -0.0389898 0.0109479 -0.0131471 0.0161027 -0.00462426 0.0280955 0.00511541 -0.0109466 0.0127438 0.0160863 -0.0374901 0.00639411 0.00152891 -0.0298279 0.0155101 0.0114163 0.013327 -0.00982825 -0.00416362 -0.000668173 0.0116017 0.0232509 -0.042033 -0.0460906 -0.0254046
internal_weight=100170 43162.1 34398.5 8072.72 57007.4 8763.6 26325.8 3456.2 10319.5 24641.4 32366 7126.02 5610.1 16006.2 5307.4 2463.19 3189.84 16530.3 8111.04 18699.4 1728.77 1554.58 12816.4 6706.69 3146.9 9855.5 13666.6 12449.6 17811.2 3193.52 5490.26 8542.45 2134.11 14331.6 2916.84 6187.58 10375.7 2785.57 3582.18 6408.34 2606.58 3124.51 3290.89 2462.62 5664.53 6750.97 4986.12 419.338 11858.4 1313.05 2390.56 1819.3 1699.21 1649.42 6959.39 2310.44 2960.9 1758.33 1923.46 2517.17 2056.08 1269.87
internal_count=425749 178903 143107 33173 246846 35796 109934 14060 43363 104376 142470 29802 22926 66571 21736 10103 13405 69572 34804 81224 7125 6360 53166 28106 12823 40813 61246 52200 77553 13561 23121 35272 8772 62217 12022 26289 46227 11359 15113 26500 11038 12993 15019 10247 23439 29961 22118 1696 51254 5541 9714 7772 7145 6943 29079 9558 12353 7449 8515 10268 8391 5142
is_linear=0
shrinkage=0.05


Tree=19
num_leaves=63
num_cat=0
split_feature=3 6 3 201 6 9 4 6 0 141 3 0 144 3 6 6 4 201 3 256 132 6 3 4 163 129 4 4 9 144 3 6 123 201 6 144 90 3 240 260 4 260 151 144 144 6 31 51 4 207 4 141 4 184 6 96 4 4 256 6 6 230
split_gain=1515.03 789.802 501.84 487.856 370.509 329.57 300.441 296.312 285.985 245.226 230.191 225.889 215.153 215.15 199.223 236.863 192.227 181.101 172.447 164.826 149.897 148.28 147.929 134.243 122.193 119.934 116.82 116.178 112.364 110.876 106.803 105.006 101.581 99.6863 97.3954 94.8847 106.676 89.8135 84.9838 81.9112 81.4104 93.6958 80.6325 79.8847 76.2714 75.6819 75.6801 72.015 69.0314 68.1153 72.1398 67.8293 71.6456 66.517 64.5359 64.0841 63.3057 63.2303 62.7516 62.5435 62.3335 61.9399
threshold=0.13230263441801074 0.89499998092651378 0.90537491440773021 -0.049148559570312493 0.72500002384185802 -0.062240600585937493 0.071857850998640074 0.60500001907348644 0.047249998897314079 -0.036331176757812493 0.036557415500283248 0.10425000265240671 0.071563720703125014 0.94082602858543407 0.22500000149011615 0.60500001907348644 0.89492344856262218 -0.0094108581542968733 0.51126310229301464 0.051162719726562507 0.061386108398437507 0.7150000035762788 0.41080522537231451 0.14632221311330798 -0.072113037109374986 -0.012958526611328123 0.11496601626276971 0.3492953628301621 -0.065582275390624986 -0.021034240722656247 0.34465810656547552 0.82499998807907116 0.013080596923828127 0.019172668457031253 0.79500001668930065 -0.092010498046874986 -0.054458618164062493 0.75203061103820812 -0.013736724853515623 0.0015501976013183596 0.30537340044975286 -0.068572998046874986 -0.0069179534912109366 -0.030540466308593747 -0.097930908203124986 0.94499999284744274 0.15972900390625003 0.057785034179687507 0.75641435384750377 -0.0041103363037109366 0.22886946797370913 0.13116455078125003 0.34261071681976324 -0.055038452148437493 0.57499998807907116 -0.028892517089843747 0.25247788429260259 0.29895505309104925 0.029136657714843753 0.9650000035762788 0.82499998807907116 -0.063018798828124986
decision_type=2 2 2 2 2 2 2 2 2 2 2 2 2 2 2 2 2 2 2 2 2 2 2 2 2 2 2 2 2 2 2 2 2 2 2 2 2 2 2 2 2 2 2 2 2 2 2 2 2 2 2 2 2 2 2 2 2 2 2 2 2 2
left_child=10 2 3 7 14 18 -3 -2 28 47 58 24 13 16 26 22 17 30 34 42 -14 29 -16 -13 53 43 -5 -11 -8 51 45 -25 60 -24 -6 -26 -37 55 -19 -4 46 -42 -12 54 -30 -10 -20 57 -31 50 -38 52 -17 -7 -21 -28 -23 -9 -1 -32 -29 -27
right_child=1 6 39 4 5 11 8 9 12 27 19 23 20 -15 15 21 -18 38 40 25 -22 56 33 31 35 61 37 32 44 48 59 -33 -34 -35 -36 36 49 -39 -40 -41 41 -43 -44 -45 -46 -47 -48 -49 -50 -51 -52 -53 -54 -55 -56 -57 -58 -59 -60 -61 -62 -63
leaf_value=-0.037857671523352635 -0.036894101670377696 -0.012620854898568618 -0.021286009761631624 -0.027157741010563886 0.0049410574617776253 -0.017959031543318495 0.007647971650205157 -0.011485272448671714 -0.0064549023378877709 -0.016663462827616077 -0.021344599065963227 -0.011008017115129609 -0.0022234731873916869 -0.016697988649032259 -0.034912392740819552 0.020329949049504383 -0.0085251337894335002 0.022396809099325992 -0.010015672022941458 -0.042264271316112483 -0.041469950804333813 -0.00041611691069281967 -0.022899007567875565 0.01226813647881228 0.027949940044520838 0.040893175437784264 0.0051665828108107504 -0.0031631486912610616 0.041012520271990663 -0.001348884238156987 0.0081972294964287856 0.0011780762770385324 0.0036367464724983141 0.0013609349679792595 -0.014277367669988193 0.0021216670418769349 0.00854211540228237 -0.016432176954150092 0.011969809371266181 -0.0067406417848324632 -0.0014758778398056476 0.016193044375391413 -0.011081814992187883 -0.033736825724971525 0.020855809066444544 0.011575379214797048 0.033420165888221436 0.019238708124355505 -0.023877998632314573 0.010998398187916467 0.024649437108863595 0.046798431516600798 -0.00064352225268023448 0.0066557446157112779 0.0081283130944327688 0.023444519928430496 -0.034778633213292297 0.00634984717321179 -0.018602181139252764 0.022641276559362454 -0.014928089339493321 0.005648105582875004
leaf_weight=1420.4590195417404 806.99579803645611 1528.7742829173803 3197.9077095240355 225.17664274573326 839.81429509818554 357.78144589066505 1570.8685178905725 660.02440223097801 2104.6336857229471 3713.510772973299 4308.0285481959581 1331.4284487515688 886.75770929455757 807.21876089274883 1120.5691852867603 689.42359595000744 1359.6126158088446 3571.9310195893049 1164.7278002351522 76.777578294277191 334.34943088889122 192.00396770238876 900.46508745849133 3799.1016429811716 1438.5136253386736 142.05556750297546 952.05240675806999 2008.8934147357941 525.43186230957508 1377.5999608486891 6946.160762399435 4870.2299871593714 2048.7604741901159 798.34235829114914 3057.679777815938 1533.6774542480707 900.94266733527184 268.82696178555489 4324.6326922178268 1389.5988345593214 1296.7780347764492 1778.9861959964037 3450.9309682101011 336.12345716357231 4437.4943887293339 803.33590097725391 108.74638290703297 774.62667961418629 450.49604804813862 2999.2615562677383 3063.2008423805237 119.55671845376492 992.39743149280548 1166.8511262834072 345.95107769966125 966.74322988092899 443.11881144344807 2001.3114161938429 607.08141139149666 839.65300610661507 2562.2225543707609 973.25261472165585
leaf_count=5816 3306 6453 13333 915 3543 1531 6857 2748 8836 15381 17845 5588 3784 3397 4584 2950 5761 15930 4902 315 1380 815 3675 16266 6436 609 3980 8353 2469 5800 29695 20786 8609 3266 12857 6612 3915 1108 18939 5825 5416 7600 14365 1411 19948 3438 456 3289 1869 13030 13543 509 4196 5035 1475 4098 1877 8438 2525 3664 10611 4127
internal_value=0.000145766 0.00238013 -0.00101027 0.000343923 0.00324767 0.00599587 0.00896737 -0.00746567 0.0101253 -0.00573837 -0.0167936 0.00926032 0.00739438 0.00859439 -0.00534895 -0.00957508 0.00961857 0.0109459 -0.00249949 -0.013568 -0.0129946 -0.00213984 -0.0208169 0.00376848 0.014052 -0.000260182 0.00705776 -0.00958584 0.019309 0.00176244 0.00670418 0.00603885 -0.00561363 -0.0115041 -0.0101361 0.0160743 0.0140608 0.0105904 0.0166886 -0.0168825 0.00434464 0.00874556 -0.0167821 -0.0155827 0.0229977 -0.00147171 -0.00628322 0.005832 -0.00691073 0.0166896 0.0209918 0.0105632 0.00796104 0.000871476 -0.00110232 0.0143829 -0.0244075 0.001924 -0.0321043 0.00975764 -0.00975951 0.0101698
internal_weight=100070 88409.2 58368.3 53780.8 39204.5 29707.7 30040.9 14576.3 28512.1 13769.3 11660.7 21461 21978.3 20757.2 9496.77 7083.97 19950 18590.3 8246.73 9633.12 1221.11 4264.6 2819.38 10000.8 11460.2 1874.16 2412.8 10333.4 6533.79 3629.47 10693.8 8669.33 6619.88 1698.81 3897.49 9935.6 8497.08 2187.62 7896.56 4587.51 4349.24 3075.76 7758.96 758.852 4962.93 2907.97 1273.47 3435.96 1828.1 6963.41 3964.14 1801.38 1681.82 1524.63 422.729 1918.8 635.123 2661.34 2027.54 7785.81 4571.12 1115.31
internal_count=426090 377602 247051 227893 167158 127516 130551 60735 124098 57429 48488 92742 94824 89660 39642 29541 86263 80502 34774 40147 5164 18016 11525 42640 50102 7937 10101 42954 29274 15324 45633 37052 27573 6941 16400 43536 37100 9186 34869 19158 18374 13016 32210 3201 22417 12274 5358 14475 7669 30488 17458 7655 7146 6566 1790 8078 2692 11186 8341 33359 18964 4736
is_linear=0
shrinkage=0.05


Tree=20
num_leaves=63
num_cat=0
split_feature=3 3 6 49 6 3 4 6 234 61 190 144 9 129 80 141 6 144 4 6 4 4 225 159 151 190 143 184 151 136 58 102 21 49 9 80 6 54 6 12 145 3 4 6 4 4 207 102 171 136 60 123 3 225 132 82 123 6 51 37 227 9
split_gain=1241.74 704.042 623.937 465.491 416.796 288.192 273.01 268.842 207.523 204.555 203.324 188.649 195.143 181.116 179.637 175.602 161.623 158.463 146.823 137.64 146.802 131.843 131.438 114.155 104.913 100.564 99.1876 97.799 93.5631 91.4821 89.1198 88.8109 118.168 88.2181 85.0743 83.6062 82.7716 96.4359 86.9946 86.81 79.944 78.9758 77.2432 72.181 71.4823 69.8724 69.2401 75.6415 68.9939 68.42 68.3019 67.419 67.3594 67.2884 67.0811 65.3532 84.5914 64.7225 64.5503 63.5329 61.4971 59.0567
threshold=0.18307726085186007 0.91858720779418956 0.89499998092651378 0.089630126953125014 0.72500002384185802 0.068426430225372328 0.09712498635053636 0.85500001907348644 -0.0013265609741210935 0.053848266601562507 0.043075561523437507 0.058486938476562507 -0.087127685546874986 -0.051803588867187493 0.060531616210937507 0.017372131347656253 0.64499998092651378 0.076995849609375014 0.20564792305231097 0.73500001430511486 0.16955383121967318 0.87250295281410228 0.032760620117187507 -0.10098266601562499 -0.053298950195312493 -0.012187957763671873 0.041458129882812507 0.012668609619140627 0.11080932617187501 -0.032150268554687493 1.0000000180025095e-35 0.019340515136718753 0.081451416015625014 0.098602294921875014 -0.078643798828124986 -0.010356903076171873 0.82499998807907116 -0.010112762451171873 0.91500002145767223 0.029365539550781253 0.022392272949218753 0.95874175429344188 0.86386641860008251 0.94499999284744274 0.85948753356933605 0.88173601031303417 -0.036117553710937493 0.0072269439697265634 0.057388305664062507 -0.11233520507812499 -0.022514343261718747 0.063201904296875014 0.54523769021034252 0.074127197265625014 0.058303833007812507 0.016410827636718753 -0.0035963058471679683 0.67500001192092907 -0.019264221191406247 0.017387390136718753 -0.025871276855468747 -0.045761108398437493
decision_type=2 2 2 2 2 2 2 2 2 2 2 2 2 2 2 2 2 2 2 2 2 2 2 2 2 2 2 2 2 2 2 2 2 2 2 2 2 2 2 2 2 2 2 2 2 2 2 2 2 2 2 2 2 2 2 2 2 2 2 2 2 2
left_child=5 2 3 4 8 29 -4 19 21 14 15 12 -7 57 22 28 -14 48 -9 -6 25 -2 42 -13 -18 -21 43 58 53 -1 50 32 44 41 52 -15 37 -26 -38 -39 -33 -3 49 54 55 46 -36 -48 -11 -8 -31 -17 -20 -5 -24 -22 -57 -10 -12 -29 -37 -51
right_child=1 33 6 10 7 11 9 18 13 17 27 23 16 35 -16 51 24 -19 34 20 31 -23 26 -25 36 -27 -28 59 -30 30 -32 40 -34 -35 45 60 38 39 -40 -41 -42 -43 -44 -45 -46 -47 47 -49 -50 61 -52 -53 -54 -55 -56 56 -58 -59 -60 -61 -62 -63
leaf_value=-0.02986253054932822 0.0041462858734996185 -0.0060758840326188626 -0.0075329001179240936 0.00093743282912761789 0.031004536082211015 -0.022541136427760983 0.004863083581980919 -0.01212146563052102 -0.03701345312653484 -0.0009097489501870749 -0.015513817222990459 -0.063516098433530344 -0.023598308401384837 -0.017289477423294657 0.024605309213823534 -0.019327686925347351 -0.011612193673665082 -0.038250120074792122 -0.021410857603007028 -0.016401860932031703 0.013703135645029377 -0.018107744142671921 -0.0026113080626759527 -0.019889587502062586 -0.0031030192044555591 0.0050019916586730275 0.02258363221977237 0.0037730232890305785 0.022341891290568891 -0.011235007157842321 -0.0073975579069758199 0.012972961652144189 0.029279080001970621 -0.026121655995865852 0.016398304423477842 -0.013716871579246451 -0.0071358402187319441 0.0084472106896696982 0.0076801715344317597 0.03593961026658183 0.026225977318197383 -0.020231240604664247 0.0010119561672047219 0.013291558075891828 -0.0072595217960641839 -0.010603803831225981 -0.0027058797614169499 0.010942338623378761 0.014462904691872025 0.012537571989132407 -0.032382024596864685 0.0015918296360493416 0.002031399434321424 -0.010563252662327131 0.011516373880499049 -0.007007082793308389 0.0097530098425340044 -0.0062883309294092422 0.00098835960404296264 0.022725013470234201 0.0070654845979084254 0.021192359730898704
leaf_weight=2179.7462979406118 4658.7716990411282 2749.5587716698647 2031.0611697435379 2073.440989241004 792.47360891103745 1569.1440928280354 1134.5472256690264 1939.4931329637766 901.83221955597401 2519.1279371678829 852.0517001003027 209.62424525618553 900.20474994182587 1204.8717966079712 3101.5357141792774 4461.6234557181597 1907.8993473500013 241.2925248593092 562.5722957700491 751.33019135892391 2884.0431319326162 775.45320366322994 3444.0098596811295 526.1713545769453 828.00534553825855 2027.3577065616846 814.22140695154667 1226.3980468958616 304.29052926599979 612.39979688823223 1442.4134182482958 4405.0472652316093 611.10553783178329 1278.2439909130335 1554.6751602292061 532.72307239472866 2923.6126716285944 747.9082448631525 1497.4028190076351 465.93489058315754 1535.8421527594328 1535.8952704966068 892.32585749030113 1560.7102481871843 845.33242629468441 593.14647935330868 2068.4032392352819 1992.1363392472267 1026.5617510825396 3160.3911688327789 1019.8857435882092 421.35932444036007 671.27761600911617 3288.1574656814337 1110.2711252719164 1222.4102928340435 1956.6586586982012 212.13228204846382 1940.4947002232075 691.02571597695351 1067.7790774852037 5264.2453894466162
leaf_count=8952 19609 11601 8619 8701 3427 6465 4933 8254 3703 10876 3562 893 3705 4991 14191 18381 7997 999 2375 3149 12496 3192 14568 2180 3496 8634 3575 5203 1281 2534 5975 19031 2645 5276 6839 2217 12281 3167 6378 2001 6751 6435 3829 6779 3567 2510 8890 8687 4522 13881 4194 1767 2859 13578 4744 5216 8465 891 8191 2987 4478 23526
internal_value=6.75072e-05 0.00258169 0.0038178 0.000593242 0.00371249 -0.0123143 0.0100736 0.00692437 -0.00535725 0.0115473 -0.00671806 -0.00790503 -0.00624037 -0.0141252 0.013521 -0.0105744 -0.00347928 0.000871473 0.000127651 0.0106681 0.00967378 0.000967932 0.0115417 -0.0323879 -0.00131309 -0.000789221 0.00620039 0.00191937 -0.00458431 -0.0220248 -0.0164605 0.0118336 0.00822182 -0.0145958 0.00332106 -0.00734701 0.00172863 0.0100523 -0.00211704 0.0190211 0.016403 -0.0111527 0.0150821 0.0040156 0.00635517 0.00570433 0.00742857 0.0039911 0.00354382 0.0163952 -0.0244598 -0.0175226 -0.00866575 -0.00611635 0.000834599 0.00825424 0.00330827 -0.0311734 -0.00405048 0.0106115 0.000143884 0.0179475
internal_weight=99720.1 82889.7 77326 51025.7 35766.9 16830.4 26300.3 26413.3 9353.56 24269.2 15258.8 11575.9 10840.1 3919.34 20482.3 10548.9 9270.97 3786.98 9381.7 17031.6 16239.1 5434.22 17380.7 735.796 8370.76 2778.69 6929.21 4709.97 5665.89 5254.45 3074.7 13460.4 7519.55 5563.7 7442.21 2805.37 6462.86 2041.85 4421.02 1213.84 5940.89 4285.45 10451.5 6114.99 6908.44 6208.36 5615.21 4060.54 3545.69 9559.18 1632.29 4882.98 1233.85 5361.6 4554.28 6063.11 3179.07 1113.96 2792.55 1917.42 1600.5 8424.64
internal_count=425099 354881 331569 216527 152876 70218 115042 113795 39081 106423 63651 48563 45490 16280 90026 43708 39025 16397 40414 73381 69954 22801 75835 3073 35320 11783 29666 19943 23560 21655 12703 58171 32389 23312 32160 11686 27323 8664 18659 5168 25782 18036 46169 26091 29744 26926 24416 17577 15398 42340 6728 20148 5234 22279 19312 26177 13681 4594 11753 8190 6695 37407
is_linear=0
shrinkage=0.05


Tree=21
num_leaves=63
num_cat=0
split_feature=2 2 6 141 2 80 6 2 5 199 180 6 5 6 2 102 21 21 68 6 6 6 5 2 6 2 6 218 217 261 6 78 213 164 202 161 45 93 202 189 122 6 110 48 2 74 183 195 21 164 254 24 213 200 180 162 172 203 6 62 254 32
split_gain=3332.35 1308.36 1013.98 579.917 507.354 449.136 422.599 429.698 297.332 294.87 284.51 205.45 203.305 191.787 181.6 176.811 167.394 212.679 157.124 149.354 179.626 142.058 134.496 127.655 123.154 151.91 121.808 114.933 134.094 113.051 112.837 109.821 110.745 108.505 103.574 94.5598 99.9369 93.6407 101.317 97.3539 99.0741 93.5294 90.1005 86.0862 84.6015 83.3408 83.1016 82.4081 80.3838 96.3392 79.4313 80.7076 78.0719 77.9599 76.9807 76.2621 74.545 73.2072 72.636 72.4765 90.3758 71.518
threshold=2.3014124631881718 1.2270444035530093 0.29000000655651098 -0.042831420898437493 0.88494509458541881 0.058761596679687507 0.85500001907348644 1.8139718174934389 0.075000001117587103 -0.0034246444702148433 -0.064056396484374986 0.56499999761581432 0.075000001117587103 0.60500001907348644 2.6471161842346196 -0.017448425292968747 -0.10623168945312499 0.095855712890625014 0.083587646484375014 0.53499999642372142 0.50499999523162853 0.41499999165534979 1.0000000180025095e-35 -0.31173203885555262 0.82499998807907116 1.7065220475196841 0.14500000327825549 -0.0047397613525390616 0.033401489257812507 0.038070678710937507 0.85500001907348644 -0.032913208007812493 -0.039047241210937493 -0.065948486328124986 -0.051742553710937493 0.0013184547424316408 -0.076141357421874986 -0.082000732421874986 0.056320190429687507 -0.082061767578124986 0.091156005859375014 0.7749999761581422 0.022102355957031253 -0.017417907714843747 0.53903713822364818 0.065277099609375014 -0.0068416595458984366 -0.047286987304687493 0.091094970703125014 -0.072235107421874986 -0.098358154296874986 -0.023628234863281247 -0.10598754882812499 -0.0038309097290039058 -0.089019775390624986 0.037643432617187507 -0.14312744140624997 -0.050827026367187493 0.60500001907348644 -0.027534484863281247 0.014438629150390627 0.054733276367187507
decision_type=2 2 2 2 2 2 2 2 2 2 2 2 2 2 2 2 2 2 2 2 2 2 2 2 2 2 2 2 2 2 2 2 2 2 2 2 2 2 2 2 2 2 2 2 2 2 2 2 2 2 2 2 2 2 2 2 2 2 2 2 2 2
left_child=1 2 23 24 19 10 9 22 16 15 55 -11 31 -12 27 54 46 30 37 20 21 45 -8 26 43 -26 -1 -15 -29 48 -18 -9 -33 -17 -7 36 56 -13 39 -39 47 -35 -30 -3 -21 -4 -6 -41 49 -10 -24 -52 -14 -46 -5 -2 -16 -54 -45 60 -36 -59
right_child=5 3 4 6 8 34 7 12 29 11 13 18 52 14 35 33 17 -19 -20 44 -22 -23 50 -25 25 -27 -28 28 42 -31 -32 32 -34 41 59 -37 -38 38 -40 40 -42 -43 -44 58 53 -47 -48 -49 -50 -51 51 -53 57 -55 -56 -57 -58 61 -60 -61 -62 -63
leaf_value=0.0056687210454111382 0.014274215097212457 0.021938359813359461 -0.036719965856389744 0.0069196156425846206 0.038378422429006381 0.0037617912491087579 -0.0096355891671792288 0.0095705109344716831 -0.0081949635600297496 -0.045815591404225031 -0.021294035908808059 0.015295451915661224 0.012715911915887685 -0.0042662784499974691 -0.011105526212535919 0.01942956661105812 -0.013520876222989043 0.026749799330415887 0.018173969894474444 -0.07183810274063257 0.005752790711053616 -0.067745805488866231 -0.054381627755818576 0.0032469810658590811 -0.010278365478188417 0.006695092554318537 -0.056563831069571351 0.0011769708670711114 0.0066294361695638281 -0.052509650244658639 -0.039834434115405187 0.011730136888186936 -0.011162900701476441 0.014358939289992887 0.025626425086206158 0.014604777359137023 0.0045370434900911466 0.016614559987942947 -0.019624035309430042 -0.020039451134520374 0.0097167290027019588 -0.0008243491684549898 0.027456503275037319 -0.024428183693498157 -0.063612936824412478 0.012090074084243944 -0.018040671450289338 -0.0058149534424009573 0.011398238027109184 -0.038022461769299243 -0.017865526677406283 -0.032348635979319355 -0.0030933458011100905 -0.039002589595880398 -0.011387274922112256 0.026689616785078779 0.022724601799916991 -0.019201871009460705 0.0093380759119188264 0.027444246754874203 0.0066583008076074243 0.0010635100917846859
leaf_weight=137.35043951869011 5849.7884854078293 1561.0301041156054 636.98119159042835 816.20048722624779 236.30600865185261 735.20108027756214 1221.6483632773161 1955.678735807538 351.76866267621517 349.88203756511211 632.96653638780117 387.61063793301582 276.23748551309109 4718.4392623305321 185.05195800960064 1849.322059109807 1460.5534246563911 264.18728967010975 586.64099210500717 611.34411363303661 228.28168849647045 379.37593725323677 276.06744915246964 3083.5774645209312 1881.4937790930271 4396.744303509593 182.38844637572765 4636.9125004261732 1103.370537981391 670.38023985922337 565.07636864483356 691.5065244436264 2227.5918011814356 1635.4811900556087 1344.46766500175 6511.6740611642599 7956.4703094959259 423.51745010912418 1964.1385065615177 1608.8552449196577 660.87611678242683 2667.4197369813919 981.41381479799747 168.22401857376099 555.4670657813549 100.85470911860466 89.341164574027061 2773.9680578112602 118.87335431575775 1183.3141667097807 1591.3907630443573 2450.1326332092285 1147.4163249135017 784.92497922480106 1931.6496022641659 1570.437960550189 1323.5767666697502 4310.6173293590546 2719.6667814999819 4328.4319438487291 1179.3574460446835 484.14086060225964
leaf_count=553 25998 6665 2623 3441 1054 3325 5080 8265 1449 1421 2568 1619 1172 20036 828 7870 5950 1152 2515 2524 940 1619 1153 12838 7841 18561 745 19783 4767 2760 2289 2950 9268 6910 6072 28813 34565 1792 8133 6654 2772 11233 4324 684 2261 414 367 11543 498 4822 6532 9996 4776 3213 8031 7032 5937 17735 11546 19999 5209 2021
internal_value=7.65403e-05 -0.00789184 -0.0228331 -0.00402779 -0.0323178 0.0105613 -0.00720203 -0.0129209 -0.0221722 -0.00181417 0.00819906 -0.00832852 -0.00724075 0.00589548 0.00652395 0.00459456 -0.0106019 -0.0153732 -0.00676286 -0.0475062 -0.0346419 -0.0428936 -0.0242928 0.000125335 0.00611798 0.00160757 -0.0298962 0.0017148 0.00591335 -0.0351816 -0.0208774 0.000404461 -0.0057376 0.00930397 0.021602 0.00996721 0.00677551 -0.0086359 -0.00988602 -0.00638462 -0.00831876 0.00494863 0.0164423 0.0124812 -0.0563523 -0.0300408 0.022892 -0.0110399 -0.0281307 -0.0311972 -0.0284368 -0.0266516 -0.0132331 -0.0492411 -0.005949 0.0169051 0.0185703 -0.0144414 0.00736337 0.0235153 0.016769 -0.0171558
internal_weight=99713.1 56655.5 11640.3 45015.1 8237.03 43057.6 34288 16632.4 4939.8 17655.6 35470.1 8755.49 11093.2 28049.9 27416.9 8900.07 2615.46 2289.82 8405.61 3297.23 1345.49 1117.21 5539.24 3403.32 10727.2 6278.24 319.739 11440.1 6721.7 2324.34 2025.63 4874.78 2919.1 6152.22 7587.46 15976.8 9465.1 7818.97 7431.36 5467.22 5043.7 4302.9 2084.78 4448.92 1951.74 737.836 325.647 4382.82 1653.96 1535.08 4317.59 4041.52 6218.41 1340.39 2747.85 7420.23 1508.63 5942.17 2887.89 6852.26 2523.83 4794.76
internal_count=425506 236250 48071 188179 33935 189256 142882 68948 20341 73934 154651 36449 46187 121621 119053 37485 10812 9391 35028 13594 5596 4656 22761 14136 45297 26402 1298 48910 28874 9529 8239 20483 12218 26013 34605 70143 41330 32513 30894 22761 20969 18143 9091 18895 7998 3037 1421 18197 6769 6271 17681 16528 25704 5474 11472 33030 6765 24532 12230 31280 11281 19756
is_linear=0
shrinkage=0.05


Tree=22
num_leaves=63
num_cat=0
split_feature=2 4 2 2 240 227 2 49 80 128 226 225 0 96 96 0 0 109 254 106 190 254 259 15 254 4 4 190 150 80 49 238 2 2 27 79 185 4 117 2 4 241 2 42 241 144 49 225 254 20 202 217 120 201 15 90 52 26 130 2 4 227
split_gain=3029.56 1201.94 757.489 579.465 457.287 377.271 345.038 339.037 299.153 280.352 216.293 210.646 188.99 184.087 181.289 170.453 144.861 132.381 132.345 135.895 116.555 111.964 111.465 120.714 110.498 108.493 105.446 99.0363 98.6912 103.656 96.732 94.3908 93.3138 101.208 89.181 87.8882 85.0692 81.5404 81.055 79.3799 78.3886 78.1993 77.3612 76.835 76.3766 74.3216 73.7599 73.7533 73.2998 73.1443 72.8777 72.511 72.2311 69.848 69.504 69.2007 68.759 68.2441 66.8152 65.3837 70.5892 65.3536
threshold=2.0906093120574956 0.16955383121967318 1.1867352128028872 2.607020497322083 -0.001404762268066406 0.051834106445312507 1.5716223716735842 0.083892822265625014 0.064178466796875014 0.0027608871459960942 0.045974731445312507 0.0032873153686523442 0.029249999672174457 -0.016151428222656247 0.020896911621093753 0.12424999848008157 0.024249999783933166 0.050613403320312507 -0.11941528320312499 0.064727783203125014 -0.014156341552734373 0.035995483398437507 0.013820648193359377 -0.016990661621093747 -0.098358154296874986 0.83633205294609081 0.057615090161561973 0.055313110351562507 0.047531127929687507 -0.059280395507812493 0.091583251953125014 -0.023597717285156247 1.0420281291007998 0.53903713822364818 0.048141479492187507 0.0092353820800781267 0.11801147460937501 0.95094677805900585 0.045516967773437507 1.8526903986930849 0.061339046806097038 -0.025596618652343747 -0.31173203885555262 0.070953369140625014 -0.015079498291015623 0.083648681640625014 0.039382934570312507 0.013492584228515627 0.045547485351562507 0.042404174804687507 -0.077789306640624986 -0.0032129287719726558 -0.0089378356933593733 -0.047622680664062493 0.054733276367187507 -0.0034284591674804683 0.026817321777343753 -0.073699951171874986 0.060623168945312507 0.9337160885334016 0.66866442561149608 -0.0057697296142578116
decision_type=2 2 2 2 2 2 2 2 2 2 2 2 2 2 2 2 2 2 2 2 2 2 2 2 2 2 2 2 2 2 2 2 2 2 2 2 2 2 2 2 2 2 2 2 2 2 2 2 2 2 2 2 2 2 2 2 2 2 2 2 2 2
left_child=1 6 7 4 12 9 43 10 15 13 20 40 56 41 52 27 44 22 38 58 -3 51 23 47 39 55 -8 31 29 -26 -31 -5 33 37 -28 36 57 42 -15 -18 -6 -4 -22 -1 -11 -24 -34 -14 -19 -42 -10 -13 -7 -44 -55 -16 -2 -33 -20 -35 -61 -32
right_child=3 2 5 8 11 14 26 -9 50 16 -12 21 17 18 25 -17 24 48 19 -21 32 -23 45 -25 28 -27 34 -29 -30 30 61 35 46 59 -36 -37 -38 -39 -40 -41 49 -43 53 -45 -46 -47 -48 -49 -50 -51 -52 -53 -54 54 -56 -57 -58 -59 -60 60 -62 -63
leaf_value=-0.04757471133278348 0.029702710789044202 -0.028063247633619684 -0.0076642475476391848 0.0058715315475697388 -0.017789018332054252 0.011576685005055569 -0.034554693739820806 -0.038720737348854201 -0.0060345321921982144 0.030872073866352653 -0.034527973313298779 -0.007467931537131974 0.0089083867038306386 0.014001190331883032 0.012938867564242385 0.0052853341975032499 -0.04189507342915174 0.023032900603123699 -0.0025542251517225705 -0.014664739395567906 -0.033154998609835465 -0.012570681542973753 -0.0013762533807083993 0.016164590001775978 -0.019094058385902269 -0.0013552083381325021 -0.018986368134580364 0.022697660141764914 -0.011868923499640523 0.0084309903213791726 -0.01263406163501741 0.034574371419244264 0.013684276021640128 -0.032010205051468475 0.0048011628976585494 0.020964990685734458 -0.018221196455640735 -0.044529818800038 -0.054809887092248821 0.0010422297556727733 0.0087723267598925816 -0.020542853782425777 -0.057309779408451604 -0.026575067343709281 0.005738743397492971 -0.038038493700188698 -0.015692495332857721 -0.010874615004381657 0.0038786721991505794 -0.0046545748376926061 0.026439701067618351 0.0048919246690795745 -0.0039118163193685778 0.0031764466968279541 -0.014192010263328135 0.033532150062120188 0.0064067668960582835 0.010065368898752135 0.010167695317356541 -0.041210172915373079 0.0017563270806781129 0.00750757734889045
leaf_weight=2099.977876663208 1499.596099153161 825.7042893320322 1703.9895407408476 3931.9064974486828 371.15989045798779 1232.5532997697592 931.82565478980541 1697.6286092400551 179.79448647797108 574.99924951791763 1096.7920063883066 2589.0136073380709 1001.6002883464098 54.022857204079628 634.04671595990658 8557.5475596487522 270.85130579769611 1773.1005509346724 3988.1681291013956 1950.6944929212332 222.51652781665325 4884.1240766793489 2874.8634943515062 2640.1056610196829 493.47440113127232 444.90585280954838 2538.534103050828 2769.0758198201656 1338.5358029603958 4653.361173838377 1115.6123665422201 309.17580009996891 759.94029761850834 779.8672728985548 465.95439869165421 3684.2760533392429 245.55024744570255 133.58075204491615 198.63439577817917 178.12404079735279 4679.9703607857227 3835.0778039395809 56.307145327329636 555.26422679424286 637.26525194942951 144.22284978628159 296.16732527315617 887.75868830084801 695.84172575175762 1294.2031655907631 4216.7513367235661 2189.0724754631519 1930.3287413269281 2108.9339923858643 791.31884658336639 1152.4977906048298 402.30952824652195 3402.2644412219524 1391.2874870300293 126.3457425236702 383.05238585174084 629.11355493962765
leaf_count=8597 6876 3377 7074 17307 1554 5233 3765 6956 814 2507 4575 10846 4346 223 2706 37222 1119 7693 16615 8012 913 20310 12313 11440 2049 1876 10368 12558 5577 19734 4583 1395 3187 3174 1918 16585 1074 550 845 740 20217 15694 237 2268 2701 594 1212 3748 2981 5511 19664 9290 8080 8842 3298 4980 1760 15159 5832 514 1601 2609
internal_value=0.000172512 -0.00957093 -0.00612524 0.0079847 0.00292089 -0.00207379 -0.029267 -0.0185283 0.0131652 -0.00486354 -0.0140017 -0.00260009 0.0103351 -0.00965467 0.00982649 0.0108708 0.00149271 0.00759022 -0.00459209 -0.00336291 -0.0105247 -0.00724787 0.00430185 0.00926153 -0.000769436 0.0207358 -0.0198633 0.0142028 0.000549596 0.002963 0.00466694 0.0121685 -0.0079607 -0.0110363 -0.0152969 0.0154075 0.0102291 -0.00640691 -0.0400996 -0.0248959 0.00447723 -0.0165831 -0.00479154 -0.0431949 0.0176756 -0.00313964 0.00543901 -0.000387946 0.0176383 0.00586332 0.0251106 -0.00180544 0.0021257 -0.00264636 -0.0015657 0.0262349 0.0247809 0.0121158 0.000737321 -0.0229171 -0.00896049 -0.00537125
internal_weight=99500.5 44277.3 37685.7 55223.3 27926.9 28407.5 6591.56 9278.16 27296.3 23013.2 7580.53 16007.5 11919.4 13121.9 5394.33 22899.8 9891.34 10017.5 7582.81 7330.15 6483.73 9662.21 7548.55 4529.46 8679.07 2231.45 3936.31 14342.2 8230.1 6891.56 6398.09 11573.2 5658.03 4601.92 3004.49 7641.27 3956.99 3312.66 252.657 448.975 6345.33 5539.07 3179.08 2655.24 1212.26 3019.09 1056.11 1889.36 2468.94 5974.17 4396.55 4778.09 3162.88 2956.56 2900.25 1786.54 1901.91 3711.44 5379.46 1289.27 509.398 1744.73
internal_count=425398 184141 157225 241257 119479 118789 26916 38436 121778 95914 31480 67728 51751 54295 22875 101300 41619 43115 31527 30459 26905 40446 32441 19534 36411 9562 16051 64078 34552 28975 26926 51520 23528 19129 12286 34213 17628 13840 1068 1859 27282 22768 13290 10865 5208 12907 4399 8094 10674 25728 20478 20136 13313 12377 12140 7686 8636 16554 22447 5289 2115 7192
is_linear=0
shrinkage=0.05


Tree=23
num_leaves=63
num_cat=0
split_feature=2 4 2 2 201 5 2 5 80 257 82 225 227 82 218 22 61 0 4 184 5 230 49 201 34 2 5 20 198 103 4 178 50 9 78 4 4 201 259 0 230 129 4 123 262 139 2 254 31 225 4 257 5 61 215 224 221 78 82 170 2 116
split_gain=2726.41 1229.69 713.339 658.991 456.41 427.711 411.112 381.651 324.94 279.337 254.158 223.298 219.821 197.095 195.632 185.484 164.815 163.216 152.928 146.525 138.603 136.77 131.201 126.73 116.787 115.876 109.41 109.179 103.097 122.635 102.41 101.53 100.061 98.1805 93.1908 91.9888 91.1349 88.3721 87.5948 86.9418 85.2516 83.7822 82.488 79.9269 78.421 77.6647 77.093 75.1044 76.7575 74.5354 71.6385 71.5241 70.8874 65.7348 75.2451 65.3463 75.3072 64.9146 64.1563 63.7453 63.4558 63.4072
threshold=1.9550755620002749 0.31572239100933081 2.4994487762451176 1.1422427892684939 0.0099067687988281267 1.0000000180025095e-35 1.4957965612411501 0.075000001117587103 0.058761596679687507 -0.057540893554687493 0.014392852783203127 0.015769958496093753 0.017112731933593753 0.035110473632812507 0.051773071289062507 0.0076923370361328134 0.058822631835937507 0.03024999983608723 0.89079198241233837 0.047653198242187507 0.12500000372529033 0.027519226074218753 0.074676513671875014 -0.011699676513671873 -0.027168273925781247 3.0618563890457158 0.17500000447034839 0.048110961914062507 0.069854736328125014 0.034896850585937507 0.11136807873845102 -0.015026092529296873 0.031875610351562507 -0.071563720703124986 0.026222229003906253 0.13243609666824344 0.10782293230295183 -0.051284790039062493 0.0082664489746093767 0.033250000327825553 0.035385131835937507 -0.032058715820312493 0.071857850998640074 -0.017204284667968747 0.020866394042968753 -0.037338256835937493 1.5972545146942141 -0.068267822265624986 0.0041103363037109384 -0.065338134765624986 0.95094677805900585 -0.035354614257812493 0.12500000372529033 0.037673950195312507 -0.013446807861328123 -0.073638916015624986 -0.035842895507812493 0.045211791992187507 0.0078926086425781267 0.019615173339843753 3.5101451873779301 -0.018196105957031247
decision_type=2 2 2 2 2 2 2 2 2 2 2 2 2 2 2 2 2 2 2 2 2 2 2 2 2 2 2 2 2 2 2 2 2 2 2 2 2 2 2 2 2 2 2 2 2 2 2 2 2 2 2 2 2 2 2 2 2 2 2 2 2 2
left_child=1 6 4 7 11 34 10 22 14 -7 23 20 21 30 16 28 25 -6 19 32 27 43 24 -1 -3 31 33 36 29 -13 -8 -4 46 -19 50 -35 -2 -16 -17 -32 -41 44 -25 58 -18 -26 -14 48 -45 -33 -5 -51 -27 -10 -55 56 -15 61 -11 -39 -61 -37
right_child=2 3 8 5 17 9 13 -9 53 12 -12 15 18 55 37 38 41 26 -20 -21 -22 -23 -24 42 45 52 -28 -29 -30 -31 39 49 -34 35 -36 57 -38 59 -40 40 -42 -43 -44 47 -46 -47 -48 -49 -50 51 -52 -53 -54 54 -56 -57 -58 -59 -60 60 -62 -63
leaf_value=-0.041633544402226448 -0.0087222406986139176 -0.020887684391032908 0.010166716950406907 0.018580338505640902 0.0243476355517185 -0.021150822752077622 -0.022581419281234742 -0.034798180413968004 0.025088093100069937 -0.0019554539647070601 -0.05275890749434712 -0.016549417978758665 0.0063835849486000469 0.039965013487289841 0.0058147300190385031 0.011375915334991457 -0.03780572538985244 -0.0029999083176408133 -0.015278153984078991 0.02313892780196676 -0.0062308894850079408 -0.015090922432263629 -0.02928028684610547 -0.043089249007864816 -0.01794364834515267 0.018601611380649776 -0.0073679893158393912 -0.0070313773172993102 0.0036756927695480546 0.001852250789728516 0.014090228128564121 0.018431145374640082 0.015895670022067886 -0.004451927913985348 -0.0013997367615695168 0.024637095114557139 0.012829246794585584 0.024327284184783443 -0.0059438287446868269 -0.0024517825748192981 -0.023280450354796103 -0.00046288240447358767 -0.014510921236172571 -0.068240806094444204 -0.00065435035746741477 0.0021296552514039001 -0.014234534778571157 0.0054410419308666136 -0.0017173086143683137 0.0087086504632105915 -0.012891905872446797 -0.0046613952123743408 0.0076057192899683023 0.0202805454415316 -0.0036481543882617515 -0.033990571036346881 -0.021417928686744147 0.0025086329727420234 -0.021468620799731053 0.010835319405594981 0.036011131596024162 0.011929138327597568
leaf_weight=1042.7341684252024 555.68265467882156 1070.7811961770058 5361.870241984725 3375.0291976034641 1577.220159381628 2124.6667249649763 1198.5951251536608 2304.2977606654167 4430.3258339911699 1016.0566076338291 1625.9928010553122 6383.9131195247173 942.80880726873875 62.419087305665016 1589.774246186018 1450.0960923284292 337.34030522406101 1348.5246614962816 686.25019559264183 1437.8824115395546 3048.2148233056068 3044.6834691762924 756.97563517093658 306.1991922557354 595.8393571972847 3393.3011909425259 1169.4187532663345 1129.0361002534628 934.52655531466007 1054.7805953323841 486.53304676711559 531.12207168340683 1044.4322443604469 740.02422761917114 864.49852126836777 1669.881051197648 4143.4129245877266 2886.6193876862526 1468.1939916610718 1514.9561078697443 726.22833950817585 1842.3975637406111 1431.9093975871801 70.115518674254417 244.89152000844479 2500.6082650125027 871.59598316252232 2818.993160367012 111.2483344823122 1347.1440224051476 190.3673207461834 3875.8683904111385 2583.551035001874 1104.5872444063425 467.04899814724922 1607.2183940410614 234.98009572923183 929.15119279921055 718.81127162277699 2335.84604395926 279.67640523612499 2389.1355045884848
leaf_count=4320 2314 4407 23693 14384 7159 8810 4850 9549 20763 4215 6702 26146 3967 266 6892 6149 1415 5699 2835 6157 12809 12547 3094 1252 2474 15140 4949 4772 3904 4408 2051 2341 4390 3113 3646 7274 17792 13098 6146 6276 2968 8002 5916 291 1080 10462 3633 11814 468 5896 793 16840 11417 5148 2152 6548 965 4034 2952 10513 1293 10326
internal_value=-4.16319e-06 -0.0108076 0.00634377 -0.00512992 0.000778133 -0.000310623 -0.0255277 -0.0180072 0.011462 -0.00436913 -0.0370528 -0.00352664 -0.001574 -0.0168126 0.00909105 -0.00819104 0.00650618 0.00961551 0.00662444 0.0101254 0.00240715 -0.00682522 -0.0101443 -0.0278535 -0.00666205 0.00823665 0.00679512 0.0069253 -0.0119739 -0.0139402 -0.0104056 0.00521717 0.00357424 0.00913626 0.0133267 0.0119934 0.0102794 0.0162029 0.00266329 -0.00504909 -0.00920843 -0.00569146 -0.0195674 -0.00150842 -0.0222075 -0.00173753 -0.00352324 0.0034311 -0.0276686 0.000604073 0.0168968 -0.00121192 0.0138506 0.0219705 0.0131718 -0.0300081 -0.00844392 0.0144335 -0.0100481 0.0192028 0.0135401 0.017162
internal_weight=99386.3 36783.7 62602.6 26545.9 29991.2 19317.4 10237.8 7228.5 32611.4 14887.5 4406.84 20167.9 12762.9 5830.93 26609.4 11291.5 19517.5 9823.36 4982.97 4296.72 8876.35 7779.91 4924.2 2780.84 4167.23 17092.9 8246.14 5828.13 8373.22 7438.69 3926.31 11116 2858.84 7076.72 4429.9 5728.19 4699.1 7091.92 2918.29 2727.72 2241.18 2424.63 1738.11 4735.22 582.232 3096.45 1814.4 3000.36 181.364 5754.13 3565.4 5223.01 5976.85 6001.96 1571.64 1904.62 297.399 4988.17 1734.87 5502.14 2615.52 4059.02
internal_count=425679 153002 272677 110888 126994 80902 42114 29986 145683 62079 18190 84440 53269 23924 117620 46753 85824 42554 20982 18147 37687 32287 20437 11488 17343 75327 35395 24878 34458 30554 16145 48770 11990 30446 18823 24747 20106 31796 12295 11295 9244 10497 7168 19740 2495 12936 7600 12573 759 25077 15177 22736 26557 28063 7300 7779 1231 21634 7167 24904 11806 17600
is_linear=0
shrinkage=0.05


Tree=24
num_leaves=63
num_cat=0
split_feature=2 2 5 5 80 3 3 5 9 0 225 256 0 2 90 3 3 78 240 21 148 3 253 225 102 88 3 240 201 78 21 218 9 45 2 21 21 224 201 2 159 175 3 49 2 103 193 95 2 225 132 3 2 3 0 132 202 93 150 21 2 156
split_gain=2494.68 910.773 534.521 506.751 397.13 395.525 364.972 297.781 287.797 253.327 208.35 179.572 172.147 170.756 156.716 153.933 144.703 142.349 139.696 135.228 131.336 131.137 128.807 134.376 112.744 111.551 111.551 111.483 106.317 95.1349 93.2827 92.2869 90.5452 88.9452 91.1926 87.5967 103.846 83.9999 83.5384 80.3503 108.094 79.775 79.4392 79.383 77.7151 77.286 75.7302 75.2532 74.7812 89.7566 82.0741 74.4536 73.7485 73.0044 72.7343 72.639 70.3059 69.6893 68.7796 64.7086 63.2519 62.8779
threshold=2.2517027854919438 1.2613752484321596 0.075000001117587103 1.0000000180025095e-35 0.040481567382812507 0.31211233139038091 0.096705060452222838 0.17500000447034839 -0.059555053710937493 0.050250001251697547 0.034744262695312507 0.029853820800781253 0.027250000275671486 2.6899180412292485 -0.060897827148437493 0.34823067486286169 0.86733254790306102 -0.032913208007812493 -0.034622192382812493 0.086944580078125014 -0.022712707519531247 0.080571036785841002 0.10879516601562501 0.040451049804687507 -0.019645690917968747 0.016670227050781253 0.78263545036315929 0.025749206542968753 -0.015739440917968747 0.045211791992187507 -0.12258911132812499 0.084564208984375014 0.019187927246093753 -0.055221557617187493 3.4507313966751103 -0.096588134765624986 0.084930419921875014 -0.033401489257812493 -0.085357666015624986 1.0950251221656802 0.053726196289062507 0.15789794921875003 0.89187732338905346 0.080230712890625014 0.53903713822364818 0.10885620117187501 -0.051498413085937493 -0.15533447265624997 1.412795424461365 0.051864624023437507 0.0044727325439453134 0.4831832498311997 1.1195503473281863 0.28974013030529028 0.03824999928474427 -0.035263061523437493 -0.044631958007812493 -0.063934326171874986 1.0000000180025095e-35 -0.077972412109374986 1.0105349421501162 -0.029945373535156247
decision_type=2 2 2 2 2 2 2 2 2 2 2 2 2 2 2 2 2 2 2 2 2 2 2 2 2 2 2 2 2 2 2 2 2 2 2 2 2 2 2 2 2 2 2 2 2 2 2 2 2 2 2 2 2 2 2 2 2 2 2 2 2 2
left_child=1 2 5 17 9 39 11 8 48 28 19 -5 58 22 45 52 27 25 -6 24 -9 -15 23 26 57 -3 51 29 43 -16 -26 41 -19 56 38 37 -37 -17 -35 40 -1 -23 44 -2 -32 -14 -38 -13 49 -8 -50 -11 -4 -25 -22 -29 -20 -7 -10 -46 -21 -24
right_child=4 3 15 6 18 10 7 20 12 13 -12 47 14 21 16 35 -18 32 33 60 54 31 61 53 30 -27 -28 55 -30 -31 42 -33 -34 34 -36 36 46 -39 -40 -41 -42 -43 -44 -45 59 -47 -48 -49 50 -51 -52 -53 -54 -55 -56 -57 -58 -59 -60 -61 -62 -63
leaf_value=-0.039813682860235747 0.013153058426295378 0.0060063450468019371 -0.053067188047813643 -0.030111913476594344 0.023936382202884056 0.006083096557417976 0.014287501376843231 -0.027968815082306295 0.020446877285783791 0.0023182311408579356 -0.026325797329838158 0.039153298460234257 -0.0097813353152963814 -0.017183011904507006 0.010491126907954187 0.024247614407948252 -0.014103697991422713 -0.0029624790768118018 0.0028361639978249217 0.0022530345128061471 0.00095878185058857204 0.0075730921195867667 -0.061026030959353994 -0.016970365644026122 0.030774253531489507 0.023914825472371792 -0.0083416588904022589 -0.012648586975528201 0.019140787760903461 -0.0067191537495909217 0.0078117515270947823 0.020470216400945956 0.012259448464882002 -0.015319304323522529 0.029337829047463494 -0.032432518036735768 0.029778823652238152 -0.025418466833078579 0.0084674524444988738 -0.010515860388583133 -0.015731435864162067 -0.020356471761708836 -0.021287118023176232 -0.00057489349648993623 0.015627019348318706 -0.043984433139736989 -0.038858450382446029 -0.0085765519336353322 -0.017047861912665406 -0.020661098261428344 -0.0061296609978071376 0.013599429931057838 -0.027810557734996213 -0.0029932288525342564 -0.014121233381803797 0.0016850942662626511 0.022588999427644002 -0.031958408189610425 0.0026549064535622796 -0.016774106627682993 0.048114585844412243 -0.0057999341025895858
leaf_weight=1390.0770929157734 2776.4844461083412 1694.0003745257854 1085.0273155421019 2253.7015729248524 4048.0876479148865 164.8070754557848 603.21145303547382 1432.8150989115238 1500.4111988693476 3577.120537057519 848.99175596237183 90.890252888202667 2170.1146223247051 517.8992527872324 5343.1095405817032 156.26814033091068 1281.2664814293385 3137.0813362151384 544.227843567729 117.46718735992908 1047.6118134111166 10160.352563530207 129.35515752434731 1295.5561120808125 254.01854276657104 1787.6140557974577 1488.8552572280169 1260.2703177630901 4039.9672159701586 944.25687927007675 1995.5253318846226 1416.6284950226545 1417.5834672152996 403.20556461811066 477.21158550679684 2360.3370697945356 119.99004934728146 184.62052227556705 4259.7767286896706 568.73154051601887 703.58001580834389 261.33178406953812 406.3469215631485 1696.0231891721487 195.49384585022926 177.91429942846298 59.197800472378731 814.83293884992599 3662.2817554175854 263.00455363094807 3250.0549767613411 2473.7732370495796 399.10716317594051 3345.1579845398664 3374.9778032451868 2953.3886078298092 2622.7748717516661 442.85654047131538 851.63122129440308 715.05900105834007 208.36185705661774 85.6231529712677
leaf_count=5761 12373 7195 4640 9157 18841 685 2532 5915 6505 15310 3466 391 9021 2160 22669 663 5317 13128 2487 493 4384 44618 523 5362 1131 7670 6408 5199 18671 3984 8366 6356 6069 1725 2201 9741 503 771 19161 2341 2903 1075 1646 7328 821 751 243 3372 14989 1074 13420 10748 1655 14009 13863 12374 12320 1809 3645 2929 930 356
internal_value=6.83808e-05 -0.00723662 -0.0191344 -0.00367201 0.00866535 -0.0114623 -0.0063934 -0.00469693 -0.00225411 0.00582189 -0.00362253 -0.0225579 0.00148706 0.00326276 -0.000598033 -0.0332111 0.00175289 0.00759582 0.0163197 0.000665734 -0.0148162 0.00742203 -0.000883622 -0.000204926 -0.00175896 0.0152056 0.00391507 0.00368877 0.0132618 0.00790577 0.00163492 0.00849981 0.00177681 0.0126057 0.00854188 -0.0264541 -0.0296476 -0.00264651 0.00640778 -0.0272056 -0.0317321 0.00687085 -0.000608289 0.00794831 0.00228949 -0.0123906 0.0070135 -0.00374891 -0.0101807 0.00366466 -0.011916 0.00693178 -0.0462986 -0.00689807 -0.0105497 -0.00260397 0.0191966 -0.021648 0.0140086 -0.00980814 0.0316382 -0.0391589
internal_weight=99307.3 53687.9 12375.9 41312 45619.4 8011.32 33275.7 30116.3 24260.9 33264.1 5348.93 3159.42 16482.4 24751.7 14130.3 4364.55 11782.3 8036.28 12355.3 4499.94 5855.4 12356.2 12395.4 12180.5 4174.11 3481.61 7539.75 10501 8512.47 6287.37 3566.44 11838.3 4554.66 8307.2 5140.19 2880.41 2539.52 340.889 4662.98 2662.39 2093.66 10421.7 3312.43 4472.51 2906.08 2348.03 179.188 905.723 7778.55 866.216 6912.34 6050.89 1484.13 4640.71 4422.59 4213.66 3167 607.664 2352.04 910.553 325.829 214.978
internal_count=426153 224121 51497 172624 202032 33281 138562 125642 101480 145297 22276 12920 69465 106925 59315 18216 49543 34062 56735 18810 24162 54209 52716 51837 17387 14865 32466 44226 38372 26653 14893 52049 19197 37894 23087 11921 10487 1434 20886 11005 8664 45693 13762 19701 12116 9772 746 3763 32015 3606 28409 26058 6295 19371 18247 17573 14807 2494 10150 3750 1423 879
is_linear=0
shrinkage=0.05


Tree=25
num_leaves=63
num_cat=0
split_feature=2 2 6 4 4 49 2 2 180 4 95 6 190 6 141 2 4 21 21 103 2 6 6 227 6 52 141 141 253 182 41 6 2 6 190 69 114 182 141 4 61 112 6 112 1 4 2 215 240 2 7 95 1 48 96 6 129 103 138 4 114 2
split_gain=2334.48 984.336 834.158 701.655 637.002 420.219 418.876 348.825 300.119 293.168 256.957 256.386 234.781 230.707 184.495 182.477 338.003 180.424 198.222 161.999 148.816 140.167 133.847 128.043 127.436 121.126 118.834 118.019 117.555 113.416 109.595 108.366 106.146 105.429 105.281 96.3801 111.525 93.093 91.2863 91.2161 91.0923 87.3623 86.9835 85.7922 85.638 85.0501 89.2822 81.6162 86.8576 80.1949 76.4517 73.993 72.0189 78.2578 89.0581 70.3458 69.5682 68.4084 67.0425 66.9906 67.1727 65.8712
threshold=2.391125082969666 1.2613752484321596 0.29000000655651098 0.21236574649810794 0.60042113065719616 0.10781860351562501 0.9337160885334016 1.8526903986930849 -0.062057495117187493 0.87720146775245678 0.020347595214843753 0.82499998807907116 0.046890258789062507 0.56499999761581432 -0.025123596191406247 1.7529292702674868 0.47739908099174505 -0.093658447265624986 0.059738159179687507 -0.033432006835937493 2.7990897893905644 0.81499999761581432 0.7749999761581422 0.066741943359375014 0.84499999880790722 0.013843536376953127 -0.059738159179687493 0.13116455078125003 0.0085639953613281267 0.053237915039062507 -0.013736724853515623 0.9350000023841859 -0.31173203885555262 0.14500000327825549 0.043075561523437507 -0.073516845703124986 0.10238647460937501 -0.098541259765624986 -0.064849853515624986 0.043301574885845191 0.0091514587402343767 -0.051071166992187493 0.70499998331069957 1.0000000180025095e-35 -95499999.999999985 0.25247788429260259 0.75054961442947399 0.030876159667968753 -0.0053195953369140616 1.7296485304832461 -0.095550537109374986 -0.091156005859374986 -39499999.999999993 -0.028541564941406247 0.0020074844360351567 0.13499999791383746 -0.060256958007812493 0.025108337402343753 -0.023033142089843747 0.047015702351927764 -0.083953857421874986 1.5088402628898623
decision_type=2 2 2 2 2 2 2 2 2 2 2 2 2 2 2 2 2 2 2 2 2 2 2 2 2 2 2 2 2 2 2 2 2 2 2 2 2 2 2 2 2 2 2 2 2 2 2 2 2 2 2 2 2 2 2 2 2 2 2 2 2 2
left_child=1 2 32 7 22 9 41 24 44 11 17 13 20 51 -7 16 -13 -8 27 26 31 38 45 37 61 35 -17 -19 -21 30 -22 47 33 55 -16 36 -14 -15 -9 -34 -31 -6 -11 -20 50 -4 -47 48 -10 -25 -2 -5 53 54 -39 -1 -49 -24 -12 -23 -61 -3
right_child=8 3 4 5 6 14 10 21 12 42 58 15 25 23 34 19 -18 18 43 28 29 59 57 49 -26 -27 -28 -29 -30 40 -32 -33 39 -35 -36 -37 -38 52 -40 -41 -42 -43 -44 -45 -46 46 -48 56 -50 -51 -52 -53 -54 -55 -56 -57 -58 -59 -60 60 -62 -63
leaf_value=-0.02258401984392841 -0.014055175908581055 -0.033898373969531437 -0.045695731705375123 0.031628068978894669 -0.010256024078903154 0.0014322922369940868 0.028459306274525444 0.027982026948774025 0.0091328971915871221 -0.041968045096015275 -0.020518585808852033 -0.033142734344712946 0.010517578770686107 0.026116807771211878 -0.016550137660518958 0.013753370214181611 0.00087690270013022803 -0.016250631779719457 0.030248498164342136 0.013809656183891947 0.016703271811266931 -0.02829275359781171 -0.059579589363442556 0.036752347471835402 -0.036750275354336753 0.0047613180806499317 -0.0073961672076145197 0.041565739382100536 0.00026195143573011574 0.014004107285984634 0.0060089516330549307 0.010448268153613506 -0.049343416077884297 -0.049583099420304651 -0.0032349169836233095 0.0209709693567771 -0.038602980947092247 0.0057338843534080249 -0.0014740957034497825 0.0065601010010231794 -0.015184664285962851 -0.041190850436874517 -0.0089018456938358519 -0.013403777696273326 0.026166145826031481 -0.039350695724732696 -0.013773920316677641 -0.034484611755284972 -0.0040158762160266105 0.013386187611838166 0.016028719275857844 -0.032610000285262175 0.02352044685888223 0.0032971546134934583 0.027095339992787987 0.048796616867265954 -0.0077581497527177915 -0.037880833499751347 -0.05966162310257761 -0.024152013855094707 -0.007422820552066796 -0.011979879228304471
leaf_weight=79.796117588877678 218.15661980211735 463.28811840713024 903.4380179643631 50.263592258095741 277.11857441067696 3419.6727864742279 488.59290419518948 303.511379301548 1788.0571359992027 213.54294976592064 219.79557786881924 1006.2062711268663 863.6338202804327 869.20044578611851 5098.8608632534742 821.85588455200195 2653.9645979553461 1696.1003595739603 464.10438418388367 4543.5215090662241 3941.2984310984612 597.99369820952415 1119.5209312438965 847.58313696086407 1734.8626524955034 2325.2045210748911 3443.6590904742479 92.16651739180088 2472.3697891533375 391.45272776484489 6111.262773245573 1956.5898749083281 73.784438848495483 184.092314645648 2094.9450730234385 5079.4793764054775 132.38784392178059 1090.2397422641516 1929.9243927001953 3018.2059172391891 837.54210014641285 1314.0418231338263 2746.7113114595413 147.84753951430321 2359.3213995993137 648.47787488996983 722.41441886126995 300.89331112802029 4214.0162117630243 650.36747223138809 5996.5676352381706 365.7075373083353 740.80609066784382 4345.2382102906704 883.20453102886677 59.295282155275345 1263.6918626725674 549.33842144906521 219.97495293617249 728.66617704927921 3388.9855236709118 1318.3264597952366
leaf_count=321 989 1870 3838 206 1135 14198 2135 1284 7916 876 908 4168 3896 3769 20725 3548 11190 6918 2008 19582 17882 2439 4638 3744 7014 10311 14500 379 10515 1753 27051 8617 297 771 8690 23233 594 4643 8069 12555 3668 5502 11475 609 11211 2759 3007 1256 18047 2840 27186 1495 3261 18470 3830 239 5438 2316 903 3008 14066 5380
internal_value=5.92913e-05 -0.00598171 -0.0186362 -0.00279905 -0.0267253 0.00033197 -0.01472 -0.0142737 0.00982941 0.00356881 -0.00462926 0.0053452 0.00741434 0.0116105 -0.00812892 0.0012175 -0.00848183 0.000796123 -0.00484455 0.00436484 0.00456526 -0.00777816 -0.0416963 0.0132192 -0.0271039 0.0144689 -0.00331892 -0.0132492 0.00903622 0.00845026 0.0102031 -3.74441e-05 0.00235826 -0.0248623 -0.0126735 0.0181827 0.00395647 0.0106838 0.00253956 0.00521055 -0.00588379 -0.035813 -0.0113005 0.0196974 0.018054 -0.0337756 -0.0258925 -0.00274987 -9.79013e-05 0.0266231 0.0149706 -0.0247906 0.00878023 0.00704863 0.015303 0.00797697 -0.0129168 -0.052464 -0.040189 -0.0126644 -0.0103884 -0.0176953
internal_weight=98881.1 61101.6 12278.1 48823.5 8862.93 38357.9 4919.74 10465.6 37779.6 27744.4 3328.58 24784.2 29205.5 9842.61 10613.5 14941.6 3660.17 2888.81 2400.22 11281.4 20804.8 6949.08 3943.19 9426.64 3516.48 8400.71 4265.51 1788.27 7015.89 11281.6 10052.6 9523.25 3415.17 323.184 7193.81 6075.5 996.022 7928.69 2233.44 3091.99 1228.99 1591.16 2960.25 611.952 8574.05 2274.33 1370.89 7566.66 6002.07 1497.95 6214.72 415.971 7059.49 6318.68 1973.44 139.091 1564.59 1668.86 439.771 4715.65 4117.65 1781.61
internal_count=425141 256093 51238 204855 37055 161725 20497 43130 169048 118112 13860 105761 129662 42258 43613 63503 15358 12049 9914 48145 91628 28866 16558 40557 14264 38034 18048 7297 30097 50354 44933 41274 14183 1331 29415 27723 4490 33973 9353 12852 5421 6637 12351 2617 39386 9604 5766 32657 25963 6584 28175 1701 30204 26943 8473 560 6694 6954 1811 19513 17074 7250
is_linear=0
shrinkage=0.05


Tree=26
num_leaves=63
num_cat=0
split_feature=4 225 259 4 141 141 103 22 170 69 4 188 180 129 170 24 52 175 0 259 4 144 132 150 40 24 78 78 102 29 52 259 150 136 77 132 103 19 163 179 141 22 186 103 142 144 7 49 1 223 195 78 61 31 150 129 144 119 45 4 45 144
split_gain=586.224 499.444 400.85 287.98 277.3 227.325 212.542 206.317 203.073 187.373 138.995 137.503 125.621 122.521 119.187 112.611 91.3447 90.5534 87.8538 87.6114 87.5978 84.5276 93.6022 84.3989 82.66 77.9744 78.8054 76.6796 70.9973 68.9317 68.8465 67.5328 66.0992 85.8492 82.8445 65.5939 65.139 64.5046 63.8661 63.4746 61.8132 61.5021 58.389 61.0515 58.2663 66.0447 57.6977 56.3061 55.9841 55.5875 54.5612 53.9822 53.4978 53.1253 59.5704 59.5434 51.7553 50.9866 50.7615 49.7736 49.2136 49.0417
threshold=0.10782293230295183 0.032760620117187507 0.089630126953125014 0.93205398321151745 -0.046676635742187493 0.045974731445312507 0.081634521484375014 0.030281066894531253 -0.078155517578124986 0.0098533630371093767 0.029679208062589172 0.0031785964965820317 -0.042434692382812493 -0.060256958007812493 -0.050033569335937493 0.033126831054687507 -0.023887634277343747 0.072845458984375014 0.099249999970197691 0.020774841308593753 0.86808958649635326 0.076995849609375014 -0.0044078826904296866 0.077850341796875014 0.0039577484130859384 -0.077606201171874986 -0.091888427734374986 -0.050979614257812493 0.063140869140625014 0.040817260742187507 0.0078239440917968767 -0.023796081542968747 -0.010845184326171873 -0.079803466796874986 -0.097625732421874986 0.055191040039062507 0.068328857421875014 0.058425903320312507 0.012004852294921877 0.021171569824218753 0.033615112304687507 -0.023384094238281247 -0.015514373779296873 0.068328857421875014 0.060653686523437507 -0.087066650390624986 -0.027336120605468747 0.046646118164062507 -51499999.999999993 0.0066356658935546884 0.0073528289794921884 -0.041397094726562493 0.078948974609375014 -0.026985168457031247 0.011844635009765627 0.048019409179687507 0.029045104980468753 0.016761779785156253 -0.096282958984374986 0.97841215133667003 0.017326354980468753 -0.078826904296874986
decision_type=2 2 2 2 2 2 2 2 2 2 2 2 2 2 2 2 2 2 2 2 2 2 2 2 2 2 2 2 2 2 2 2 2 2 2 2 2 2 2 2 2 2 2 2 2 2 2 2 2 2 2 2 2 2 2 2 2 2 2 2 2 2
left_child=10 2 3 5 20 13 49 9 15 21 -1 12 27 46 -9 48 -11 44 32 52 31 22 29 28 -8 -14 60 39 37 30 -6 -3 57 -34 -35 38 -19 42 41 -10 -25 -20 -18 -44 45 -12 -2 -13 -7 -4 -17 -51 -16 54 -28 -55 -21 -15 -36 -5 -27 -43
right_child=1 4 6 59 7 8 24 14 11 16 17 47 25 18 19 50 23 36 35 56 -22 -23 -24 40 -26 26 53 -29 -30 -31 -32 -33 33 34 58 -37 -38 -39 -40 -41 -42 61 43 -45 -46 -47 -48 -49 -50 51 -52 -53 -54 55 -56 -57 -58 -59 -60 -61 -62 -63
leaf_value=-0.027734290601311926 -0.0094783179302632813 0.012303354664369904 -0.0023068129142557506 -0.0093054652866920509 -0.0015368445387340139 0.012746829316408748 -0.0013514627322396961 0.020454660294114097 0.021365294239937431 0.0086036561284621449 0.0027107451029361671 0.0082755418620490719 0.0093419202860723603 0.012944725380873429 0.011042058444085541 -0.013545663597230768 0.013734371626408871 -0.017020296559332633 0.0057892261988736621 -0.0053598877224261118 -0.0098705057826535027 -0.051034722013205851 -0.0063508326788421048 -0.0058698159194539388 -0.044155892813627584 -0.01389159569573886 -0.046460577087404691 -0.0034216934282654634 0.01056746051601818 -0.020059495936280355 -0.016544051921619472 0.0024765529039407958 -0.0028180779571703495 -0.0099284412422500634 0.026230513089164815 0.011965016043088833 -0.048626166855878866 -0.014487068793667048 0.0078660370849085674 0.00037701683600921019 -0.037701784587716607 0.015500403721387399 -0.0060773279237092215 0.016699331575454314 0.0023400291366865501 -0.011799787263470123 0.0045582436699489991 -0.0027311986212632164 0.028739351644623424 -0.0033469161377884167 0.01335123983521159 -0.034912203735726823 -0.02823398647729582 -0.0088479732375480059 -0.0071132807300550681 -0.023671722065962058 -0.032323312686863635 0.022123054954838833 0.011233944154734726 -0.031519918347316836 0.01021521990943897 -0.0092630075725863899
leaf_weight=1193.1787954568863 1201.5504397302866 2658.6054621338844 2194.500377073884 1992.2638326734304 1345.824565783143 1961.4043145030737 139.03304678201675 900.2417723685503 737.23868004977703 1456.9202447682619 924.55889436602592 4034.5923836529255 476.66976353526115 5370.1082738637924 1273.6392590403557 525.87587477266788 496.67080511152744 751.62988193333149 2034.6748979836702 1131.6546759903431 1000.4020880460739 139.35629405081272 4493.7481956332922 286.67063470184803 597.92723889648914 333.68615944683552 260.13711017370224 2437.8062704950571 794.23854091763496 3870.4081594794989 1768.1104741841555 5104.8543149381876 1291.2402931004763 428.97605381906033 629.17997944355011 4123.0883484631777 208.0289858430624 1459.9954924881458 5672.0478724241257 703.60854740440845 325.92664113640785 223.97963228821754 3921.3181951791048 317.11030569672585 1229.9400151818991 5151.2021714150906 1870.4712486565113 1631.1544653624296 760.07033461332321 254.68880005180836 292.67330890893936 288.87070026993752 92.080262452363968 2448.6412855386734 152.9445588439703 936.81716197729111 210.32417584955692 2111.0962815731764 5461.8017364740372 288.06339198350906 575.21892070770264 1800.473486751318
leaf_count=4984 5198 11401 9434 8411 5713 8642 599 3983 3272 6283 3968 17606 2057 23708 5518 2277 2134 3156 8803 4825 4190 595 18955 1204 2606 1415 1082 10579 3389 16063 7351 21792 5663 1927 2964 18107 878 6087 24545 3062 1349 1003 16481 1360 5204 21692 8140 7054 3581 1078 1294 1211 392 10473 641 3958 890 9566 24146 1217 2478 7767
internal_value=4.89061e-05 0.0013028 0.00416926 0.00525256 -0.00357545 0.00603764 -0.0122772 -0.0063268 0.00158193 -0.00825193 -0.011787 -0.00100275 -0.00482239 0.00856397 0.00470487 0.0123329 -0.00286125 -0.00948177 0.00956495 -0.000537153 0.00404828 -0.0124548 -0.011982 -0.00505936 -0.0360933 -0.00991348 -0.0118648 0.00198303 -0.00349793 -0.0156036 -0.0100606 0.0058429 0.0121779 0.00895883 0.0112912 0.00668009 -0.0239151 -0.00530259 0.00443987 0.0111235 -0.0228396 -0.000348463 -0.00246823 -0.00436969 -0.00758283 -0.00959161 -0.000933132 0.00510681 0.0172222 -0.00585617 -0.00392408 -0.0201554 0.00837525 -0.0150286 -0.0319445 -0.0129557 -0.0096067 0.0155373 0.0127871 -0.0121243 0.00135935 -0.00651696
internal_weight=98749.2 89290.7 56242.6 52767.6 33048.1 50487.2 3475.02 24284.2 18268.5 20676.3 9458.54 14728.5 9062.77 32218.7 3607.94 3540.02 9058.85 8265.36 29146.7 2707.7 8763.86 11617.4 11478.1 7601.93 736.96 5184.11 4707.45 3878.65 6989.33 6984.34 3113.94 7763.46 15292.4 7811.2 6519.96 13854.3 959.659 6195.09 9731.18 1440.85 612.597 4059.13 4735.1 4238.43 7305.7 6075.76 3072.02 5665.75 2721.47 2738.06 818.549 543.56 1365.72 3798.54 413.082 3385.46 1341.98 7481.2 6090.98 2280.33 908.905 2024.45
internal_count=425401 385519 245564 230636 139955 221008 14928 102572 79471 86964 39882 63677 39017 141537 15608 15794 38287 34898 128199 11625 37383 48677 48082 32004 3205 22104 20047 16913 29451 29127 13064 33193 67974 34700 29037 60225 4034 26062 42118 6334 2553 17573 19975 17841 30864 25660 13338 24660 12223 11723 3571 2289 5910 16154 1723 14431 5715 33274 27110 9628 3893 8770
is_linear=0
shrinkage=0.05


Tree=27
num_leaves=63
num_cat=0
split_feature=2 2 2 6 6 240 227 2 80 182 0 225 2 5 261 6 21 68 132 156 5 78 254 6 5 6 2 259 129 21 21 136 0 166 253 6 6 2 109 31 127 120 225 17 9 253 93 2 6 6 2 6 6 77 129 253 2 78 77 80 253 136
split_gain=2109.85 528.023 499.105 897.518 688.589 417.651 324.629 268.308 236.232 206.208 197.565 190.512 187.808 181.927 158.886 145.971 145.204 175.089 140.126 137.12 131.804 126.916 119.689 132.562 118.946 108.781 108.739 105.026 117.624 103.538 119.586 100.349 97.1244 96.1719 95.6515 94.1231 155.017 87.0257 80.0658 79.4549 78.9944 78.9826 85.2786 76.0423 70.4857 69.2305 68.0126 67.9256 67.1977 169.435 115.978 105.2 71.9253 67.0423 66.5055 66.0726 64.9925 64.0433 63.8111 63.0855 62.6807 62.515
threshold=1.9550755620002749 2.607020497322083 1.1422427892684939 0.29000000655651098 0.85500001907348644 -0.0009434223175048827 0.052902221679687507 0.88494509458541881 0.058761596679687507 -0.052810668945312493 0.024249999783933166 -0.00051856040954589833 1.6842989325523379 0.075000001117587103 0.017387390136718753 0.67500001192092907 0.091094970703125014 0.028251647949218753 0.018363952636718753 -0.035324096679687493 0.12500000372529033 -0.065460205078124986 0.0076313018798828134 0.94499999284744274 0.12500000372529033 0.82499998807907116 -0.064799007028341279 0.013820648193359377 0.059707641601562507 0.091094970703125014 -0.085845947265624986 -0.089324951171874986 0.056250000372529037 -0.032577514648437493 0.0079154968261718767 0.14500000327825549 0.13499999791383746 -0.31173203885555262 -0.050704956054687493 0.035659790039062507 -0.085540771484374986 -0.025108337402343747 0.079925537109375014 -0.0048961639404296866 -0.015892028808593747 -0.0081291198730468733 0.091033935546875014 1.7529292702674868 0.32500000298023229 0.30500000715255743 0.32235230505466467 0.41499999165534979 0.31499999761581426 -0.091217041015624986 0.0081214904785156267 0.0029993057250976567 0.6535552740097047 0.068450927734375014 0.015800476074218753 -0.016029357910156247 0.055496215820312507 -0.018730163574218747
decision_type=2 2 2 2 2 2 2 2 2 2 2 2 2 2 2 2 2 2 2 2 2 2 2 2 2 2 2 2 2 2 2 2 2 2 2 2 2 2 2 2 2 2 2 2 2 2 2 2 2 2 2 2 2 2 2 2 2 2 2 2 2 2
left_child=2 5 3 26 6 10 9 25 15 19 61 34 20 21 29 60 17 31 44 -4 -6 -12 55 39 32 48 35 28 58 30 38 -11 -17 -26 -7 36 -1 -37 -9 -24 -33 -8 54 47 -14 -23 -29 -18 49 -5 -50 -52 -51 -10 -43 59 -28 -47 -15 -13 -3 -2
right_child=1 8 4 7 12 11 41 14 53 16 13 22 18 27 -16 24 43 -19 -20 -21 -22 45 23 -25 33 -27 56 46 -30 -31 -32 40 -34 -35 -36 37 -38 -39 -40 -41 -42 42 -44 -45 -46 57 -48 -49 50 52 51 -53 -54 -55 -56 -57 -58 -59 -60 -61 -62 -63
leaf_value=-0.01305044405800718 0.012549070722812104 -0.0037483709833930679 0.021682939882066384 -0.049660967822369478 -0.017487119852619689 0.0068255474722354603 0.026560811005011772 0.035473295080291116 0.0029717251487208413 -0.031620678427221847 0.023564618163407925 -0.0039434246850499058 -0.021379831378461164 0.003434066025328713 -0.034789506667853236 0.020144754756074412 0.03810741623329892 0.0018982282989104236 0.00042118517238447266 0.0010739561044687518 -0.035406748584583474 0.014272169404532357 -0.0046246784736215995 0.0093620780866154902 0.015720786860334766 -0.064352563723299935 0.010159593322895163 -0.0054979497155566081 -0.011185987998812555 0.019653119936116889 -0.022391907616600572 -0.032338195775634425 0.010113870937967178 0.0025859400485164466 -0.0064270668956183039 -0.048476543049559097 0.05006380307689412 -0.010574038434025601 -0.0099142448241401303 -0.015308335805405802 -0.0093495884426232825 0.0025972329940962165 -0.016051889323990046 -0.018982547282391599 -0.0065273566705816334 0.0049429773506921189 -0.045654211471013978 -0.014025446305436139 -0.054648230475614096 0.067392007954728134 0.011594989922372881 -0.035473726519419234 -0.0038051921438947583 0.022672435952073387 0.02243261549983841 -0.016171704234676332 -0.044975970756219966 -0.019157718468297294 0.017239284991747782 0.0092607303806342741 -0.035585423647908815 0.030726030209186145
leaf_weight=264.12693428993225 832.33585539460182 852.47403594851494 1072.6265980303288 165.31259256601334 4129.7600916326046 5403.762910977006 1056.7840588837862 162.18365034461021 477.81743837893009 711.24561774730682 1747.0857002437115 1778.3241561502218 2030.7093432247639 1893.1090696454048 1157.1930163502693 3317.453633248806 330.18194998800755 2503.5449239313602 2333.9418265968561 3251.6266810745001 1366.9755800068378 1992.9186418950558 2560.0156833380461 806.99977524578571 1739.2045855969191 414.77302111685276 2036.0550855100155 2736.7463227063417 856.45642201602459 233.44883960485458 1433.7934118211269 410.07527311146259 8867.0578440725803 6999.8236465156078 1819.1472028940916 190.57170361280441 152.74841850996017 727.44643507897854 239.38775013387203 5441.488421484828 4137.9761229157448 748.5170366615057 277.00644841790199 106.71988244354725 1318.341355279088 1877.7472464591265 108.70133410394192 76.457088708877563 843.26061408221722 56.811183303594589 128.68282625079155 1468.0480309277773 91.545457437634468 4519.2433668524027 970.36867205798626 526.47143436968327 53.915539503097534 322.04951752722263 1500.4033502489328 1839.2099266350269 187.93243107199669 1101.542516797781
leaf_count=1077 3717 3569 4577 692 17077 23388 4634 722 2193 2949 7678 7455 8267 8160 4842 15540 1408 10502 9742 13610 5600 8688 10752 3384 8037 1764 8546 11634 3634 1029 5881 1681 39438 31009 7731 806 626 2986 1004 22448 17139 3196 1146 440 5469 8071 454 321 3674 237 538 6210 379 21770 4175 2201 222 1383 6496 7860 766 5194
internal_value=0.000100063 0.00571433 -0.00941297 -0.0190576 -0.00588299 0.0016762 0.00088624 -0.0301192 0.0109779 -0.00265817 0.00800385 -0.00301875 -0.0153601 0.00579033 -0.019959 0.00874478 -0.00728137 -0.00898507 -0.00898417 0.00618982 -0.0219492 0.0122455 -0.00664683 -0.00994321 0.00965378 -0.0404545 0.00159774 0.000385518 0.00536257 -0.0116507 -0.0156409 -0.0141651 0.0128464 0.00520148 0.00348734 -0.00954578 0.0101399 -0.0184864 0.00845912 -0.0118912 -0.011429 0.0155125 0.00965224 0.0184488 -0.0155369 0.00752442 -0.00704749 0.0282949 -0.0368327 -0.0149852 -0.039634 -0.0316755 0.0237275 0.0207896 0.0138015 0.000360662 0.00871642 0.00140754 0.00954117 0.00277047 -0.00952786 0.0229132
internal_weight=98757.7 62105.5 36652.2 9819.3 26832.9 35144.5 15653.1 6394.44 26961 12600.5 14969.1 20175.4 11179.7 13035.2 3226.01 21963.9 8276.2 7762.84 5682.99 4324.25 5496.74 5939.8 12952.5 8808.5 20923.5 3168.43 3424.86 7095.42 4249.97 2068.81 1835.36 5259.3 12184.5 8739.03 7222.91 1334.89 416.875 918.018 401.571 8001.5 4548.05 3052.68 1995.89 513.359 3349.05 4192.72 2845.45 406.639 2753.66 313.669 2439.99 1596.73 148.357 4997.06 1718.89 4144.01 2089.97 2199.8 3393.51 3617.53 1040.41 1933.88
internal_count=425818 272650 153168 41235 111933 150328 65778 26972 122322 52627 65109 85219 46155 56198 13478 98359 34440 32271 23478 18187 22677 25820 54100 36584 94024 13494 14263 30378 18290 8636 7607 21769 54978 39046 31119 5495 1703 3792 1726 33200 18820 13151 8517 2169 13736 18142 12088 1729 11730 1308 10422 6748 616 23963 7371 17516 8768 9454 14656 15315 4335 8911
is_linear=0
shrinkage=0.05


Tree=28
num_leaves=63
num_cat=0
split_feature=4 5 225 6 117 207 259 1 5 4 106 6 1 4 52 213 106 6 6 144 6 6 4 234 103 6 104 135 6 217 172 54 1 161 1 106 23 6 4 158 1 52 23 1 175 241 260 170 6 138 22 180 161 144 52 4 158 6 126 6 240 6
split_gain=526.857 479.674 465.41 377.577 277.638 219.016 209.622 183.734 172.021 164.717 147.75 145.703 138.327 125.447 117.534 102.798 98.6531 97.0121 199.778 94.4188 94.3074 139.816 93.9353 91.8693 98.7167 85.4942 78.8727 76.6619 76.5918 77.123 76.1535 78.895 72.2485 68.8567 68.1324 66.9024 66.2884 62.8473 72.9483 59.6959 59.3281 58.3641 58.3275 60.6465 57.4987 56.5641 56.4298 58.6244 56.2151 55.8711 56.5635 55.6767 55.2528 54.5152 54.1749 53.6403 53.4064 53.5441 52.7863 49.7172 48.2438 47.9943
threshold=0.11136807873845102 0.12500000372529033 0.060379028320312507 0.72500002384185802 0.054794311523437507 -0.020835876464843747 0.055007934570312507 -50499999.999999993 1.0000000180025095e-35 0.87250295281410228 0.040084838867187507 0.89499998092651378 -63499999.999999993 0.043301574885845191 0.019767761230468753 -0.0040760040283203116 0.082855224609375014 0.14500000327825549 0.13499999791383746 -0.10226440429687499 0.89499998092651378 0.82499998807907116 0.51354607939720165 0.018852233886718753 0.062652587890625014 0.60500001907348644 0.081146240234375014 -0.13446044921874997 0.60500001907348644 0.054153442382812507 -0.14739990234374997 0.020484924316406253 -243499999.99999997 0.010257720947265627 -86499999.999999985 0.052200317382812507 -0.047225952148437493 0.94499999284744274 0.49506577849388128 -0.017967224121093747 -295499999.99999994 0.0022592544555664067 -0.026893615722656247 -259499999.99999997 -0.017112731933593747 0.027870178222656253 -0.022239685058593747 -0.066864013671874986 0.61500000953674328 -0.039779663085937493 -0.032150268554687493 -0.020927429199218747 -0.024650573730468747 -0.077484130859374986 0.036880493164062507 0.013615854084491731 -0.060928344726562493 0.7150000035762788 -0.030647277832031247 0.94499999284744274 0.024131774902343753 0.94499999284744274
decision_type=2 2 2 2 2 2 2 2 2 2 2 2 2 2 2 2 2 2 2 2 2 2 2 2 2 2 2 2 2 2 2 2 2 2 2 2 2 2 2 2 2 2 2 2 2 2 2 2 2 2 2 2 2 2 2 2 2 2 2 2 2 2
left_child=13 2 3 9 7 15 19 11 40 17 42 16 20 55 53 34 25 18 -2 -6 21 35 27 56 45 -3 32 -13 -12 37 -17 -32 -15 59 60 -10 -35 38 -30 -18 -7 -27 61 -44 -43 -25 47 -23 -34 -8 -51 -50 -53 -14 -24 -1 -19 58 -58 -29 -5 -4
right_child=1 4 10 5 6 8 49 -9 12 -11 28 22 14 26 -16 30 39 23 -20 -21 -22 46 54 24 -26 41 -28 33 29 -31 31 -33 48 36 -36 -37 -38 -39 -40 -41 -42 44 43 -45 -46 -47 -48 -49 51 50 -52 52 -54 -55 -56 -57 57 -59 -60 -61 -62 -63
leaf_value=-0.037885211891590664 -0.0015982146461350048 -0.023797445972829276 -0.0089589172909485624 0.017745367858707461 0.027414630679012859 0.005778444186927207 -0.016023351948085063 0.0076944597719066678 0.0089586262873666295 -0.020360377091233769 -0.051699981663770045 -0.038173461301247193 0.032128705648668057 -0.013060738476512941 -0.00094354386240087535 -0.016546657107577186 -0.0039000484289309816 -0.01066371079416167 0.056319073590209573 -0.011727282450595091 0.0061604699843244423 0.0029112897906428681 -0.0017352553833891776 0.00070000829485682365 -0.033117054960152041 -5.4248863578448646e-05 -0.025794098276801875 -0.0017830457703635464 -0.021209982134515169 0.005598973485119299 0.0057055201201079708 0.017542082378062651 -0.023277042356654776 -0.0097613337018757542 0.027023150202387294 -0.0055308274926698792 0.018565953333490478 0.0054158942400555901 -0.0079473661235690083 -0.02067833837001691 0.016127571137784277 -0.012491810292809366 -0.002453222714762433 0.0083705346783923638 -0.0027948049528853589 -0.019904425117050005 -0.0018766006233530128 -0.015558641079765659 0.00520123138889863 -0.016021255588644461 -0.048411054065350227 -0.015488281475992566 0.00067381414301914428 0.0143548641489211 -0.016413976100660126 -0.017641480927457414 -0.0013008952272019307 -0.016537040907565283 0.01064000736082788 0.012805556187452561 0.005738986501943987 0.014105276024786574
leaf_weight=392.37285405397415 448.11693295836449 586.78280775249004 2141.1546054333448 3815.7797997742891 168.20245803892612 2065.0854653120041 278.95666944980621 3858.9150696545839 2992.0806895941496 1212.1866200119257 111.69130004942417 96.837582021951675 600.95298765599728 2537.7108025401831 1068.293250143528 276.79773616790771 737.70923441648483 765.63104943931103 221.9400339871645 1727.120036020875 5880.066831484437 529.14086245000362 2829.446572676301 1085.7007125467062 411.63529476523399 4743.0835277587175 563.03321367502213 2240.2526976466179 1983.4588201642036 686.40522952377796 3676.2030943036079 2282.0553368031979 301.0494597107172 239.74081502854824 1594.119709789753 1084.8604829162359 1465.1903824657202 448.37076252698898 2175.2332858741283 1888.0345430076122 4212.6910376101732 2934.9027230143547 2612.7859085053205 2562.6516008079052 3190.9626219570637 479.46473057568073 2624.7355884462595 2276.812305688858 1944.2869025617838 170.04599729180336 673.94210128486156 947.95130716264248 1194.2117662280798 1536.6595682054758 807.21929895877838 1983.7369636446238 1659.7017281204462 300.7553131878376 2090.6977603882551 788.84769089519978 1073.1760892421007 251.19979175925255
leaf_count=1639 1879 2464 8939 16949 765 8915 1186 17231 12943 5026 466 414 2900 10602 4723 1256 3128 3261 936 7397 26016 2282 12472 4577 1740 20355 2372 9780 8199 2910 16197 10106 1264 1059 7482 4610 6650 1926 9033 7875 18550 12339 11023 10883 13538 2018 11310 9636 8375 735 2927 3981 5101 6981 3487 8305 7045 1294 8891 3541 4676 1088
internal_value=-2.97722e-05 0.0011898 0.00378178 0.00612857 -0.00402809 0.00829856 -0.0183914 -0.00238582 0.00556898 -0.00327319 -0.00458738 -0.00411117 0.00315245 -0.0109908 0.012599 0.0136356 -0.0072277 -0.000495662 0.0176408 -0.00824097 0.00118363 -0.00189465 0.00107185 -0.00228681 -0.0113601 -0.00522319 -0.00781272 0.0056406 -0.0109004 -0.0100299 0.00904951 0.0102412 -0.00634729 0.00654472 0.0180442 0.00510262 0.0145793 -0.0123592 -0.0142765 -0.0159677 0.0127247 -0.00421833 -7.75689e-05 0.00290681 -0.00744192 -0.00562053 -0.00714763 -0.0120758 -0.00246216 -0.0355007 -0.0419119 -0.000923409 -0.00648214 0.0193644 -0.00499706 -0.0209989 0.00143842 0.00372768 0.00535674 0.00201914 0.0151116 -0.00653227
internal_weight=98528.8 88664.5 59238.3 46265.3 29426.2 37589.5 3018.27 26407.9 24871.4 8675.83 12973 22549 18593.6 9864.35 3205.91 12718.1 14081.5 7463.64 670.057 1895.32 15387.7 9507.63 8467.54 6793.59 1976.8 11455.7 7488.24 4830.87 5405.16 5293.47 6235.06 5958.26 6925.21 4734.03 6483.08 4076.94 1704.93 4607.06 4158.69 2625.74 6277.78 10868.9 7567.79 5175.44 6125.87 1565.17 5430.69 2805.95 4387.5 1122.94 843.988 4086.45 2142.16 2137.61 3636.67 2376.11 4816.79 4051.15 3750.4 3029.1 4888.96 2392.35
internal_count=425648 384009 256666 202199 127343 165532 13010 114333 108866 36667 54467 97102 81401 41639 14604 56666 59699 31641 2815 8162 66797 40781 37403 28826 8335 48696 31695 21444 22534 22068 27559 26303 29323 21030 29107 17553 7709 19158 17232 11003 27465 46232 31933 21906 25877 6595 23228 11918 18721 4848 3662 17457 9082 9881 15959 9944 20491 17230 15936 13321 21625 10027
is_linear=0
shrinkage=0.05


Tree=29
num_leaves=63
num_cat=0
split_feature=201 141 170 150 183 234 180 5 260 190 103 195 121 207 45 159 253 159 37 77 221 141 151 5 246 67 69 190 248 190 222 7 51 173 123 61 190 82 179 51 208 179 68 131 217 253 74 72 86 232 25 233 123 251 150 34 214 185 207 67 241 240
split_gain=400.766 262.338 237.229 193.878 206.79 171.138 178.522 137.403 136.763 168.731 133.905 132.683 129.511 115.479 112.134 96.3605 95.9056 93.5423 78.3773 77.0875 78.1504 76.292 74.2423 69.1572 68.5969 67.4638 67.0555 66.8134 66.1222 65.4646 68.7514 63.9505 63.8725 80.987 69.6715 60.7471 59.0047 58.8456 62.9924 58.5934 58.0894 55.9985 55.3454 57.5602 53.6986 53.0511 52.7317 55.4237 52.1391 51.6649 49.0719 49.0402 47.4911 46.8583 45.0858 45.4737 44.9479 44.7219 44.5301 44.3502 43.432 42.7238
threshold=-0.035995483398437493 -0.0058841705322265616 -0.070037841796874986 -0.018974304199218747 -0.0042018890380859366 -0.077789306640624986 -0.050888061523437493 0.075000001117587103 -0.035263061523437493 0.010494232177734377 0.11221313476562501 0.011837005615234377 -0.029258728027343747 -0.063079833984374986 -0.11532592773437499 -0.0046710968017578116 0.10879516601562501 -0.087005615234374986 0.018898010253906253 -0.035079956054687493 -0.0054492950439453116 -0.087249755859374986 0.036483764648437507 1.0000000180025095e-35 0.094757080078125014 0.037094116210937507 -0.034988403320312493 -0.015529632568359373 -0.038589477539062493 0.010967254638671877 -0.029075622558593747 -0.068572998046874986 0.043869018554687507 0.084808349609375014 0.0014405250549316408 0.084320068359375014 0.052261352539062507 0.055557250976562507 0.092987060546875014 0.022254943847656253 0.0010123252868652346 -0.030860900878906247 0.074127197265625014 -0.021995544433593747 0.075347900390625014 0.093536376953125014 0.0062656402587890634 0.0090522766113281267 -0.015346527099609373 0.042709350585937507 0.030769348144531253 -0.014125823974609373 0.060165405273437507 0.036758422851562507 -0.066253662109374986 0.074859619140625014 0.001196861267089844 -0.0078697204589843733 -0.044815063476562493 -0.082611083984374986 -0.048751831054687493 -0.042037963867187493
decision_type=2 2 2 2 2 2 2 2 2 2 2 2 2 2 2 2 2 2 2 2 2 2 2 2 2 2 2 2 2 2 2 2 2 2 2 2 2 2 2 2 2 2 2 2 2 2 2 2 2 2 2 2 2 2 2 2 2 2 2 2 2 2
left_child=1 12 11 4 7 29 25 53 9 35 13 27 22 48 18 26 24 -12 -15 28 61 -10 -1 -6 40 31 -14 -2 -13 30 -5 -7 34 -34 42 -8 56 38 -33 -24 58 -22 43 -16 -19 -36 -29 -48 52 54 -17 -37 -3 -4 -25 -56 -11 -57 -9 -51 -44 -21
right_child=2 10 3 5 23 6 8 16 21 36 17 19 15 14 32 50 -18 44 -20 20 41 -23 39 49 -26 -27 -28 46 -30 -31 -32 37 33 -35 45 51 -38 -39 -40 -41 -42 -43 60 -45 -46 -47 47 -49 -50 59 -52 -53 -54 -55 55 57 -58 -59 -60 -61 -62 -63
leaf_value=0.0038048824356034976 -0.0088164704433329258 -0.011961110085194966 0.002024770783192804 -0.011331064176067341 0.018213653960274145 -0.013661414027757744 -0.018242742742060534 0.00503943502770118 0.0099753456725140757 -0.0028785949984256112 -0.050689844324324877 0.019641439778136788 -0.019242416869538242 -0.010398096995320315 -0.019417625844187904 0.0049627233711159284 -0.043944974049351548 -0.0059285386708995821 0.024464006023143772 0.037196828837906669 0.028240432027390308 -0.0045828732861590404 0.0051060109459500789 0.014946872873095682 -0.017716224249871734 0.0080966987331478248 -0.0043943407669433743 0.010765574832839953 -0.0025272504370645677 0.01051999599774376 0.00773139244767484 0.0013939277261525718 -0.00070803390709933331 -0.017423890265152092 -0.0049387900132929173 -0.023043639206733708 0.0043846123169708016 -0.0080927411998895967 0.019191292093323493 0.026110672046459112 0.0042779671103047373 0.0061348598447487019 0.024490145901705916 -0.010814468901480682 -0.050537594312410034 -0.032896389237024128 -0.0053084004403342695 0.01338652899709559 0.014896792610804925 -0.045212634081675723 -0.0083760095698043116 -0.057044010972994746 0.016077167688066774 0.010328094452279498 0.0081017567172746423 0.00028194984479684319 -0.01671719295774848 -0.035521482301606185 -0.0084171497645398035 -0.00048053314367809931 -0.007010596177606479 0.020875374482407717
leaf_weight=3888.1670302599669 886.54494093358517 503.5923955142498 4198.7613700330257 877.79303665459156 1989.4512825906277 871.31547777354717 2563.5992906093597 770.32794009149075 1037.2383472025394 1226.1095275580883 290.29038414359093 516.56687262654305 1069.4235806465149 253.41864651441574 3215.0886018574238 3457.2836212068796 149.60740341246128 364.18747864663601 439.96084628999233 558.7208688557148 363.72317212820053 6755.6621644645929 570.19233134388924 2312.9377655982971 765.97496201097965 2916.6651191264391 2628.3603369146585 2648.0266872942448 960.19157211482525 3388.3819182962179 1023.3645644038916 3551.3969481438398 3937.9378865212202 887.0215038061142 5019.0414108484983 235.91315621137619 1132.1111915409565 1362.882283911109 577.15589132905006 795.80233651399612 2372.1320833563805 1339.9289560317993 157.71369774639606 4932.7394041866064 81.900251284241676 174.66492900252342 1409.1964202076197 550.49049231410027 814.73699434101582 58.223843306303024 860.27269008755684 195.24571724236012 214.56815715134144 2853.7980068325996 4101.8655859231949 375.87065982818604 1125.1738424748182 112.5670253187418 3032.5664224326611 861.07097086310387 351.41691817343235 1443.1666124612093
leaf_count=16596 3888 2123 18223 3797 8743 3766 10765 3374 4534 5241 1321 2365 4571 1091 13388 14679 626 1556 1996 2603 1630 29092 2454 10187 3276 12880 11095 11823 4246 15148 4516 15498 16747 3738 21279 967 4948 5943 2551 3465 10531 5961 673 20543 342 729 6133 2426 3498 246 3606 805 926 12425 18066 1635 4752 488 13116 3753 1476 6529
internal_value=-2.4122e-06 -0.00430555 0.00236423 0.000989539 0.00431402 -0.0017719 -0.00359731 0.000444501 -0.00710746 -0.0124754 -0.00769977 0.00916129 0.0012295 -0.00696063 -0.00800617 -0.00276976 -0.00447022 -0.0286421 0.0117259 0.0148998 0.0187489 -0.00264414 0.00732982 0.009891 -0.00361317 0.00180123 -0.00869254 0.00374686 0.00523535 0.00635443 -0.00107136 -0.00108541 -0.00873936 -0.00378405 -0.0104652 -0.0211764 -0.00499099 0.000912127 0.00388598 0.0173531 -0.00186119 0.0108681 -0.0132119 -0.0142112 -0.0142133 -0.00588516 0.00616548 -5.2708e-05 0.0062469 0.00777229 0.00230366 -0.0385367 -0.00357328 0.00538567 0.009255 0.00638438 -0.00950515 -0.00802515 -0.00569073 -0.00335971 0.00277629 0.0254469
internal_weight=98379.5 34907.8 63471.7 52795.2 23955.2 28840 23550.5 14143.2 14271.1 6478.15 21638.3 10676.6 13269.5 20901.9 19369 8015.34 7090.61 736.378 693.379 5182.3 3705.54 7792.9 5254.16 9811.99 6941 9279.42 3697.78 5494.26 1476.76 5289.54 1901.16 6362.75 18675.6 4824.96 13850.7 2994.76 3483.39 5491.44 4128.55 1365.99 6175.03 1703.65 8656.96 8147.83 446.088 5193.71 4607.71 1959.69 1532.9 7822.54 4317.56 431.159 718.161 7052.56 6903.24 4590.3 2351.28 488.438 3802.89 919.295 509.131 2001.89
internal_count=425388 147892 277496 229892 104689 125203 101742 61571 61104 27478 91426 47604 56466 88207 81660 33951 30923 3219 3087 23334 16723 33626 22515 43118 30297 40638 15666 24270 6611 23461 8313 27758 78573 20485 58088 12537 14941 23992 18049 5919 27021 7591 36080 33931 1898 22008 20382 8559 6547 34375 18285 1772 3049 30648 30376 20189 9993 2123 16490 3999 2149 9132
is_linear=0
shrinkage=0.05


Tree=30
num_leaves=63
num_cat=0
split_feature=2 4 2 3 2 3 2 3 201 261 241 225 32 254 49 3 93 254 225 21 21 9 253 172 139 151 0 72 2 3 241 2 90 85 2 133 201 52 201 259 72 120 12 69 259 46 114 129 103 4 2 133 66 79 114 4 122 207 2 61 4 3
split_gain=1898.98 848.71 480.777 433.882 392.416 349.243 346.961 333.351 326.509 301.757 249.809 201.9 194.984 177.88 175.896 172.069 170.308 162.815 160.029 155.986 143.413 135.377 128.786 127.114 122.004 119.155 115.501 106.376 105.976 106.689 103.98 101.775 100.672 97.5109 95.7352 91.0765 87.5418 85.7802 85.6584 84.7915 82.3554 77.956 77.7419 77.4109 75.532 75.014 74.9945 74.4194 73.4051 72.2299 70.8303 69.681 68.9006 68.3193 67.4268 66.403 66.1037 76.8912 64.3043 63.4829 62.9372 92.6548
threshold=2.0549746751785283 0.22578345239162448 1.2613752484321596 0.10837652906775476 2.6635866165161137 0.41080522537231451 1.5344280004501345 0.81452512741088878 0.014476776123046877 0.027626037597656253 -0.029380798339843747 -0.0064182281494140616 0.058975219726562507 -0.10952758789062499 0.10580444335937501 0.53180003166198742 -0.024879455566406247 0.035995483398437507 0.0038442611694335942 0.086944580078125014 -0.075897216796874986 -0.037643432617187493 -0.023597717285156247 -0.15765380859374997 -0.025337219238281247 -0.059402465820312493 0.097249999642372145 -0.00064444541931152333 1.0950251221656802 0.13230263441801074 0.055435180664062507 1.8526903986930849 0.015693664550781253 1.0000000180025095e-35 0.32235230505466467 -0.038986206054687493 0.0073986053466796884 -0.0040340423583984366 0.017143249511718753 0.10903930664062501 0.028297424316406253 -0.039199829101562493 -0.10867309570312499 -0.10464477539062499 -0.059127807617187493 -0.042068481445312493 -0.095794677734374986 -0.076324462890624986 0.085601806640625014 0.38013324141502386 0.53903713822364818 0.018241882324218753 0.0006301403045654298 -0.052749633789062493 -0.017997741699218747 0.11136807873845102 0.050033569335937507 -0.037582397460937493 3.5796049833297734 0.0086021423339843767 0.64245733618736278 0.39643864333629614
decision_type=2 2 2 2 2 2 2 2 2 2 2 2 2 2 2 2 2 2 2 2 2 2 2 2 2 2 2 2 2 2 2 2 2 2 2 2 2 2 2 2 2 2 2 2 2 2 2 2 2 2 2 2 2 2 2 2 2 2 2 2 2 2
left_child=1 6 5 36 7 18 38 8 11 14 13 51 16 48 19 31 27 35 28 25 39 -15 55 53 59 33 58 -12 29 -3 47 -8 -29 -7 -27 37 -2 -13 -1 43 -14 -23 -36 -6 -37 -9 -26 -18 -4 -47 -31 -5 -48 -22 -39 -17 57 -49 -25 -10 -60 -62
right_child=3 2 10 4 20 9 15 45 24 -11 12 17 40 21 -16 22 30 -19 -20 -21 23 41 -24 26 46 34 -28 32 -30 50 -32 -33 -34 -35 42 44 -38 54 -40 -41 -42 -43 -44 -45 -46 49 52 56 -50 -51 -52 -53 -54 -55 -56 -57 -58 -59 60 -61 61 -63
leaf_value=-0.041646645040793823 -0.014498257477694836 -0.039777688510964249 0.00020907683200223175 0.013200387615038847 -0.023541786508448605 -0.0095096634011546527 -0.031447220495905731 -0.00017268848662482444 0.012056874334115363 -0.027387150435942947 -0.0072570119714162502 0.026986647396421953 0.00041806326433381133 -0.0005321126997250695 -0.029083900168629464 -0.0066456138331714015 -0.030863396970779857 -0.0085063454247381702 -0.038574473272542549 0.034949926429861417 -0.024059751278374175 0.021439698300165629 -0.01750662570358159 0.013903818946708913 0.0020778209173607817 0.0067154091960506691 0.0072832447710944855 -0.0024189462492241547 0.0015217069996192696 -0.010087952055256647 -0.024256852781445008 -0.013069054607329433 0.018337441304339321 0.026008586914332346 0.010907605122376337 0.012060621228161369 0.00023503913144586717 -0.010231389903016926 -0.025164419831593423 -0.02234300583445234 0.018192301216812673 0.0082216170224730326 -0.017187407577935465 0.024030615395200794 -0.0043207343405471743 -0.022445814293503806 0.011361133738382767 0.00059189896034873835 -0.050969056100914234 -0.0067841855052005809 -0.03667077083112226 0.00015137990909266322 0.025342103492368095 0.010865468027809152 0.011357053243522004 0.016633913856631415 4.7350092325792334e-07 -0.014533809957966362 0.042249476799584074 -0.0037608937731001242 0.043530063135331531 -0.0098851055248265728
leaf_weight=1962.2590719610453 2822.5613956302404 649.9637788683176 113.20841914415359 4003.4177651107311 87.039034426212311 270.74072825908661 1471.2728021889925 1517.7403271496296 1558.1277647465467 1274.1237976849079 2098.3859936743975 622.95011827349663 1556.4293053150177 2906.3678640276194 461.7750439196825 527.69800812005997 361.83353580534458 5150.9321314841509 1407.5924039930105 357.33152014017105 402.5868041664362 1779.8708775937557 954.23394422233105 8285.5745414942503 577.23315201699734 1098.5769868344069 9557.3478495776653 1136.3732836842537 562.52277490496635 1214.139824450016 1292.2701353281736 1547.6526072770357 1200.7435978502035 670.2594838142395 298.27384179830551 878.44281320273876 1568.1254507750273 495.0953476279974 1328.7518679499626 106.58454528450966 1120.2068798840046 2991.4439119249582 1394.2108737528324 3285.941463381052 3519.8531523644924 1338.1160479635 1244.9896517395973 1106.1272634714842 182.81189946830273 1637.8926237821579 315.23293393850327 1374.1484032720327 3036.3815897852182 213.69123055040836 1334.8232112526894 727.77234297990799 1995.4275636970997 3492.8954707980156 413.03888708353043 1068.7453501522541 140.62814591825008 189.55348677933216
leaf_count=8305 11757 2761 478 17683 404 1127 5964 6679 6853 5321 8682 2782 6577 12184 1915 2139 1510 21466 6002 1590 1807 7790 3898 38456 2541 4666 42498 4728 2340 5100 5307 6333 5093 2890 1218 3754 6769 2103 5518 477 4814 12820 5780 15815 14893 5672 5577 4636 810 7026 1307 5923 13932 1001 5738 3018 8309 14382 1962 4686 670 877
internal_value=-0.000129362 -0.00820279 -0.00460049 0.00585495 0.00712844 -0.0137876 -0.0222845 0.00331197 0.00557696 -0.00588966 -0.000672853 0.00181647 -0.00440013 0.0065071 0.000133369 -0.0142749 -0.0069879 -0.00179092 -0.0248712 0.00343889 0.012068 0.00797494 -0.00367037 0.0103746 0.0143066 0.000413269 0.0111155 0.000912969 -0.0178249 -0.0228169 -0.011236 -0.0220331 0.00824837 0.0157902 -0.00477482 0.00325847 -0.00923743 0.010976 -0.0350016 0.0214077 0.00786083 0.0131559 -0.0122326 0.0227964 -0.001047 -0.00921928 0.0189997 -0.00881402 -0.031462 -0.0138314 -0.0155876 0.00986658 0.0212801 -0.0119516 0.00551377 0.00685159 -0.00759969 -0.0108965 0.0151708 0.00562242 0.029258 0.0129278
internal_weight=98260.3 41828.8 33309.1 56431.6 52040.9 9974.74 8519.64 29358.9 24865.1 5825.29 23334.4 17379.7 15360.7 7973.7 4551.17 5228.63 12684.1 12002.1 4149.45 4089.39 22682 7677.68 2209.7 19202.4 7485.48 3732.06 18586.1 4435.5 2741.86 2179.34 8248.55 3018.93 2337.12 941 2791.06 6851.16 4390.69 2452.87 3291.01 3479.57 2676.64 4771.31 1692.48 3372.98 4398.3 4493.75 4858.6 6956.28 296.02 2976.01 1529.37 5377.57 4281.37 616.278 1829.92 1255.47 6594.45 4599.02 9028.8 2626.87 743.221 330.182
internal_count=425113 175312 140137 249801 231275 42017 35175 127308 107931 24507 98120 74342 64038 34082 19186 21352 52647 50736 17510 17271 103967 32794 9055 87271 33589 15681 84463 18503 11508 9168 34144 12297 9821 4017 11664 29270 18526 10623 13823 16696 11391 20610 6998 16219 18647 19377 22050 28837 1288 12698 6407 23606 19509 2808 7841 5157 27327 19018 41965 11539 3509 1547
is_linear=0
shrinkage=0.05


Tree=31
num_leaves=63
num_cat=0
split_feature=3 3 5 4 4 260 6 31 190 190 6 5 125 3 6 3 159 3 6 1 3 6 3 6 166 207 95 68 120 141 170 99 6 3 95 1 180 249 6 95 6 3 88 218 44 207 111 139 53 80 141 159 6 4 170 119 180 6 1 239 169 208
split_gain=992.773 508.19 400.058 375.888 323.065 318.549 275.044 255.819 224.341 198.112 170.476 173.128 143.97 116.657 106.417 134.611 104.289 103.183 102.016 100.772 96.5477 95.7735 93.7157 88.4354 87.0987 85.7997 82.9907 93.6341 82.5678 82.1295 103.897 79.241 83.51 72.5951 72.0235 70.9615 67.2022 65.0395 61.3204 61.5545 61.0489 60.773 60.5834 64.9128 59.9202 59.3749 57.9648 57.7553 57.4833 56.6863 56.0255 57.516 56.0067 53.8672 52.4103 52.2015 51.1046 50.9477 50.1689 49.7186 48.9781 48.9323
threshold=0.096705060452222838 0.91858720779418956 0.12500000372529033 0.079171039164066329 0.89950752258300792 -0.042648315429687493 0.90500000119209301 -0.021934509277343747 0.025917053222656253 0.031570434570312507 0.72500002384185802 1.0000000180025095e-35 0.029182434082031253 0.036557415500283248 0.22500000149011615 0.43651378154754644 -0.0034885406494140621 0.41080522537231451 0.64499998092651378 -165499999.99999997 0.2860341370105744 0.50499999523162853 0.73677700757980358 0.24499999731779101 -0.076690673828124986 -0.0071582794189453116 -0.017250061035156247 -0.091583251953124986 -0.0081901550292968733 -0.045669555664062493 -0.062713623046874986 0.017585754394531253 0.94499999284744274 0.98232102394104015 -0.15533447265624997 -259499999.99999997 -0.053512573242187493 0.024848937988281253 0.83499997854232799 -0.10440063476562499 0.72500002384185802 0.30077439546585089 0.11367797851562501 0.014095306396484377 0.032424926757812507 -0.046493530273437493 0.072601318359375014 -0.053512573242187493 0.045089721679687507 0.014072418212890627 0.059249877929687507 -0.097564697265624986 0.22500000149011615 0.013615854084491731 -0.034896850585937493 0.075408935546875014 -0.091583251953124986 0.67500001192092907 -257499999.99999997 -0.016227722167968747 -0.040481567382812493 0.0066127777099609384
decision_type=2 2 2 2 2 2 2 2 2 2 2 2 2 2 2 2 2 2 2 2 2 2 2 2 2 2 2 2 2 2 2 2 2 2 2 2 2 2 2 2 2 2 2 2 2 2 2 2 2 2 2 2 2 2 2 2 2 2 2 2 2 2
left_child=13 2 3 53 5 6 8 16 29 24 14 61 17 38 22 21 26 46 52 40 -13 23 -7 -16 -9 44 -4 -28 -21 -5 -31 32 41 58 -15 -22 -19 50 39 -1 -11 -8 43 -36 -26 -38 55 -17 -14 59 51 -27 -6 -2 -33 -10 -37 -23 -3 -32 -24 -12
right_child=1 33 7 4 18 10 31 9 12 19 11 20 48 34 15 47 -18 36 -20 28 35 57 60 -25 25 37 27 -29 -30 30 49 54 -34 -35 42 56 45 -39 -40 -41 -42 -43 -44 -45 -46 -47 -48 -49 -50 -51 -52 -53 -54 -55 -56 -57 -58 -59 -60 -61 -62 -63
leaf_value=0.01428297909823893 -0.031506964130072111 -0.018088895981692922 -0.0085488717870008928 0.0039488334384686257 -0.0078241620222313131 0.018280679967742682 -0.011540348967774635 0.010990985737356958 -0.014405463698791716 -0.01526534022031757 0.016393647519904766 0.0025801845227665121 0.018782349905515652 0.017709558770527982 0.017481429183490878 -0.0097074366199793108 -0.0045383544824054252 0.01686411587898165 -0.0041331680023705981 0.017362880564727814 0.0069897297642831785 0.0081412992094613921 0.0078702776472562574 -0.036545395434339011 0.0019024884568986996 -0.043460730166394977 0.0074734567005154719 -0.036833815762290979 0.0043932653864126123 0.0049800069671437457 -0.024889885060138551 0.02707724402499416 0.017750685784455784 -0.033633444798770604 -0.021325734999634013 0.024258666684576238 0.019913610071894711 -0.0031558917519311047 -0.034494137856141742 -0.022748379858519435 0.0015571036342456343 0.0059818941512989419 0.0047666494820126854 -0.0103807508497914 -0.009702503580200663 -0.002858966832940671 0.010752091631135803 0.010553975182012157 0.00018365699680375873 -0.0053966409639263149 -0.019587906253592077 -0.0072306372768031956 -0.038945921141017054 -0.009118691651006117 0.012811228564700409 0.015717082066296482 0.013289265667888399 -0.01478418445257625 -0.0078176615928646342 -0.011897511639895756 -0.039283585456836773 0.025971801174638917
leaf_weight=133.35754561424255 292.69740398228168 1890.9105300158262 574.05502398312092 1422.1984871774912 243.36838965117931 1408.5810702890158 685.52419538795948 857.67293906211853 1622.2500192672014 601.65907022356987 3064.769008114934 3276.2796391695738 1997.0689550340176 179.8298452347517 88.252277880907059 442.5988977253437 1107.9756369888783 999.25233693420887 3618.4492321908474 2001.6685648411512 4170.2598784714937 490.3541281670332 104.79358117282391 511.90968888998032 4612.6015077978373 112.46920461952686 134.32567752897739 1039.7281327396631 3171.4399730861187 1056.6549426317215 1090.2537956535816 931.76476843655109 1083.0903606712818 404.01723067462444 2641.9344863444567 1267.5388656556606 344.00292228162289 3207.4147214442492 1198.6737193018198 687.56553021073341 5129.7993437945843 1771.4340464174747 386.52924202382565 2786.9417325258255 1464.6753548979759 1679.3385617733002 340.55205005407333 1699.3491570204496 524.53109714388847 1951.5556120723486 1720.0440392643213 3212.2221525013447 357.27244217693806 3185.8588184863329 2092.4015963822603 156.99219903349876 6585.0041322410107 477.26431162655354 3207.4908577650785 2277.6805177479982 114.40616099536419 2373.3156445026398
leaf_count=557 1222 7897 2473 6018 1000 6012 2907 3857 6924 2537 13683 14407 8825 768 360 1871 4817 4418 15360 9232 18369 2084 434 2182 20042 492 573 4528 14025 4534 4520 4394 4822 1701 11061 5863 1507 13646 4947 2896 22316 7766 1623 11725 6314 7211 1474 7235 2237 8262 7258 13659 1492 13431 9240 694 29751 2065 13730 9467 475 10787
internal_value=-2.57916e-05 0.00147198 0.00242807 0.00490241 0.00596062 0.00712426 0.002697 -0.0023414 -0.000943555 -0.000786008 0.0108639 0.012915 0.00513131 -0.0168891 0.00289438 -0.0017828 -0.0165454 0.000331785 -0.00730435 0.00435547 0.01019 -0.0129111 0.0135483 -0.028585 -0.00447771 -0.00540427 -0.0241487 -0.0317625 0.00941408 -0.00691365 -0.00933677 0.0112714 0.00619114 -0.0132513 -0.013384 0.0122634 0.00626228 -0.0087242 -0.0272823 -0.0167226 -0.000211185 0.00109025 -0.0143484 -0.01571 -0.000895549 0.00102069 -0.00812342 0.00636471 0.0149151 -0.012181 -0.0122632 -0.00846895 -0.0263699 -0.011011 0.0172142 -0.0117403 0.0150628 -0.00316997 -0.0116299 -0.0161095 -0.0168072 0.0205778
internal_weight=98263.9 90249 84746.6 55798.9 52320.3 48101.2 22026.5 28947.8 15462.3 26091.7 26074.7 20737.2 7663.99 8014.83 5337.51 3709.73 2856.08 5142.39 4219.09 10904.6 15299.1 1567.78 1627.78 600.162 15187.1 14329.4 1748.11 1174.05 5173.11 7798.34 6376.14 6564.21 3540.05 5502.42 5995.24 12022.8 3022.59 8252.15 2019.6 820.923 5731.46 2456.96 5815.41 5428.88 6077.28 2023.34 2119.79 2141.95 2521.6 5319.49 5044.74 3324.69 600.641 3478.56 3024.17 1779.24 7852.54 967.618 5098.4 3367.93 219.2 5438.08
internal_count=425977 392400 369072 243303 228650 210798 95220 125769 66091 113378 115578 92860 33290 33577 22718 15797 12391 22228 17852 48110 68390 6691 6921 2542 65268 61411 7574 5101 23257 32801 26783 29129 15495 23328 25177 53983 13136 35055 8400 3453 24853 10673 24409 22786 26356 8718 9092 9106 11062 22249 21409 14151 2492 14653 13634 7618 35614 4149 21627 13987 909 24470
is_linear=0
shrinkage=0.05


Tree=32
num_leaves=63
num_cat=0
split_feature=2 2 6 3 6 2 230 3 240 86 3 21 118 6 2 144 48 27 22 96 3 6 3 31 165 9 77 82 241 128 39 229 242 139 0 144 20 77 26 199 0 184 163 202 141 2 3 3 6 6 6 135 232 212 6 2 31 201 3 215 6 164
split_gain=1714.44 701.619 619.458 476.117 414.646 388.11 319.707 279.743 242.449 207.968 214.197 200.429 235.437 194.032 187.495 156.917 141.979 137.643 126.435 125.967 124.022 112.749 109.83 109.329 106.216 105.02 100.273 96.1513 96.1035 94.3363 90.3794 87.7373 84.9327 84.886 82.6018 82.307 81.0506 80.1938 79.6775 76.9913 75.6548 75.4479 71.7231 71.6588 71.3291 68.6918 148.451 104.859 100.098 72.3184 67.9087 67.7886 67.874 66.8205 66.3203 66.1416 66.2836 63.4511 63.3198 79.9884 75.0132 62.3531
threshold=2.3450306653976445 1.2613752484321596 0.29000000655651098 0.45843039453029638 0.81499999761581432 1.0105349421501162 0.028617858886718753 0.20188851654529574 -0.0092353820800781233 -0.0028982162475585933 0.81031385064125072 0.086944580078125014 -0.079559326171874986 0.81499999761581432 2.6722609996795659 -0.10464477539062499 0.014781951904296877 -0.0040378570556640616 0.035964965820312507 -0.012928009033203123 0.91435948014259349 0.56499999761581432 0.080571036785841002 -0.038375854492187493 -0.056015014648437493 -0.093780517578124986 -0.069061279296874986 0.044174194335937507 -0.040115356445312493 -0.0043163299560546866 -0.0045070648193359366 -0.015331268310546873 0.10195922851562501 -0.024665832519531247 0.073249999433755889 0.064544677734375014 -0.051864624023437493 0.020103454589843753 -0.027748107910156247 0.038833618164062507 0.03824999928474427 -0.012851715087890623 0.039718627929687507 -0.075592041015624986 -0.049697875976562493 -1.0000000180025095e-35 0.75203061103820812 0.4690645188093186 0.19000000506639483 0.17500000447034839 0.60500001907348644 -0.018684387207031247 -0.0060482025146484366 0.044448852539062507 0.32500000298023229 1.4957965612411501 0.016761779785156253 -0.043502807617187493 0.29721331596374517 0.024192810058593753 0.69499999284744274 -0.11697387695312499
decision_type=2 2 2 2 2 2 2 2 2 2 2 2 2 2 2 2 2 2 2 2 2 2 2 2 2 2 2 2 2 2 2 2 2 2 2 2 2 2 2 2 2 2 2 2 2 2 2 2 2 2 2 2 2 2 2 2 2 2 2 2 2 2
left_child=1 2 33 5 6 54 16 31 15 18 25 12 17 23 20 -2 19 -5 27 40 32 -8 -16 -7 -17 -11 43 44 -18 51 -13 42 58 -1 -24 36 -27 -14 -19 -21 -3 -33 -6 -26 -9 47 -47 48 -35 -49 -30 52 -23 -36 -4 -46 -57 -28 59 -10 -60 -25
right_child=8 4 3 11 7 13 21 9 14 10 -12 30 37 -15 22 24 28 38 -20 39 -22 29 34 61 26 35 57 -29 50 -31 -32 41 -34 45 53 -37 -38 -39 -40 -41 -42 -43 -44 -45 55 46 -48 49 -50 -51 -52 -53 -54 -55 -56 56 -58 -59 60 -61 -62 -63
leaf_value=-0.009959218666826624 0.027682397771389051 0.025071424992688291 -0.023414180549011111 -0.017846162311921251 -0.014080044558277757 -0.049488041362385812 -0.034689067354146313 0.0037386022373214825 -0.002456954882966992 -0.0087688335328412834 -0.01228245503555956 0.034561101147798638 -0.015260066652039795 -0.037779665337301288 -0.010844968211915496 0.0016216884391338149 0.015297289047366994 0.046029845960676406 0.0046651863285830982 0.024174522617098532 -0.02158334350657078 0.013719414371119268 0.014316628149310638 0.040509805320881061 -0.020121776430720901 0.014960848574066168 0.0068615663254350595 -0.02030498621729579 -0.032421477654768736 0.0026020674139128927 -0.021858949630608551 -0.026673748838686912 0.016645083062485688 -0.0006269513601942356 0.0040923030087837899 -0.013266055861822291 0.0040448197700003446 -0.031152773513850786 0.0015357196469823475 0.0044723772536939006 0.0019466712188864453 -0.013184146348159379 0.0021255813419187269 0.0071242913148042795 -0.027322397666552957 0.020835630450125302 -0.031684384302298634 -0.0073115389929930587 -0.041003346587222926 0.040440211908071053 -0.00044814800775597007 -0.016132735622760186 -0.020323257467504144 0.014043106022158242 -0.053314222477889153 0.00097732261398791745 -0.012045802070239704 0.017830977004985406 -0.029585190341796238 -0.024837988872324877 0.003603868145564822 -0.0039317172009446094
leaf_weight=1030.925248965621 1672.279982060194 425.55758589506149 207.7725416123867 247.94442692399025 1795.2392631620169 124.98896771669388 312.74776975810528 1074.4436682909727 2088.0118029564619 1455.0160379856825 2566.3824020475149 307.33961234986782 2413.1296742260456 820.13268224895 690.06333829462528 2283.0269876271486 1041.3509137779474 261.42540150880814 1506.2355657368898 2799.8560877144337 632.18142719566822 447.84404115378857 5611.7658594697714 85.598241433501244 286.95032435655594 2265.8448955565691 1626.6521370410919 2111.8428943008184 175.56526923179626 2706.5268895477057 91.45446814596653 1882.0118349045515 819.69333882629871 502.88599234819412 6739.2238461822271 542.26610666513443 6810.9544549584389 1185.2732191830873 163.2980625629425 603.15122818946838 2071.6777251511812 2314.9487277716398 1101.0307849943638 1489.7467390596867 518.58994279801846 1169.4371610432863 151.12394553422928 132.85532739758492 219.95945705473423 194.67512455582619 2794.2197709530592 1754.2907683700323 216.31986400485039 2250.1065100878477 1918.9678723663092 1332.2727896124125 3661.9547993540764 6992.6335819810629 174.39841593801975 492.66809065639973 5806.8903374373913 889.85360315442085
leaf_count=4292 8102 1881 879 1036 7456 539 1297 4539 8914 5986 10739 1386 10079 3440 2904 10242 4528 1187 6468 12190 2667 1878 26406 361 1271 9711 7168 8705 719 11474 381 7706 3682 2083 29843 2322 29009 4968 678 2585 8725 9543 4605 6831 2142 4956 621 562 917 814 11826 7252 906 10192 8520 5609 15100 32849 726 2076 25370 3708
internal_value=7.41765e-05 -0.00537334 -0.0160828 -0.0231439 -0.00256913 -0.0356942 0.0041494 -0.00590227 0.0080974 -0.00330891 0.000730034 -0.0122613 -0.0154273 -0.019386 0.00515287 0.0132886 0.00949404 0.0117105 -0.00870691 0.0144276 -0.000165586 -0.00559227 0.00863559 -0.00565573 0.0113882 0.00374647 0.0135326 -0.0110225 0.00223521 -0.00381024 0.0216001 -0.0146188 0.00127979 0.00201246 0.00955695 0.0056403 0.00677114 -0.0205021 0.0289665 0.0206848 0.00589585 -0.0192381 -0.00792079 0.002715 -0.008044 0.00721997 0.0148059 -0.00232223 -0.012953 0.0211075 -0.0023486 -0.0109845 0.00261775 0.00658436 -0.0504055 -0.0103407 -0.00857222 0.0157618 -0.000193 -0.0067376 0.00263138 5.62595e-06
internal_weight=98063.5 58407.2 12119 8717.18 46288.1 4047.31 15349.1 30939 39656.3 23845.8 13640.5 4669.86 4271.07 1920.57 25305 14351.3 9911.38 672.668 10205.3 5900.24 10013.8 5437.73 15291.2 1100.44 12679 11074.1 10396 8699.1 4011.14 5124.98 398.794 7093.23 9381.66 3401.86 14601.1 9619.07 9076.8 3598.4 424.723 3403.01 2497.24 4196.96 2896.27 1776.7 6587.26 2370.94 1320.56 1050.38 722.845 327.53 2969.79 2418.45 664.164 8989.33 2126.74 5512.82 4994.23 8619.29 8561.97 2580.68 5981.29 975.452
internal_count=425551 246308 51407 37162 194901 17447 65261 129640 179243 100330 57767 19715 17948 8048 112780 66463 42454 2901 42563 25381 43435 22807 69345 4608 58361 47028 48119 36095 17073 21510 1767 29310 40768 14245 66441 41042 38720 15047 1865 14775 10606 17249 12061 8102 27390 9953 5577 4376 3000 1376 12545 10036 2784 40035 9399 22851 20709 40017 37086 10990 26096 4069
is_linear=0
shrinkage=0.05


Tree=33
num_leaves=63
num_cat=0
split_feature=2 2 6 2 9 6 230 240 2 6 3 213 2 95 49 6 3 6 3 259 3 253 256 61 139 3 3 3 198 174 2 3 2 251 213 113 78 105 3 13 3 31 3 20 49 2 74 247 81 68 11 41 2 39 3 115 34 3 2 3 3 6
split_gain=1520.85 604.068 525.894 452.099 357.164 233.487 263.75 227.226 225.463 211.504 200.512 179.803 173.64 161.165 184.603 147.282 145.165 136.138 135.14 133.599 122.054 121.343 111.84 111.531 109.151 105.975 132.329 104.465 102.212 99.876 98.7258 163.189 97.5213 92.6118 91.844 88.5567 88.3751 87.3826 84.1772 82.8866 80.9158 80.3306 77.6238 75.6974 75.2208 75.1066 74.2946 72.5192 72.1782 79.7453 71.7572 71.1817 70.0834 69.5646 68.0411 67.8623 67.4801 63.6831 79.6771 136.841 86.2173 72.6853
threshold=2.3375146389007573 1.2613752484321596 0.32500000298023229 0.82429528236389171 -0.069305419921874986 0.85500001907348644 0.0016093254089355471 -0.0077800750732421866 1.7730304598808291 0.85500001907348644 0.48675680160522466 0.028861999511718753 2.7990897893905644 0.029258728027343753 0.051498413085937507 0.53499999642372142 0.74046975374221813 0.53499999642372142 0.16345492005348208 0.099273681640625014 0.056805245578289039 0.087860107421875014 0.016807556152343753 0.078948974609375014 -0.028022766113281247 0.77115154266357433 0.14019658416509631 0.088544651865959181 0.050704956054687507 -0.065399169921874986 1.0105349421501162 0.4690645188093186 3.0742112398147587 0.056533813476562507 -0.071197509765624986 -0.043472290039062493 0.021171569824218753 -0.052993774414062493 0.080571036785841002 0.012645721435546877 0.32300241291522985 -0.0034894943237304683 0.81452512741088878 -0.033340454101562493 0.14715576171875003 1.9709837436676028 0.0048294067382812509 -0.026954650878906247 -0.065155029296874986 0.072662353515625014 0.074371337890625014 -0.013149261474609373 -0.31173203885555262 -0.024345397949218747 0.48675680160522466 0.053756713867187507 -0.051986694335937493 0.77115154266357433 0.059244887903332717 0.50071629881858837 0.34823067486286169 0.19000000506639483
decision_type=2 2 2 2 2 2 2 2 2 2 2 2 2 2 2 2 2 2 2 2 2 2 2 2 2 2 2 2 2 2 2 2 2 2 2 2 2 2 2 2 2 2 2 2 2 2 2 2 2 2 2 2 2 2 2 2 2 2 2 2 2 2
left_child=1 2 24 10 18 6 22 11 36 13 -4 19 16 14 30 -12 21 -8 -3 25 -10 23 43 33 -1 26 -2 45 34 -11 31 -5 -27 40 -22 -28 -7 -20 -14 -18 -9 -32 47 -6 -16 -19 -13 -36 -29 -50 -37 56 -26 -45 -49 -51 -40 58 59 -54 -60 -61
right_child=7 4 3 9 5 8 17 12 20 29 15 46 38 -15 44 -17 39 27 37 -21 28 -23 -24 -25 52 32 35 48 -30 -31 41 -33 -34 -35 42 50 -38 -39 51 -41 -42 -43 -44 53 -46 -47 -48 54 49 55 -52 -53 57 -55 -56 -57 -58 -59 60 61 -62 -63
leaf_value=-0.012803918462101084 0.0024489892266098701 -0.022153809869960156 -0.053199432508252875 -0.050117275361024755 0.015744130046954772 -0.0095002779878142641 -0.032912095819583646 -0.0032899600930431923 -0.021410691897100858 -0.0052540072945230117 0.0047717112359581771 0.011661545473181953 -0.010210505274092537 -0.033126936145600298 -0.012932697706242237 -0.036260048978573801 -0.016937559969351226 -0.029799365208389786 -0.017570322528919265 -0.0063489042531380373 0.010169783142834902 -0.033164137868872498 0.019135669779079229 -0.016631705953765855 -0.020824603895215555 0.0021593591285137873 0.031372415119380437 -0.0073759727260732655 0.010399496393894533 -0.038391284774466961 -0.0097771618459948362 0.0042246275696926905 0.024605472933278139 0.016195739473959456 -0.0083916983932457688 0.020325563651146111 -0.025610225564932771 -0.0053618628340642883 0.0078200670633794614 0.00016194885481850122 0.0073826467855232572 0.01544908521768586 -0.017031670175359667 0.0075331751894637785 -0.039030908767157389 0.00065298252509237049 -0.0035130220385183792 -0.0025925877878984274 0.0019860495904987234 0.027801157538807436 -0.001716867605364518 0.0066872459501231057 -0.0090155050834922739 -0.0083637544663447156 0.011281296213040285 -0.004160643976103477 0.019785322475662746 -0.013195336427792928 0.046309833367068585 0.00712115182485085 0.013235666557277845 0.059236119482854468
leaf_weight=1057.9955906271935 989.76062002778053 1862.5497014373541 1334.7068938016891 205.73663182556629 1488.5836308300495 3461.6573410183191 321.35050801932812 2849.662179261446 649.33208712935448 286.42089836299419 313.41134253144264 1327.8455420732498 538.39373984932899 615.49499094486237 1236.6294075548649 721.08168324828148 1560.0409138649702 477.04420278966427 1776.6167258620262 655.26993580162525 1394.6584185361862 218.71782229840755 2876.3078961670399 591.34168542921543 218.89624090492725 1882.6105036586523 1855.9698047041893 1793.5365424305201 2241.872795522213 1108.8148152828217 414.29255847632885 416.03003658354282 650.42061126232147 1725.3499616682529 2513.0436174720526 5086.4592106342316 1129.0480354428291 8364.1179097741842 2067.7306770086288 1297.9030639082193 4710.4253862351179 1315.8529245108366 965.1035620868206 1966.2603220790625 355.22820244729519 351.17781358957291 2051.6265130341053 2376.8878397494555 6628.5259709209204 576.05228541791439 397.95314608514309 6751.0826081186533 766.39115533232689 1057.4754160493612 1405.4818722009659 232.85477884113789 2744.8710447102785 292.01842664182186 258.04051280021667 138.06369300186634 829.41704717278481 129.38396611809731
leaf_count=4415 4385 7579 6095 863 6442 14402 1339 12250 2645 1195 1339 6044 2261 2644 5172 3070 6784 1948 7241 2907 6050 902 12597 2546 927 8711 9008 7560 9601 4681 1765 1740 3110 7693 10526 24051 4677 34597 9715 5688 20773 5622 4033 8463 1517 1452 9242 10054 28095 2547 1806 30411 3195 4472 6025 990 12753 1201 1075 596 3529 559
internal_value=0.000198486 -0.00497783 -0.0149588 -0.0219235 -0.00236567 0.000258391 0.00421231 0.00770292 -0.00409542 -0.0145689 -0.0403938 0.0125928 0.00479501 -0.00935206 -0.00563412 -0.0238364 0.000771586 -0.00092711 -0.0097774 0.0155679 -0.000368496 0.00358791 0.011432 0.00440505 0.000752475 0.0168904 0.0196137 9.78512e-05 0.000887213 -0.0315973 0.00326596 -0.0138082 0.00793041 0.00574642 -0.00157759 0.0219275 -0.0134671 -0.00750226 0.00910107 -0.00917467 0.00335986 0.00940637 -0.0038352 0.00651828 -0.0187774 -0.0169019 0.00245098 -0.00180977 0.00162477 0.003796 0.0187261 0.010001 0.00620415 0.0019727 0.0025644 0.0186067 0.0146472 0.00866336 0.0116772 0.00173487 0.0211191 0.0324597
internal_weight=97876.9 57923.4 12013.9 8323.7 45909.5 33906.3 17769.2 39953.4 16137.1 5954.5 2369.2 14897.9 25055.5 4559.26 3943.77 1034.49 12953.4 10380.5 12003.3 11518.4 11546.4 10095.5 7388.63 9876.78 3690.21 10863.2 8330.14 10059.2 10897 1395.24 2351.91 621.767 2533.03 9285.44 8655.18 7340.38 4590.71 10140.7 12102.1 2857.94 7560.09 1730.15 7260.52 4512.32 1591.86 828.222 3379.47 6295.41 9230.97 7437.43 5484.41 11563.7 2632.21 3023.74 3782.37 808.907 4812.6 2413.31 2121.3 1033.84 1087.46 267.448
internal_count=425575 244535 51200 35703 193335 143918 75905 181040 68013 25199 10504 69264 111776 19323 16679 4409 56636 43931 49417 53978 48934 44164 31974 43262 15497 51071 39250 42592 46289 5876 9990 2603 11821 40716 36688 34865 19079 41838 55140 12472 33023 7387 30638 19377 6689 3400 15286 26605 39192 31632 25857 52879 11082 12935 16079 3537 22468 10155 8954 4350 4604 1155
is_linear=0
shrinkage=0.05


Tree=34
num_leaves=63
num_cat=0
split_feature=2 3 2 247 201 5 2 80 2 260 27 3 218 95 5 3 78 3 227 170 5 151 224 2 128 218 151 3 1 103 14 253 14 2 20 257 109 31 253 198 201 253 163 260 188 218 24 1 117 166 257 29 72 14 103 3 253 234 5 7 182 5
split_gain=1424.67 392.949 390.839 387.803 331.816 328.379 268.374 225.872 183.739 158.262 156.08 152.864 151.703 151.475 142.13 131.217 121.579 111.336 111.145 109.621 106.582 106.02 100.432 98.9568 98.3388 96.3629 96.715 95.6021 94.6125 93.9009 92.383 86.5899 96.9195 82.0506 79.8072 78.2855 96.0364 76.3127 73.4552 72.6546 70.7931 70.3664 69.9841 68.9479 69.0894 68.8225 68.8113 67.6927 66.7298 64.9176 64.2044 62.7344 62.6692 67.9513 62.1885 72.5959 61.9613 61.4727 59.9221 58.7629 58.2886 55.6582
threshold=1.9550755620002749 0.19795632362365725 2.477391362190247 -0.075775146484374986 0.0061664581298828134 0.075000001117587103 1.2452009320259096 0.059646606445312507 1.0950251221656802 -0.034622192382812493 1.0000000180025095e-35 0.95416316390037548 0.037216186523437507 -0.061874389648437493 0.075000001117587103 0.90537491440773021 0.028007507324218753 0.092746600508689894 0.097808837890625014 -0.0025758743286132808 1.0000000180025095e-35 0.075408935546875014 -0.051742553710937493 1.1650410890579226 0.013553619384765627 0.011394500732421877 0.011653900146484377 0.27426199615001684 -165499999.99999997 -0.063079833984374986 0.040054321289062507 -0.037490844726562493 -0.0013041496276855467 1.2967050075531008 -0.041488647460937493 -0.046127319335937493 0.0066127777099609384 0.090179443359375014 0.093536376953125014 0.027732849121093753 -0.069793701171874986 -0.028709411621093747 0.071197509765625014 -0.087738037109374986 -0.040786743164062493 0.051773071289062507 0.0031595230102539067 -64499999.999999993 -0.026802062988281247 0.041610717773437507 0.0079154968261718767 -0.083160400390624986 0.021537780761718753 0.0046939849853515634 0.015846252441406253 0.75576609373092662 0.00059652328491210948 -0.081756591796874986 0.12500000372529033 -0.075164794921874986 -0.10128784179687499 0.22500000149011615
decision_type=2 2 2 2 2 2 2 2 2 2 2 2 2 2 2 2 2 2 2 2 2 2 2 2 2 2 2 2 2 2 2 2 2 2 2 2 2 2 2 2 2 2 2 2 2 2 2 2 2 2 2 2 2 2 2 2 2 2 2 2 2 2
left_child=1 3 4 13 9 15 43 11 -5 21 31 12 17 23 39 16 20 -4 24 25 33 27 54 -1 56 26 -6 -2 -12 -29 -25 32 -8 -3 -31 -24 38 -18 49 -11 -14 -21 -23 -7 -45 52 -42 -27 -48 -37 -33 -38 53 -9 -19 59 -10 -22 -28 -56 -59 -16
right_child=2 5 7 8 19 6 10 45 18 14 28 -13 40 -15 61 -17 37 22 -20 41 57 42 35 30 -26 47 58 29 -30 34 -32 50 -34 -35 -36 36 51 -39 -40 -41 46 -43 -44 44 -46 -47 48 -49 -50 -51 -52 -53 -54 -55 55 -57 -58 60 -60 -61 -62 -63
leaf_value=-0.026111013242206684 -0.015910200645870769 0.0026704150259544632 -0.012396324796602288 -0.037191101377245295 -0.0023736657366001572 -0.038565276301379209 0.011390646094657432 -0.0011314411318988429 -0.020083041227245621 0.004010893068181893 -0.0059269379998770182 -0.015913912340277354 0.0019861317717498549 -0.015512286752303603 -0.0015174188085416355 -0.0142912882844352 -0.0039065565153510919 0.0074229882608069899 0.012409823804381834 0.0098478787601117765 0.010375742245295338 -0.0006596915007062421 0.012000061766528479 0.035232807732361898 -0.0094145845391608238 0.015141626233736598 0.026126822967122394 -0.014425109145046086 0.008738638012398969 0.0084729729070492608 -0.0021040571471201831 -0.023082006666113281 -0.010907525873120756 0.015479473837992858 -0.005529881240311979 0.0041364861659551055 -0.010703739785054716 -0.026105056731259874 -0.024156200558449602 0.0194254382274602 0.019955507117629352 -0.0023716560774313649 0.0273104857314104 -0.03481806449355497 -0.015253402553680524 0.026580466724211452 0.015233873449000474 0.033936070600887026 0.0025359871037614282 -0.0067340149929220414 -0.0083962467202293913 0.0084536075179319839 0.022995712896431687 0.015364738187037067 -0.02735625613066054 -0.00022107531693182794 -0.035540111662287842 0.013956231158658237 -0.0083753457583181194 0.030924110151872221 -0.0048858377199197736 -0.01895925824180127
leaf_weight=109.6164303123951 3092.2051737904549 2371.0929004698992 919.26171806454659 1645.0893710255623 1441.201685205102 602.76438595354557 648.67535120248795 927.45405530929565 2052.1652669757605 1850.982213228941 2591.6723170727491 731.14800697565079 1348.5479366332293 520.35135838389397 3466.5594052225351 1418.8102934658527 2334.9845172464848 1668.6025393605232 285.17328111827374 1980.734792098403 1045.3955522179604 697.50404730439186 2322.1870982795954 568.19825863838196 1531.0478882044554 2188.9272600859404 638.38400734961033 2083.6013007164001 1908.8473762273788 1373.1915746331215 233.54320923984051 2007.0732940882444 1949.9293719530106 2644.9004756957293 3919.8051481246948 2875.6950834393501 467.64783349633217 463.24107085168362 366.02254757285118 1302.0771303772926 3227.1557790488005 2904.6526783257723 328.15469393134117 585.91746431589127 1970.1733629405499 1540.4909726083279 2673.3149718046188 613.9834613353014 1688.3091221749783 2627.2353913187981 1185.1439407914877 4863.6152504682541 1370.8276337087154 1907.8359101861715 44.538863480091095 285.68562592566013 952.15938656032085 454.08646321296692 156.16992290318012 964.26005384325981 4186.9926114678383 525.95046436786652
leaf_count=479 12709 10110 3842 7362 6305 2602 2736 4454 8467 8004 10738 3148 5912 2203 14659 5869 9873 7558 1214 8672 4511 2921 10536 2460 6347 9628 2879 8522 8046 5793 974 8286 7997 11440 16378 12910 2095 1907 1531 5665 15078 12502 1414 2579 8363 7788 12424 2959 7752 11568 4888 21894 6647 9354 205 1308 3932 1945 683 4508 17679 2202
internal_value=0.000170661 -0.00768628 0.00481278 -0.01755 0.000536118 -0.00493997 -0.0106052 0.00853475 -0.0227632 -0.003396 -0.00669102 0.00662326 0.00724938 0.00599235 0.00244713 0.000167727 0.0016882 0.00452993 -0.0178328 0.00792129 0.00411439 -0.00702831 0.00547446 0.0182742 -0.0197366 0.013095 0.00534945 -0.00853141 0.000293869 -0.00543655 0.0243677 -0.0121187 -0.00533912 0.00942629 -0.00189613 0.00364706 0.00191428 -0.00758949 -0.00249832 0.0103806 0.0125442 0.00258364 0.00830712 -0.0233513 -0.01975 0.0175374 0.0144199 0.0192692 0.0103204 -0.00105364 -0.0176341 0.00677147 0.0142198 0.00997016 0.01381 0.0220309 -0.024992 -0.000572034 0.0193434 0.0283265 -0.00303971 -0.00381928
internal_weight=97651 36267 61383.9 7897.34 28564.1 28369.7 13450.2 32819.8 6465.64 18640 10291.3 27073.2 26342.1 1431.71 7145.57 14919.5 13500.7 17404.8 4820.55 9924.05 10702.5 11494.5 16485.5 911.358 4535.37 5038.67 2235.76 10468.8 4500.52 7376.6 801.741 5790.82 2598.6 5015.99 5293 13522.4 11200.2 2798.23 5868.95 3153.06 8937.33 4885.39 1025.66 3158.86 2556.09 5746.61 7588.78 2802.91 4361.62 5502.93 3192.22 5331.26 4206.12 2835.29 2963.09 1294.48 3004.32 5686.47 794.554 1008.8 4641.08 3992.51
internal_count=425414 153007 272407 33438 121895 119569 56235 150512 27322 78267 42691 122269 119121 6116 30530 63334 57465 77955 19960 43628 45685 47737 74113 3913 18746 22454 9867 43402 18784 30693 3434 23907 10733 21550 22171 60534 49998 11780 26009 13669 41166 21174 4335 13544 10942 28243 35254 12587 20176 24478 13174 23989 20455 13808 13579 6021 12399 24135 3562 4713 19624 16861
is_linear=0
shrinkage=0.05


Tree=35
num_leaves=63
num_cat=0
split_feature=2 4 2 3 201 2 3 184 2 133 254 3 27 61 3 234 17 14 3 4 14 3 2 125 203 180 4 254 4 36 215 203 61 40 61 4 9 210 227 225 103 135 77 45 109 127 157 14 77 238 96 201 129 57 57 247 175 129 2 96 1 159
split_gain=1288.25 732.148 328.374 292.021 291.29 284.338 243.484 227.041 216.35 177.62 161.492 156.288 153.84 150.763 146.041 142.952 130.672 153.35 123.528 264.799 118.133 114.154 114.395 99.1926 98.3441 91.919 87.8557 84.1274 82.1035 95.0698 80.2176 79.5699 78.5318 85.5037 78.1788 77.5378 74.6954 77.638 71.2758 71.1973 70.5971 72.5691 69.1557 74.4085 74.5968 68.1152 67.8196 67.0562 65.7031 64.2891 64.2626 63.7457 63.6929 61.9798 61.7273 60.8904 60.5998 60.3295 59.3575 58.629 63.8393 58.2101
threshold=2.0688879489898686 0.22246138751506808 1.1195503473281863 0.27822637557983404 0.0099067687988281267 1.5344280004501345 0.12424576655030252 0.013965606689453127 2.8104374408721928 -0.079803466796874986 0.081939697265625014 0.74820837378501903 0.021797180175781253 0.0027208328247070317 0.2209289148449898 -0.046920776367187493 -0.018821716308593747 0.0046939849853515634 0.44745667278766638 0.4523178637027741 0.022346496582031253 0.53180003166198742 1.8526903986930849 0.083953857421875014 -0.077911376953124986 -0.055435180664062493 0.13243609666824344 -0.075714111328124986 0.91791033744812023 0.048568725585937507 -0.090240478515624986 -0.072296142578124986 0.062026977539062507 -0.0077381134033203116 0.046768188476562507 0.85948753356933605 -0.054855346679687493 -0.040115356445312493 0.14007568359375003 0.040451049804687507 0.0051631927490234384 -0.031967163085937493 -0.097625732421874986 -0.063079833984374986 0.13726806640625003 0.073822021484375014 0.067901611328125014 -0.058334350585937493 -0.018440246582031247 -0.049850463867187493 -0.033370971679687493 0.048843383789062507 -0.070770263671874986 -0.033828735351562493 0.021644592285156253 -0.055099487304687493 0.075531005859375014 0.057357788085937507 2.4694889783859257 0.026390075683593753 -58499999.999999993 0.053726196289062507
decision_type=2 2 2 2 2 2 2 2 2 2 2 2 2 2 2 2 2 2 2 2 2 2 2 2 2 2 2 2 2 2 2 2 2 2 2 2 2 2 2 2 2 2 2 2 2 2 2 2 2 2 2 2 2 2 2 2 2 2 2 2 2 2
left_child=1 5 3 61 6 36 -2 12 10 54 11 18 14 23 50 28 17 52 19 32 34 22 -7 55 -18 -10 47 46 29 45 -14 -20 33 39 53 38 -1 -38 59 -8 -21 -42 -27 44 -44 57 -17 -23 -22 -13 -4 -15 -16 56 -6 -5 -11 -9 -33 60 -29 -3
right_child=4 2 7 13 9 21 8 15 25 20 -12 49 30 51 16 27 24 -19 31 40 48 26 -24 -25 -26 42 -28 35 -30 -31 -32 58 -34 -35 -36 -37 37 -39 -40 -41 41 -43 43 -45 -46 -47 -48 -49 -50 -51 -52 -53 -54 -55 -56 -57 -58 -59 -60 -61 -62 -63
leaf_value=-0.04392425687142465 -0.010237173982993432 -0.033987733613190491 -0.02999556033271918 -0.014204256323513298 0.025631703184759758 -0.029028569728678968 0.027375159962520636 0.016443023441906641 0.018021241591379404 0.015624801106038236 -0.010205441382049638 -0.015096053772607351 0.013373801753785955 -0.024742882219320469 -0.019955380510023754 -0.0087038669124422183 0.008599844554433432 -0.0053257223404810337 0.025030003388871208 -0.015665773754854537 0.0066035468459240661 0.016667115674051984 -0.0096697962693215785 -0.031626976491596424 -0.014062302261742654 -0.010519342819013682 0.0063145104034247447 -0.0031666200430546044 -0.0077780568966538139 -0.0020258305188122906 -0.0012837621380197785 0.0038605533414295188 -0.0096653258865992634 0.0046341952121163373 -0.0089164651354981285 -0.011868698462043428 -0.042785111069898595 -0.021479871432929343 0.043287830877669881 0.0055353494167692157 -0.016702292300989224 0.010049907537668146 0.018702763090961107 0.0057161041418693527 -0.038663690142568131 0.025905911001150972 -0.051558733060248774 -0.018068607369675495 0.016768951564893202 -0.0017685920570167241 -0.012931180836626392 -0.0023764618463764037 0.020082025799662617 0.0021626733819004617 0.011915552053696626 0.0043008043429767712 -0.0044738723706213498 -0.0016200964413786837 0.013626179182000981 0.011274075877853142 0.014851380821864074 -0.01578807061611319
leaf_weight=866.02567960321903 3374.5558340400457 1436.3847510665655 845.91122233867645 523.18184632062912 2165.8482078015804 1443.6339940428734 1056.7569220066071 1723.931889295578 2417.9920581281185 2062.8402349054813 2839.9801965653896 1309.8085781633854 1290.1494687646627 1213.7648480981588 108.24735207855701 324.77598316967487 554.25656808912754 2333.4591518640518 756.89113238453865 2123.4337350130081 2611.7490313947201 159.84305481612682 1620.8343410044909 240.97517557442188 3484.6098942309618 525.96004523336887 1080.6844561994076 3250.4958067983389 520.95168201625347 835.77237744629383 3368.7056844979525 3767.8350478559732 522.59103012084961 2246.8250118643045 1050.3342237621546 943.60850514471531 566.5255973637104 1759.4631686806679 110.11994184553623 577.52093358337879 404.22349515557289 676.02694256603718 1827.4135444313288 6864.1795012950897 57.574107229709625 1289.370258808136 128.2912740111351 1027.3226460963488 4068.327931240201 2922.8537888675928 1591.9811759442091 432.11149621009827 1114.7424401044846 4452.7158894836903 1324.6704781800508 2924.9965560734272 457.85569843649864 631.25712890923023 2651.0903785675764 1479.551784709096 578.17105804383755 636.82362465560436
leaf_count=3716 14071 6362 3453 2218 10698 5865 4718 7488 11497 9614 11970 5592 5490 5259 457 1359 2313 9706 3401 9093 11992 653 6636 1016 14461 2354 4485 13621 2163 3515 14168 16037 2212 9705 4678 3926 2517 7444 487 2439 1721 2980 8712 30870 285 5664 548 4170 18988 12651 6588 1813 4782 20047 6212 12421 2118 2672 12029 6354 2522 2727
internal_value=7.30775e-05 -0.00647456 -0.00318199 -0.0124876 0.00511481 -0.0195731 0.00256313 -0.000580986 0.00385093 0.0102927 0.000913894 0.00257499 -0.00473067 -0.00629691 -0.00821686 0.00457858 -0.00479798 0.00219079 0.00500044 0.000561192 0.00788474 -0.012504 -0.018796 -0.000681386 -0.010951 0.00934006 -0.00399729 -0.00013287 0.0109974 0.0131818 0.00277727 0.00970593 0.008517 0.0109671 0.00379476 0.00135094 -0.0313746 -0.0266852 0.00365492 0.0196655 -0.0103739 3.31994e-05 0.00707521 0.00813399 0.016931 0.0166688 -0.0209255 -0.0133816 0.0127961 -0.0058954 -0.0188621 -0.0188758 0.0165249 0.00571033 0.0204313 0.00148978 0.0119738 0.011603 0.00789536 0.00282473 -0.000442535 -0.0284077
internal_weight=97558.8 42440.9 33916.6 7408.24 55117.9 8524.33 36923.5 26508.4 33549 18194.3 21855.8 19015.9 14692.1 5335.03 10033.2 11816.3 7595.32 3556.45 14783.2 7607.38 14703.8 5332.32 3064.47 3689.15 4038.87 11693.1 2267.85 6815.01 5001.28 4480.33 4658.86 7175.82 4403.69 3881.1 8023.75 6361.95 3192.01 2325.99 5418.34 1634.28 3203.68 1080.25 9275.13 8749.17 1884.99 3644.56 453.067 1187.17 6680.08 4232.66 2437.89 1645.88 1222.99 6973.41 3490.52 3448.18 2520.7 2355.19 6418.93 5308.22 3828.67 2073.21
internal_count=425723 179039 143553 31816 246684 35486 162337 111737 148266 84347 94548 82578 61418 22727 41760 50319 31719 14945 64335 32868 67437 21809 12501 15655 16774 53718 9308 28817 21502 19339 19658 31467 19074 16862 36457 26910 13677 9961 22984 7157 13794 4701 42221 39867 8997 15824 1907 4823 30980 18243 10041 7072 5239 31779 16910 14639 11732 10160 28066 22497 16143 9089
is_linear=0
shrinkage=0.05


Tree=36
num_leaves=63
num_cat=0
split_feature=3 3 0 61 1 4 4 3 106 6 141 170 6 151 106 45 6 54 144 6 133 103 216 27 147 69 6 212 180 4 225 182 6 200 52 6 6 103 4 6 3 225 129 136 68 225 115 46 25 210 30 4 6 196 81 156 225 54 189 72 188 105
split_gain=684.588 504.446 330.763 205.456 153.644 152.071 160.053 145.398 141.176 130.41 110.458 106.825 101.991 100.017 98.1754 83.7672 81.8884 81.7828 81.6551 87.7087 81.5277 78.9222 80.7705 74.6194 73.9098 75.3631 70.3207 82.6739 78.9757 68.9687 68.035 63.7372 62.614 61.2289 58.3324 58.3255 57.6503 53.3067 53.8908 52.9448 52.6827 55.0608 50.5292 48.8762 48.8636 52.8756 57.2424 48.4174 47.0005 46.7604 46.4128 45.8128 45.5775 45.4965 48.6089 45.1898 50.0303 44.9868 44.9514 44.7268 44.1097 44.0673
threshold=0.13230263441801074 0.91858720779418956 0.094249997287988677 0.028724670410156253 -17499999.999999996 0.11136807873845102 0.94108700752258312 0.036557415500283248 0.081939697265625014 0.89499998092651378 -0.021095275878906247 -0.065765380859374986 0.60500001907348644 0.013706207275390627 0.076690673828125014 -0.10116577148437499 0.14500000327825549 0.025276184082031253 0.087432861328125014 0.94499999284744274 -0.070648193359374986 0.076263427734375014 0.031448364257812507 0.011447906494140627 -0.041885375976562493 0.0074596405029296884 0.72500002384185802 0.036300659179687507 -0.089019775390624986 0.89950752258300792 -0.0097084045410156233 -0.059829711914062493 0.13499999791383746 0.060287475585937507 0.044418334960937507 0.89499998092651378 0.60500001907348644 -0.0061321258544921866 0.071857850998640074 0.29000000655651098 0.95874175429344188 0.044082641601562507 -0.051803588867187493 -0.084381103515624986 0.052169799804687507 -0.0047664642333984366 -0.014080047607421873 -0.076263427734374986 0.013698577880859377 -0.13397216796874997 0.13299560546875003 0.22246138751506808 0.67500001192092907 0.031661987304687507 -0.070648193359374986 -0.048263549804687493 0.016944885253906253 0.0090980529785156267 0.0043048858642578134 0.031723022460937507 -0.059127807617187493 -0.054733276367187493
decision_type=2 2 2 2 2 2 2 2 2 2 2 2 2 2 2 2 2 2 2 2 2 2 2 2 2 2 2 2 2 2 2 2 2 2 2 2 2 2 2 2 2 2 2 2 2 2 2 2 2 2 2 2 2 2 2 2 2 2 2 2 2 2
left_child=7 2 4 5 9 -4 8 -1 16 10 29 24 -5 50 31 -11 32 -15 19 23 34 48 -23 33 61 -26 39 28 -28 -2 57 58 -7 -14 -17 60 -33 43 -39 -18 41 52 -29 -6 45 46 -38 -16 -22 -35 55 -19 -3 54 -10 -9 -57 -30 -13 -51 -32 -12
right_child=1 40 3 12 37 6 -8 13 53 15 11 14 18 17 47 20 26 51 -20 -21 21 22 -24 -25 25 -27 27 42 30 -31 35 36 -34 49 -36 -37 44 38 -40 -41 -42 -43 -44 -45 -46 -47 -48 -49 -50 59 -52 -53 -54 -55 -56 56 -58 -59 -60 -61 -62 -63
leaf_value=-0.023760677414385964 0.0091980929624794379 -0.024128273291586573 -0.009050842497088334 -0.025590946816125445 -0.0078741014879954944 0.013978263538500891 -0.01595867677632299 -0.0015059531845653237 -0.011612005989880011 0.022701109819615751 -0.0036463359115940161 0.012440789391241465 -0.011046884284005378 -0.0069530594941336482 0.0038151484229611851 0.01958531585427908 0.0086239806683195471 -0.014116683167663081 -0.025369694731287869 0.0090681736296434803 0.010162956995402948 0.0067693729456791071 -0.033031418261419136 0.00070198001512327421 -0.0089433954610328194 0.012463196740854183 0.012141522826499548 -0.0004391276787241358 0.002719265336874087 -0.0095254245076374956 -0.020031011884964953 -0.016998550293985226 0.059946165513480636 0.048147096163900456 0.0024874370795926054 0.0049896805376988713 -0.0059680000911817126 -0.0094605401495831687 0.024859779265053665 -0.0054795591085656896 -0.019598332514951567 -0.020378776347457096 0.013599270006078832 0.014008466983328484 0.010934162761275132 -0.0071535630530807845 0.010046217546771282 -0.013278889812375677 0.0019222892109876798 -0.005731847198249704 -0.053617814893585802 0.014793217852150771 -0.0035494593560190186 -0.013105449273538261 0.0041078420394232013 -0.0093027630398281724 -0.019250728472766817 0.01349699440624428 -0.00042642386068247 0.015182230705335331 -0.0022985621953049724 0.02021199357046928
leaf_weight=1981.5740934163332 6783.9225395023823 302.32706801593304 2926.8770425766706 619.57315000891685 315.76486186683178 216.14923551678658 1077.3549119085073 829.59461551904678 747.77854742109776 1068.1326770633459 228.00722831487656 1600.1774451732635 5229.6155501157045 2514.5148562192917 507.93371011316776 2054.850393563509 897.04903253912926 163.42309004068375 462.19338676333427 1160.262220159173 4122.7886799871922 247.83172836899757 260.85237587988377 3327.3518295139074 864.1794069558382 782.49395942687988 2469.9144914746284 755.77186065912247 2065.3534504771233 529.47491936385632 378.77133043110371 587.51820522546768 112.40901303291321 48.149176523089409 659.08942264318466 3212.767239138484 974.43999870121479 122.71135644614697 1593.9402581304312 2568.3077517002821 1971.6472219079733 863.7546923905611 4217.0635653883219 1316.7347319275141 794.70044499635696 2692.3116518259048 1303.1914661824703 2235.4891095608473 2982.089025169611 1229.7833591252565 67.945646122097969 826.04455809295177 2387.1112948358059 1299.7493676990271 1431.7691597640514 2627.6444433480501 2440.7764893770218 1822.7086159139872 1178.1054918318987 321.66648483276367 4587.6860479861498 1269.1733791679144
leaf_count=8292 29939 1260 12340 2688 1401 920 4558 3517 3178 5309 1042 7082 22291 10724 2235 9777 3796 695 1996 5181 18822 1115 1166 14206 3824 3537 11143 3323 9178 2245 1598 2498 486 209 2972 14098 4286 552 7658 10986 8323 3591 18872 6058 3560 11591 5808 9495 13313 5273 346 3554 10291 5482 6181 11168 10200 8121 5101 1401 19557 5721
internal_value=3.56443e-05 0.00156849 0.00257449 -0.000399569 0.00603859 0.001789 0.00292805 -0.0114465 0.00368834 0.00502398 0.00280275 0.000348627 -0.00583379 -0.00886756 -0.00182141 0.00937612 0.005091 -0.00216177 -0.00479249 -0.00394992 0.00799591 0.00534231 -0.0136652 -0.00543782 0.00854249 0.00123034 0.0047358 0.00590156 0.00399742 0.00784143 0.00232963 0.000671029 0.0298394 -0.00842894 0.0154355 -0.000259029 -0.00209182 0.0162514 0.0224024 -0.00182725 -0.0130439 -0.00940239 0.0114661 0.00977362 -0.000569874 -0.00241121 0.00319524 -0.0101138 0.00670491 0.000131529 -0.012805 0.010009 -0.00587089 -0.0057053 -0.00128831 -0.0123259 -0.0140962 0.00777399 0.00698637 -0.00138869 -0.0036547 0.0165786
internal_weight=97238.3 85786.8 80262 43186.1 37075.9 30787.5 27860.6 11451.5 26783.2 33726.8 22331.1 15017.7 12398.6 9469.94 11873.9 11395.6 23304 3503.98 11779 11316.8 10327.5 7613.56 508.684 10156.6 3143.85 1646.67 22975.4 19510 14537.2 7313.4 12067.3 9130.44 328.558 6829.21 2713.94 8179.22 6352.16 3349.15 1716.65 3465.36 5524.84 3553.19 4972.84 1632.5 5764.64 4969.94 2277.63 2743.42 7104.88 1599.6 5965.96 989.468 2689.44 3479.3 2179.55 5898.02 5068.42 3888.06 2778.28 1551.45 4966.46 1497.18
internal_count=425130 376634 353169 187062 166107 133817 121477 48496 116919 150438 97964 65780 53245 40204 51656 52474 102078 14973 50557 48561 47165 34416 2281 43380 14124 7361 100672 85890 63695 32184 52552 39926 1406 29174 12749 35253 27743 15669 8210 14782 23465 15142 22195 7459 25245 21685 10094 11730 32135 6883 25231 4249 11551 14841 9359 24885 21368 17299 12183 6674 21155 6763
is_linear=0
shrinkage=0.05


Tree=37
num_leaves=63
num_cat=0
split_feature=2 4 2 2 80 169 261 27 61 4 151 218 190 254 106 225 185 21 218 61 21 96 82 238 158 2 114 2 196 4 115 76 7 118 102 2 222 119 102 225 97 201 46 78 72 100 143 77 201 43 24 78 72 110 2 190 69 139 9 256 204 222
split_gain=1222.49 588.264 346.657 267.454 250.097 243.031 225.917 162.798 153.862 153.047 145.199 134.206 133.686 131.822 145.173 117.417 117.842 115.774 112.887 103.362 101.619 91.4205 83.689 78.6285 78.2232 76.1525 94.7114 75.8628 74.7741 74.512 74.0514 73.0999 69.9781 69.0555 65.9792 65.4992 65.1366 63.6523 63.2224 67.2604 63.016 65.6756 62.9889 62.7581 59.8799 59.387 59.3479 58.7928 57.9557 56.9429 55.54 64.0509 55.2398 55.1061 54.3653 53.9691 53.8092 53.7112 52.3683 51.7863 51.3959 51.2605
threshold=2.2517027854919438 0.16319528967142108 1.2613752484321596 1.6951137185096743 0.027565002441406253 -0.066925048828124986 0.031417846679687507 0.048141479492187507 0.0037717819213867192 0.86386641860008251 0.020652770996093753 0.061569213867187507 0.0090904235839843767 -0.11422729492187499 0.085784912109375014 -0.013057708740234373 0.14910888671875003 0.086944580078125014 0.055801391601562507 0.034103393554687507 0.0025968551635742192 -0.012256622314453123 -0.0056934356689453116 -0.031135559082031247 0.0072536468505859384 2.5598280429840092 -0.095794677734374986 3.1679114103317265 0.051071166992187507 0.09712498635053636 -0.0095405578613281233 -0.026969909667968747 0.023597717285156253 -0.093109130859374986 0.022987365722656253 3.4807590246200566 0.10549926757812501 -0.11880493164062499 -0.037887573242187493 0.075286865234375014 0.0042171478271484384 -0.011135101318359373 -0.10293579101562499 -0.098236083984374986 -0.021110534667968747 -0.091339111328124986 -0.024864196777343747 0.020103454589843753 -0.071563720703124986 -0.072906494140624986 -0.019096374511718747 0.069976806640625014 0.013652801513671877 -0.033554077148437493 0.97507533431053173 -0.064483642578124986 -0.014842987060546873 -0.019508361816406247 -0.069305419921874986 -0.0024309158325195308 -0.13433837890624997 0.053939819335937507
decision_type=2 2 2 2 2 2 2 2 2 2 2 2 2 2 2 2 2 2 2 2 2 2 2 2 2 2 2 2 2 2 2 2 2 2 2 2 2 2 2 2 2 2 2 2 2 2 2 2 2 2 2 2 2 2 2 2 2 2 2 2 2 2
left_child=1 3 6 22 11 7 8 10 17 13 42 15 19 20 21 29 25 24 23 27 -7 37 -1 31 33 26 -17 28 43 -2 32 -14 35 -3 47 -31 -5 -15 -12 46 -13 -42 -4 -6 -23 -33 -40 -10 -9 -46 51 59 -21 -50 -19 -51 -45 -35 -28 -44 -16 -52
right_child=4 2 5 36 12 9 -8 48 34 -11 38 40 18 14 60 16 -18 54 -20 52 -22 44 -24 -25 -26 -27 58 -29 -30 30 -32 45 -34 57 -36 -37 -38 -39 39 -41 41 -43 50 56 49 -47 -48 -49 53 55 61 -53 -54 -55 -56 -57 -58 -59 -60 -61 -62 -63
leaf_value=-0.020670394949876738 -0.0083490523179334166 0.019755187744710617 0.0030139009230816896 -0.011730756866173826 0.030251092583699565 -0.033335953940488376 -0.026502129298778116 -0.0047175115205966766 -0.016850181516152359 -0.0088339802051981744 -0.013239863766150384 0.013720000164088367 0.013930949210607375 -0.020134148907527342 -0.042629649316269447 -0.019531649363463573 -0.031830788830396819 -0.0063048965447167708 0.023160163663603295 -0.012628341728976526 0.0090465498316716977 0.0049368298757683678 -0.037265380073058407 0.016207342044600347 -0.01512665794910893 0.002546242012092313 -0.009601845316067387 0.02152087475965403 -0.0074573617554351407 -0.0049719199197374797 0.013603602958289863 0.029628660974338028 0.014731722605160091 -0.011618514192197282 -0.0071985040677098201 0.047670460137336862 0.015057002255055373 0.003713053837957394 0.016647810199736348 -0.0094483648277927726 -0.0032922868876047911 0.013380920335731392 -0.0099549148719857983 -0.0065031222089556419 -0.0013220065422693602 -0.0027018290108558871 0.0014923215640494491 -0.036747121189447986 -0.0086848282446264514 0.00037293655053223436 -0.0171361451455555 -0.022238554949923689 0.0098985368648993391 0.018191838787375379 0.032196436454408173 0.017039998349106762 0.013582963127040599 0.0012711338116442551 0.0014874157624928603 0.0029490029520764819 -0.0059842186517228974 -0.0045709844036128907
leaf_weight=1460.8683430552483 698.66426947712898 355.54283435642719 815.57964159548283 4534.097031712532 329.97836123406887 384.73788316547871 1906.4545561820269 600.14675982296467 1192.0646858513355 2265.2325675189495 672.87966427206993 3925.164938300848 1637.5987232327461 295.10940039157867 101.21752448379993 904.67055483162403 298.46927377581596 126.8303095549345 2756.081876128912 1060.8229432553053 222.743532538414 2990.6466647088528 1594.3477859348059 4001.7443768531084 1365.7425574958324 9737.9983395338058 1542.2067773491144 909.82304714620113 845.57530295848846 1700.7109388709068 3505.2769473493099 152.63802345097065 793.12528547644615 1256.9816630482674 1052.4955319017172 60.218124106526375 238.0501748919487 5089.0381144583225 1027.9484729021788 784.39024876058102 1450.6246870756149 994.88008697330952 1676.1674135178328 531.97030387818813 571.54335881769657 1880.3949345499277 1736.0499292314053 540.84413672983646 226.97701518237591 542.2758102864027 4308.9933144152164 566.22549709677696 365.08953802287579 1175.8984431624413 327.18970273435116 4658.0501279234886 890.24601341784 2260.0076852738857 3432.4171864539385 1448.8224691003561 1508.0785481929779 1001.1081166565418
leaf_count=6176 3001 1575 3435 18595 1540 1710 8244 2459 5197 9494 2797 17986 7892 1225 418 3801 1247 539 13611 4763 947 12947 6837 19222 5759 43428 6405 4447 3784 7483 15997 698 3631 5347 4460 273 986 21862 4350 3224 6368 4626 6855 2417 2459 8675 7343 2345 943 2329 17693 2332 1679 5075 1488 20181 4181 9633 14738 6087 6330 4162
internal_value=-3.05183e-06 -0.00513912 -0.00294084 -0.0177904 0.00611321 -0.000540444 -0.0109543 -0.00505153 -0.00745516 0.00334413 -0.00695424 0.00338408 0.0112726 0.00503041 0.00591197 0.0015823 -0.000762369 -0.00274216 0.0144806 0.0044899 -0.0178064 0.00753077 -0.0293398 0.0113601 -0.00484275 -0.000166606 -0.00465962 0.00910357 0.00474803 0.00710354 0.00888637 0.00607254 0.00240948 -0.00121291 -0.0170823 -0.00314569 -0.0103916 0.00240247 0.000800339 0.00346576 0.00979549 0.0034934 -0.0102885 0.010639 0.0106812 -0.000261116 0.00713273 -0.0230777 0.00828039 0.0136563 -0.0114939 -0.00678043 -0.00685768 0.0138403 0.0214509 0.0153024 0.00607061 -0.00333765 -0.00195166 -0.00397331 -0.00831409 -0.0147686
internal_weight=97287.8 52881.4 45054 7827.36 44406.4 34669.9 10384.2 16041.2 8477.7 18628.7 14038.2 29044.4 15362 16363.4 15756 22673.8 15915.8 5692.29 10428.5 4933.51 607.481 14146.7 3055.22 7672.38 5238.27 15617.3 5879.29 3507.59 2597.77 6758 6059.33 3670.63 2554.05 3872.53 2785.4 1760.93 4772.15 5384.15 4221.27 3548.39 6370.67 2445.5 9816.9 1752.19 8762.52 2033.03 2764 1732.91 2003.02 5771.87 9001.32 3691.22 1425.91 1402.88 454.02 5200.33 1422.22 3516.99 4974.62 3124.99 1609.3 5310.1
internal_count=425731 223838 191244 32594 201893 146657 44587 66755 36343 79902 58278 128984 72909 70408 67751 100004 69619 24341 50098 22811 2657 61003 13013 36487 22314 68372 24944 16369 11922 30385 27384 17265 11387 16555 12002 7756 19581 23087 17714 14917 28980 10994 40564 8138 37916 9373 11693 7542 8477 24969 37129 15274 6442 6018 2027 22510 6598 14980 21143 12942 6748 21855
is_linear=0
shrinkage=0.05


Tree=38
num_leaves=63
num_cat=0
split_feature=4 5 49 4 117 213 259 6 6 9 190 6 170 260 4 144 259 52 6 253 239 6 93 260 156 182 4 144 4 194 6 6 6 6 6 6 6 112 4 185 52 144 95 52 188 170 98 22 104 9 4 30 222 6 8 6 96 102 6 6 95 17
split_gain=392.167 385.816 263.579 230.416 209.679 162.498 159.426 155.099 150.86 137.173 128.674 109.176 101.442 106.493 99.2769 95.6563 93.0888 101.816 90.6109 90.2959 87.3033 81.7814 81.6943 80.0193 80.0124 75.3171 75.2979 73.6386 72.731 69.3774 64.1031 218.769 77.1204 73.5079 98.7795 161.7 79.4861 63.5341 62.4313 61.6829 58.0682 57.4108 55.1828 54.7416 52.1577 51.7926 51.3794 50.3506 48.9217 48.8722 48.3239 47.9518 47.9389 46.8956 45.2966 44.8809 52.0077 44.8929 44.4676 44.2216 44.014 42.3781
threshold=0.057615090161561973 0.12500000372529033 0.11782836914062501 0.90880402922630321 0.053543090820312507 0.053085327148437507 0.072601318359375014 0.72500002384185802 0.76499998569488536 -0.056900024414062493 0.038162231445312507 0.94499999284744274 -0.075714111328124986 -0.012996673583984373 0.39059448242187506 0.019401550292968753 0.0095481872558593767 -0.020133972167968747 0.64499998092651378 0.10879516601562501 0.023155212402343753 0.89499998092651378 0.062057495117187507 -0.051620483398437493 -0.0030679702758789058 -0.062484741210937493 0.42295710742473608 -0.10000610351562499 0.77684140205383312 0.011783599853515627 0.14500000327825549 0.13499999791383746 0.15500000119209292 0.22500000149011615 0.50499999523162853 0.42499999701976782 0.7150000035762788 0.011318206787109377 0.21236574649810794 -0.0078697204589843733 -0.0014376640319824217 -0.094879150390624986 0.012409210205078127 0.034866333007812507 0.010166168212890627 -0.063751220703124986 0.090972900390625014 -0.029930114746093747 0.057327270507812507 0.017539978027343753 0.029679208062589172 -0.066619873046874986 -0.049942016601562493 0.22500000149011615 -0.0027189254760742183 0.94499999284744274 -0.0071430206298828116 0.059738159179687507 0.95499998331069957 0.72500002384185802 -0.036666870117187493 -0.095428466796874986
decision_type=2 2 2 2 2 2 2 2 2 2 2 2 2 2 2 2 2 2 2 2 2 2 2 2 2 2 2 2 2 2 2 2 2 2 2 2 2 2 2 2 2 2 2 2 2 2 2 2 2 2 2 2 2 2 2 2 2 2 2 2 2 2
left_child=50 2 3 5 10 7 27 19 42 14 23 20 41 15 58 21 17 -12 53 30 26 40 -17 37 25 -15 52 -6 38 45 31 -2 -32 48 35 39 60 -3 -25 -35 -14 -11 -9 -39 -7 -16 -26 -30 -34 51 -1 -18 -4 -5 -24 56 57 -47 -10 -28 -36 -20
right_child=1 4 11 18 6 44 -8 8 9 12 16 -13 13 24 29 22 49 -19 61 -21 -22 -23 54 28 46 -27 59 -29 47 -31 32 -33 33 34 36 -37 -38 43 -40 -41 -42 -43 -44 -45 -46 55 -48 -49 -50 -51 -52 -53 -54 -55 -56 -57 -58 -59 -60 -61 -62 -63
leaf_value=-0.024018144819892357 -0.0037830095993614124 -0.011947967347167833 -0.022215935503911925 -0.0087300520259862933 0.020583391508645753 -0.0075802909807729836 -0.032925793041537775 0.02415168259803304 -0.0070769119784325225 0.032360760568896828 0.015574923047746287 0.011644563857879589 0.0071252463884119615 0.020803087249779469 0.0148492150070672 3.8833042653332103e-06 -0.023915977815169038 0.0015244706407951108 0.0090480298123425274 -0.039217959178418693 0.00039857231535943266 0.011940027826744408 0.0023757215923880881 -0.0074101922679445029 0.013591704969657399 0.0034274129299313089 -0.025609445325704496 -0.011400344973368854 -0.0029572836800973671 0.014338820045533225 -0.02238658584103316 0.054180301715431804 0.013618088734951669 0.011318940453030937 0.011556058855283958 -0.044477235658329707 -0.016578989077065058 -0.00033521407508442676 0.0028344471693691566 -0.012353772657462101 -0.003220032766868549 0.014308712026277032 0.0062164758356340879 -0.013353879443083813 0.001902928372186965 -0.012906321181664333 0.027511940140636085 -0.024024365478844938 -0.037266093860378484 -0.013152372075774904 -0.011854478096705808 0.0012422758675227641 -0.0090653094330889507 -0.037975294157646083 -0.036240226158567326 0.016471126888985149 0.0068061958525099074 0.014036092945732957 0.016779899112665028 -0.0028327829420467521 4.2265551431806077e-05 -0.0067564599209353265
leaf_weight=1171.2251731604338 503.99373963475227 5054.1118470579386 1318.1643392592669 234.20208854973316 195.64692780375481 2620.7918434143066 959.08497846126556 1873.3121709376574 2932.6808517724276 525.85415884852409 1943.9880571514368 1016.8022995889187 2830.8522687703371 755.28044283390045 589.9960767775774 903.28591033816338 202.08505836129189 3825.7584303915501 505.57765041291714 141.27277606725693 3854.4056846946478 3535.6429269313812 100.19052481651306 2001.9194995164871 4439.4321606010199 3560.0973274558783 226.82604339718819 2130.6995890140533 575.31481279432774 1626.2136746942997 379.73863770067692 239.36824427545071 1207.9381483197212 416.95669697225094 1506.7633659690619 313.53857110440731 476.8671136200428 3168.4251287579536 5773.8600954115391 804.78300243616104 2602.5866136699915 2718.3236132860184 557.22781659662724 1082.6526832133532 3243.2174914777279 1267.1865576952696 779.95659112930298 559.00265701115131 48.213560536503792 1011.1852449625731 2707.7554817199707 2810.1112249642611 1465.00029951334 332.10296629369259 311.23099479079247 299.65748476982117 721.76839841902256 175.24483832716942 208.31854109466076 3305.6526536494493 1846.5938580930233 2608.4058796167374
leaf_count=4941 2122 21463 5539 962 918 11352 4379 8386 12761 2657 8959 4475 12662 3460 2624 3954 872 16961 2164 610 16282 16221 441 8682 20186 15922 954 9172 2498 7157 1603 1027 5126 1755 6516 1448 2065 13844 25473 3442 11404 12715 2466 4572 14257 5439 3576 2387 201 4495 11496 12471 6187 1423 1321 1369 3178 763 948 13910 7986 11067
internal_value=4.28559e-05 0.000691082 0.00297755 0.00450908 -0.00383385 0.00545127 -0.0157819 0.00655965 0.00805219 0.00710781 -0.00243182 -0.00396941 0.00904826 0.00770588 0.00138541 0.00417609 0.00219002 0.00626034 -0.00753807 0.000254224 -0.00553149 0.00602242 -0.0084148 -0.00491666 0.0115121 0.00647263 -0.00915007 -0.00870281 -0.00152972 0.00599987 0.00097921 0.0149293 -0.000503843 0.000754279 -0.00179523 -0.0125065 0.00250033 -0.00815927 0.000196292 -0.00427207 0.00217024 0.0172439 0.0200441 -0.00365313 -0.00233596 0.00155604 0.0156767 -0.0133514 0.011637 -0.00364713 -0.0155324 -0.000452942 -0.0152995 -0.0259173 -0.0268534 -0.00163188 -0.0041449 -0.00962556 -0.00548983 -0.00430214 0.00521766 -0.00418841
internal_weight=97104.3 93225.4 61931.5 50744.7 31293.8 47064.4 3285.43 41200.4 33314.3 30883.8 28008.4 11186.9 23062.7 19818.6 7821.07 10283.8 9793.13 5769.75 3680.29 7886.03 10170 8969.08 1314.71 18215.3 9534.77 4315.38 6315.64 2326.35 8910.1 4680.07 7744.75 743.362 7001.39 6621.65 5365.5 1535.28 3830.22 9305.19 7775.78 1221.74 5433.44 3244.18 2430.54 4251.08 5864.01 3053.85 5219.39 1134.32 1256.15 4023.38 3878.98 3012.2 2783.16 566.305 411.422 2463.86 2164.2 1442.43 3141 3532.48 3353.36 3113.98
internal_count=425666 409229 272083 224736 137146 209120 14469 183511 149610 138758 122677 47347 104519 89147 34239 46003 43758 25920 15616 33901 42872 40287 5716 78919 43144 19382 26590 10090 39040 20530 33291 3149 30142 28539 23212 6645 16567 39879 34155 5197 24066 15372 10852 18416 25609 13373 23762 4885 5327 17838 16437 13343 11726 2385 1762 10749 9380 6202 13709 14864 14502 13231
is_linear=0
shrinkage=0.05


Tree=39
num_leaves=63
num_cat=0
split_feature=1 5 1 80 61 132 190 141 225 49 182 125 20 159 190 207 144 141 199 254 165 7 20 152 141 200 234 234 225 254 216 213 51 43 5 141 20 93 27 242 103 126 19 14 103 260 19 200 183 176 11 52 198 61 167 185 61 213 72 229 27 70
split_gain=337.097 243.374 175.503 163.671 128.144 127.917 119.904 113.669 112.217 111.845 102.949 101.481 98.6885 91.1573 85.9546 82.2565 78.9612 77.3559 74.7955 70.684 68.4672 68.3363 67.7932 60.3756 58.5968 66.205 59.0664 58.1126 60.8913 56.0334 54.6433 54.2722 52.0593 50.9971 50.9279 50.5965 50.573 49.0814 56.7951 55.2642 52.5728 49.5293 47.7679 46.9432 46.4435 45.9145 45.8883 47.1913 43.6803 43.0593 43.375 42.9802 42.1475 41.9967 41.566 41.0194 41.0052 40.0345 39.9515 40.8044 39.6651 39.2946
threshold=-189499999.99999997 1.0000000180025095e-35 -13499999.999999998 -0.016029357910156247 0.038375854492187507 0.062454223632812507 0.024101257324218753 -0.0096244812011718733 0.067901611328125014 0.061447143554687507 0.045364379882812507 0.073516845703125014 -0.030342102050781247 -0.11856079101562499 0.048782348632812507 -0.067779541015624986 0.039291381835937507 -0.051712036132812493 0.027885437011718753 0.016334533691406253 -0.035659790039062493 -0.066253662109374986 0.034133911132812507 -0.0036573410034179683 0.045181274414062507 -0.018699645996093747 0.021903991699218753 -0.10214233398437499 0.0027341842651367192 -0.11941528320312499 0.029136657714843753 0.059371948242187507 -0.080780029296874986 -0.080169677734374986 0.12500000372529033 0.10482788085937501 -0.0059871673583984366 -0.035202026367187493 1.0000000180025095e-35 0.059066772460937507 0.0097007751464843767 -0.023384094238281247 0.077545166015625014 -0.075225830078124986 -0.0054187774658203116 0.11776733398437501 -0.042800903320312493 -0.099090576171874986 0.032669067382812507 -0.025962829589843747 -0.092498779296874986 -0.0070629119873046866 0.050704956054687507 0.042953491210937507 -0.030006408691406247 0.047195434570312507 -0.010303497314453123 -0.079010009765624986 -0.0083351135253906233 -0.0011487007141113279 -0.086151123046874986 0.12112426757812501
decision_type=2 2 2 2 2 2 2 2 2 2 2 2 2 2 2 2 2 2 2 2 2 2 2 2 2 2 2 2 2 2 2 2 2 2 2 2 2 2 2 2 2 2 2 2 2 2 2 2 2 2 2 2 2 2 2 2 2 2 2 2 2 2
left_child=1 8 3 7 5 14 9 34 21 10 46 18 -11 23 17 -15 36 33 37 -14 48 -1 44 -9 42 26 -26 -17 49 -7 -18 60 -12 -3 53 -21 58 -8 39 -39 41 -40 56 -34 -4 -31 -5 -48 -19 50 -29 57 -20 -2 -27 -13 -22 -16 59 -6 -23 -30
right_child=2 4 22 6 16 29 11 13 -10 12 32 55 19 15 51 27 30 20 52 35 24 31 -24 -25 25 54 -28 28 61 45 -32 -33 43 -35 -36 -37 -38 38 40 -41 -42 -43 -44 -45 -46 -47 47 -49 -50 -51 -52 -53 -54 -55 -56 -57 -58 -59 -60 -61 -62 -63
leaf_value=-0.0046176405583059233 0.0097302985803829466 -0.011023098993601066 0.011147377240006549 -0.0040192370696324501 -0.0027575108353048825 -0.037716375250830339 0.016310552340380275 0.002324879880102567 -0.0054617078920005079 0.0064668536012865464 -0.034020146806646855 0.023011686031552774 0.00015488113912098543 0.013776352785428861 -0.005086515130363848 0.020373257035113813 -0.011251535807849782 -0.014481993980985042 -0.00054992326260821904 -0.010746105253521774 0.0060264497646126403 -0.0036945101693670818 -0.00084175445758807085 -0.049196130010446489 -0.010474459790674455 0.0015054614621874611 -0.028490484297873278 0.028698182045727046 -0.009497808694259896 0.0044294093272363643 -0.029194857391375409 -0.0038096212603369334 -0.051553780936664864 0.0046481066436947112 -0.0021981045369823932 -0.03051680508754705 -0.012376720311007717 -0.00014162953783848574 -0.0043408055056021006 0.0118391146746934 0.021953556966240208 0.013883300969058592 -0.0090763091881484303 0.00073511886164756373 0.024555287498641075 -0.036362899285620968 -0.010115824437882844 0.010333973068979705 -0.0017420760220625223 0.0030078639629569572 -0.010855089887883224 -0.0033286822941493836 0.015019542356078662 -0.0043212957644444385 -0.010467947557783942 -0.00083583955584024005 -0.0040530375842920069 0.0081031495241153592 0.0017057237716117308 -0.01481868024056306 0.011138886001120021 -0.035649200501805485
leaf_weight=1146.9638974070549 2970.1539398282766 667.27350561320782 1260.2449254542589 758.69231526553631 1689.7083037644625 80.641580432653427 1808.2227459549904 80.734213575720787 2435.7840894907713 1489.1395188421011 202.65963260829449 1338.4638237059116 1416.1206067204475 571.71016335487366 768.77734488248825 205.06061734259129 959.66997088491917 4207.7859447002411 4104.39012119174 2016.2724071592093 2042.4707729071379 486.86138616502285 582.09423047304153 190.61861509084702 1523.3420936912298 1488.6033245027065 649.0733048170805 72.536441668868065 4290.0653465241194 6205.4872535616159 762.62319123744965 795.61054456233978 46.300620973110199 2325.2996904104948 2381.8028984069824 385.14069691300392 3059.4926408976316 3047.7272844165564 580.31451185047626 1405.8283952325583 996.8443777859211 1039.8190792948008 1636.2169007211924 463.54558411240578 1330.3530657142401 68.766608253121376 298.73853401839733 4855.2793220877647 801.18213728070259 2072.8215810954571 1220.4004236757755 3531.3384313732386 485.15387465059757 647.04827564954758 1411.341268196702 208.29130224883556 1992.298132866621 2278.4485647827387 1810.9669005721807 1198.4270107299089 5991.91492202878 147.78614269196987
leaf_count=4985 13184 2879 5786 3428 7291 358 8326 358 10222 6472 904 6195 6190 2562 3418 920 4090 17826 18361 8621 8892 2119 2645 924 6512 6383 2730 317 18241 27256 3403 3435 199 10111 10388 1632 12990 13910 2596 6600 4650 4671 6960 2052 6415 293 1329 21993 3397 9161 5291 15296 2157 2796 6049 983 8592 10035 7743 5118 26249 627
internal_value=7.04912e-05 -0.00267033 0.00324074 0.00237998 -0.00442687 -0.00290043 0.00470265 -0.00183459 0.00398847 0.000961042 0.00529316 0.00767569 -0.00444745 -0.0054355 -0.00449205 -0.00453099 -0.00952628 -0.00621768 0.00628171 -0.00870547 -0.00761759 0.00672215 0.0145762 -0.0339151 -0.00536592 -0.00926986 -0.0158679 -0.00583944 -0.00653077 0.00344168 -0.0192091 0.0085105 -0.0126496 0.00115128 0.00347869 -0.0139283 -0.00737464 0.00896039 0.00707862 0.00364207 0.0129233 0.00735697 -0.00187305 -0.00410501 0.0180396 0.0039766 0.00745711 0.00914692 -0.012445 -0.00145846 -0.00861561 0.000425134 0.00109882 0.00721624 -0.00432334 0.0198018 0.0010496 0.00477498 -0.00411594 -0.00776567 0.0100238 -0.0103765
internal_weight=96986.7 52016.4 44970.4 41797.7 41159.2 31678.3 26946.9 14850.7 10857.1 11931.9 6625.22 15015.1 5306.67 8851.73 25323.5 8580.38 9480.89 18744.9 13468.3 3817.53 15752.3 8421.35 3172.69 271.353 10743.3 5072.36 2172.42 8008.67 7803.61 6354.9 1722.29 7274.39 712.506 2992.57 5999.01 2401.41 7758.59 8878.76 7070.53 4453.56 2616.98 1620.13 5670.99 509.846 2590.6 6274.25 5912.71 5154.02 5008.97 3365.76 1292.94 6578.56 4589.54 3617.2 2899.94 1546.76 4034.77 3047.23 4699.1 2888.14 6478.78 4437.85
internal_count=425516 224632 200884 186038 177622 136987 121269 64769 47010 52820 29905 68449 22915 38401 109080 37119 40635 80331 61271 16443 67341 36788 14846 1282 46118 21674 9242 34557 33637 27907 7493 31803 3155 12990 26368 10253 33142 40753 32427 20510 11917 7267 24444 2251 12201 27549 26750 23322 21223 14769 5608 28749 20518 15980 12432 7178 17484 13453 20152 12409 28368 18868
is_linear=0
shrinkage=0.05


Tree=40
num_leaves=63
num_cat=0
split_feature=5 225 190 182 129 129 259 52 108 20 139 200 179 143 182 211 68 113 262 32 88 30 221 213 47 239 105 143 47 103 32 86 238 182 137 126 80 114 21 213 241 32 72 20 126 137 236 205 239 108 33 239 114 128 84 43 156 82 248 20 89 117
split_gain=335.915 221.958 214.785 167.372 165.303 155.146 154.882 153.266 108.191 119.751 104.127 95.7308 88.2644 85.6265 84.1339 83.1995 74.873 76.2783 74.1043 72.2927 68.6443 68.4669 63.6112 60.4433 59.3424 57.9978 57.0858 54.0811 52.9381 52.9146 52.717 52.688 52.5985 52.3385 51.2261 56.5494 50.0761 49.747 49.2158 48.9807 48.0447 47.8411 47.9567 47.6991 47.3612 45.598 44.911 44.3157 43.2505 43.0719 42.5704 42.5689 41.1975 41.0586 40.6217 40.5405 39.9222 38.3424 38.0232 37.9813 37.1239 37.0124
threshold=0.075000001117587103 0.063140869140625014 0.031570434570312507 0.025978088378906253 -0.061538696289062493 -0.041519165039062493 0.022102355957031253 0.0026445388793945317 0.083343505859375014 -0.050399780273437493 -0.025337219238281247 -0.010166168212890623 0.00061058998107910167 0.030525207519531253 -0.0033845901489257808 -0.11972045898437499 0.069976806640625014 0.084747314453125014 -0.014438629150390623 -0.00065517425537109364 0.0056858062744140634 -0.027214050292968747 -0.029777526855468747 0.049179077148437507 0.035507202148437507 0.062454223632812507 -0.029853820800781247 -0.051071166992187493 -0.038314819335937493 0.094390869140625014 -0.047958374023437493 0.085479736328125014 -0.057144165039062493 -0.070281982421874986 -0.036087036132812493 -0.0057773590087890616 0.020347595214843753 -0.14691162109374997 -0.025657653808593747 -0.010456085205078123 -0.029380798339843747 -0.013309478759765623 0.011043548583984377 -0.019386291503906247 -0.023384094238281247 0.0061511993408203134 -0.042648315429687493 -0.070648193359374986 -0.018226623535156247 0.040664672851562507 0.085540771484375014 0.036117553710937507 0.16522216796875003 0.046676635742187507 0.074371337890625014 -0.0025129318237304683 0.069366455078125014 0.00069737434387207042 -0.11117553710937499 -0.063934326171874986 0.099884033203125014 -0.036819458007812493
decision_type=2 2 2 2 2 2 2 2 2 2 2 2 2 2 2 2 2 2 2 2 2 2 2 2 2 2 2 2 2 2 2 2 2 2 2 2 2 2 2 2 2 2 2 2 2 2 2 2 2 2 2 2 2 2 2 2 2 2 2 2 2 2
left_child=1 4 3 8 14 31 7 13 9 52 21 23 34 47 -1 44 17 37 29 22 -14 41 38 43 33 40 -9 -21 -29 -7 -15 -5 61 -10 60 -36 -17 -3 -11 59 -16 46 -43 -12 -8 -38 -6 -4 -39 -34 -26 -32 -2 54 -24 57 58 -50 -23 -20 -13 -28
right_child=2 16 6 5 10 18 15 26 24 19 11 12 20 30 25 36 -18 -19 39 27 -22 56 53 -25 50 -27 32 28 -30 -31 51 -33 49 -35 35 -37 45 48 -40 -41 -42 42 -44 -45 -46 -47 -48 -49 55 -51 -52 -53 -54 -55 -56 -57 -58 -59 -60 -61 -62 -63
leaf_value=0.0015277018249468099 0.0023027116688348085 -0.030414184506209748 -0.0032971133007792456 -0.024171811764615032 0.0093886940792209609 -0.013465129172790967 -0.062374718757525593 -0.0078973770122364555 0.011745038958972573 0.0045554969270732715 0.011466828855072058 0.011306417090856724 0.0026749862973476576 0.022513890260990641 0.0054276579308369299 -0.0066851821957036872 0.006255858363254531 0.0040653881814512573 0.020285208258208863 0.0025265285851828996 0.013063563311488922 0.011801187619031333 -0.015042668507761392 -0.0068125901013699934 0.016314133252653292 -0.033605190659976969 -0.01547533699215769 0.0003188198568882378 -0.0090724723339609733 -0.03998587161670155 0.014021179108018643 -0.052194639973901974 0.0020222198103668656 -0.004372428116182432 0.014161941118272027 0.026777690213739803 0.0080299907767101622 -0.013836479000417894 -0.009138326439078295 -0.0088595450421350749 -0.015966256928215281 0.0049750766625914029 0.018952399775356822 0.0034872209318304831 -0.013297091984360288 -0.0050154119755156752 -0.0081192205387358787 0.0074885451829903808 -0.0020203608419728696 0.016393504585790798 -0.023326611017478113 -0.008987108725182864 -0.035010712201062444 -0.0003417292293257939 0.0035147630682682237 0.0030664372191474033 0.01165864898096234 -0.015129690570725255 -0.0041380479763038405 -0.0012437876417183897 -0.014199972688911884 0.0018732238820202052
leaf_weight=2183.5643427670002 5321.0889541655779 249.45381689071655 1175.9650032818317 1052.0052591562271 686.59146206080914 1027.6377009153366 92.289825096726418 2341.388811647892 698.80102090537548 1114.2527611851692 2834.4234873354435 958.04038025438786 3209.0490683317184 1461.2639462500811 390.38663758337498 4793.7524600923061 1540.3638855516911 1503.6003366857767 295.87230947613716 2588.8376893103123 3152.2425822764635 406.73564118146896 5319.7271042317152 999.07043874263763 1083.8847368359566 297.43236307799816 590.69867710769176 2241.591077029705 4537.8801521956921 229.88098482787609 717.45321869850159 200.00188890099525 1832.1994658261538 1796.4294992983341 2013.1741451919079 1595.8953021615744 1411.3106013387442 1818.2964403778315 1593.2343175858259 1604.2851036190987 797.03944259881973 1324.9157544672489 1143.7685318291187 5520.4295814335346 105.39286349713802 1273.2227731794119 782.86368145048618 4996.6578503400087 1166.0605669915676 727.92695857584476 71.375705167651176 278.34626507759094 74.019275277853012 608.42145623266697 311.83398114144802 1209.8098260611296 525.14856453239918 1068.85891251266 4546.8740293979645 660.65796405076981 166.70629650354385 639.55322867631912
leaf_count=9618 23117 1044 5184 4606 3100 4415 409 10140 3115 4882 12725 4235 14180 7039 1690 20740 6620 6337 1321 11210 14135 1819 22556 4348 4869 1291 2535 9816 19791 1043 3348 914 8113 7947 9172 7203 6461 7622 6761 6911 3449 5859 5080 24502 463 5750 3408 22440 4883 3264 310 1270 333 2653 1315 5131 2309 4452 19992 2878 730 2787
internal_value=0.000104249 0.00346436 -0.00247335 -0.0050753 0.00529839 -0.0134185 0.00128765 0.00428317 -0.00352878 -0.00476245 0.0065287 0.0085321 0.0116732 0.00857741 -0.00471706 -0.00447277 -0.00372334 -0.00591483 -0.00840609 -0.00669088 0.00782413 0.00217782 -0.00990502 0.00480546 0.0044833 -0.0138952 -0.00176083 -0.00362039 -0.00596771 -0.0183412 0.01647 -0.0286864 0.00203091 0.000144241 0.0168428 0.0197464 -0.00362384 -0.00863731 -0.0035031 -0.00352209 -0.00893399 0.0072056 0.011456 0.00619539 -0.036408 0.00184324 6.20378e-05 0.00543354 -0.00759956 0.00611325 0.0138469 0.00758733 0.00178439 -0.0126818 -0.0140147 -0.00430436 -0.00143681 -0.00829391 -0.00282718 0.00542975 0.00751669 -0.0064624
internal_weight=96959.9 42090.8 54869.1 32431.7 33534.4 5070.34 22437.4 14761.5 27361.4 23710.9 29865.9 20449 11095.1 8629.69 3668.42 7675.97 8556.44 7016.08 3818.33 18315.8 6361.29 9416.9 8947.47 9353.92 3650.49 1484.86 6131.77 9368.31 6779.47 1257.52 2457.06 1252.01 3790.38 2495.23 4733.82 3609.07 7478.29 5512.48 2707.49 2560.82 1187.43 3938.14 2468.68 8354.85 197.683 2684.53 1469.46 6172.62 5263.03 2560.13 1155.26 995.799 5395.11 6239.98 5631.56 3444.73 5478.76 2234.92 4953.61 956.53 1124.75 1230.25
internal_count=425640 184934 240706 140763 148845 22088 99943 66120 118675 102434 132797 91230 49655 39281 16048 33823 36089 29469 16568 78984 28315 41567 38167 41575 16241 6430 26839 40817 29607 5458 11657 5520 16699 11062 21340 16375 32951 23132 11643 11110 5139 17447 10939 37227 872 12211 6508 27624 22088 11377 5179 4618 23450 26524 23871 14466 24120 9335 21811 4199 4965 5322
is_linear=0
shrinkage=0.05


Tree=41
num_leaves=63
num_cat=0
split_feature=5 225 129 117 213 182 190 46 123 106 7 39 207 214 45 182 141 141 108 216 135 225 69 157 170 68 217 215 125 24 188 107 63 231 27 69 227 134 238 152 29 13 45 99 152 7 196 40 188 207 157 170 160 110 203 190 130 47 203 89 79 82
split_gain=262.442 264.531 212.38 167.834 145.186 139.941 102.641 100.768 109.305 99.7996 91.0838 83.9045 83.1623 86.7402 79.7021 78.5848 76.7647 75.9167 79.1681 67.9914 79.4005 67.2819 61.8883 70.3355 60.2452 59.6826 58.7325 60.5273 57.4883 53.6728 53.6517 53.4554 56.038 55.4658 48.6442 47.7305 46.9802 44.7433 44.6666 52.0524 44.5513 44.5451 44.068 43.6071 43.1073 52.7356 42.8183 46.6409 42.7125 42.6136 41.5342 39.8063 39.7099 39.3113 39.2371 46.8913 56.753 42.3518 38.6003 38.4994 37.7078 37.5401
threshold=0.12500000372529033 0.069976806640625014 -0.060256958007812493 0.054794311523437507 -0.0098609924316406233 -0.0033845901489257808 0.038162231445312507 -0.037338256835937493 -0.010112762451171873 0.014225006103515627 -0.052108764648437493 0.025657653808593753 -0.0077724456787109366 -0.057388305664062493 0.064056396484375014 0.0067958831787109384 0.072235107421875014 0.051651000976562507 0.044326782226562507 -0.0029153823852539058 0.026069641113281253 -0.025657653808593747 -0.011966705322265623 -0.023933410644531247 -0.027015686035156247 0.078521728515625014 0.0067958831787109384 -0.020210266113281247 -0.084625244140624986 0.020835876464843753 -0.063446044921874986 -0.036697387695312493 -0.016731262207031247 -0.056686401367187493 -0.078704833984374986 -0.043441772460937493 0.048904418945312507 0.12313842773437501 -0.084869384765624986 0.035079956054687507 0.0053272247314453134 0.021705627441406253 -0.090606689453124986 0.081146240234375014 -0.049179077148437493 -0.063934326171874986 0.063812255859375014 0.035812377929687507 -0.046340942382812493 -0.066497802734374986 -0.054336547851562493 -0.074554443359374986 0.010173797607421877 0.013202667236328127 -0.10623168945312499 0.0071887969970703134 0.078521728515625014 0.049301147460937507 -0.071319580078124986 0.064361572265625014 0.070037841796875014 0.022438049316406253
decision_type=2 2 2 2 2 2 2 2 2 2 2 2 2 2 2 2 2 2 2 2 2 2 2 2 2 2 2 2 2 2 2 2 2 2 2 2 2 2 2 2 2 2 2 2 2 2 2 2 2 2 2 2 2 2 2 2 2 2 2 2 2 2
left_child=1 2 5 6 12 -1 11 8 41 48 -10 17 13 51 36 43 28 -2 -19 20 46 -17 26 -24 29 38 27 -8 -9 52 40 32 -30 -33 -21 -18 -7 54 -11 -40 -12 -6 -37 -5 -15 -46 47 -14 -3 -20 -23 -4 -22 -27 -35 57 61 58 -56 -28 -13 -57
right_child=3 9 4 15 7 14 22 16 10 25 30 60 19 44 -16 21 35 18 49 34 24 50 23 -25 -26 53 59 -29 31 -31 -32 33 -34 37 -36 42 -38 -39 39 -41 -42 -43 -44 -45 45 -47 -48 -49 -50 -51 -52 -53 -54 -55 55 56 -58 -59 -60 -61 -62 -63
leaf_value=0.0008296655730942094 -0.00068777862523358225 -0.01313743991669019 0.035479056281503767 -0.0100660003156123 0.0036206314449776841 -0.014938244197753811 -0.011114204751798683 -0.010755763540088956 -0.006618566616445336 -0.022246787583851794 -0.02784446221185154 -0.012875013195598476 0.014270810025481412 0.014519266234513634 -0.038353586977570901 -0.0078938642053603299 -0.021990719082832559 -0.012993034330525972 0.026704130795324493 -0.0091310931987767987 0.020980317726153722 0.0018155951486189801 0.011883057411168713 0.0001210573505454285 -0.0035465010449829502 -0.006456865022560928 0.0066974126262083229 0.0055623081553878876 -0.018442669556073016 -0.0021732474810290006 0.012795305421030332 -0.0092094736189133313 0.00012092918792553498 0.031724185352753877 0.0026211545042349833 0.01849423497115401 0.0042025840627421358 0.023418217358169607 -0.0075359600967031693 -0.025100080339605993 0.0048690555259423736 -0.010354500892964049 -0.0080115789644087734 0.01504477014503087 -0.0061094735740278685 0.0080028867607561793 -0.003942149861509329 0.0018944777112846302 0.0022696754160084951 -0.0018264166929526635 -0.033431371078380984 0.016826651299566911 0.0027476810916758341 0.013826924886445536 0.017292195188136735 0.0086271180666419537 0.018797180074203571 0.010473685443746047 -0.0075159930835998192 -0.012594826205813359 0.0039533301227411407 -0.0025980355198073537
leaf_weight=3397.8720505088568 10525.427466496825 503.21064920723438 357.6316761225462 1501.3524403572083 1068.5163232684135 1723.9470120072365 2211.027638360858 1034.9115435481071 822.38858014345169 732.350241497159 141.70908054709435 3510.9431909173727 4533.1059784293175 2062.9125352948904 313.99288465082645 504.59264226257801 577.836365416646 3092.733026906848 143.05873766541481 1086.1580365002155 832.46081870794296 91.773853629827499 2289.528398796916 2855.6461998820305 2276.3053839951754 526.61154009401798 1802.9333000779152 720.90789207816124 604.31646552681923 775.72289936244488 5023.0741019397974 767.02924656867981 1237.9154316186905 124.80881658196449 4631.0539055615664 172.12229782342911 393.28956012427807 312.49193681776524 4828.1215342581272 461.513816639781 383.64123648405075 1220.6953127831221 1668.4072709679604 194.48134323954582 767.21917471289635 4795.4005270749331 444.29951056838036 915.23909449577332 4170.2656787186861 1429.5854908376932 923.81981018185616 1442.1875351816416 465.91043581068516 435.53855286538601 171.16194935142994 1751.1681527048349 802.4171639084816 543.60599884390831 1761.8015833497047 300.93133606016636 367.28535780310631 1294.8865879625082
leaf_count=14983 45646 2115 1720 6533 4670 7505 9655 4471 3609 3048 621 15180 20200 9461 1326 2162 2450 13143 640 4848 3888 406 10563 12609 9961 2236 8159 3220 2673 3431 22525 3349 5553 554 20639 817 1731 1386 20194 1918 1699 5286 7147 889 3397 21676 1960 4026 17698 6243 4255 6572 2086 1890 756 7709 3573 2386 7696 1342 1593 5647
internal_value=-8.07075e-05 0.00176818 0.00327587 -0.0037457 0.00439526 -0.00572406 -0.00255339 0.00137027 0.00553703 -0.00504719 0.00890392 -0.00471751 0.00695528 0.0106792 -0.0148801 -0.0145857 -0.00144356 -0.00304129 -0.0083497 0.00475557 0.00719349 -0.0228379 0.00150008 0.00535627 0.00206938 -0.00883113 -0.00244015 -0.00701326 0.00042151 0.00823152 0.0112054 0.00165684 -0.00597528 0.00352476 0.000387252 -0.00946606 -0.0113824 0.0049703 -0.0106784 -0.00907286 -0.00399129 -0.00383271 -0.00552412 -0.00717908 0.00834693 0.0060557 0.0109755 0.0121925 0.000608278 0.000784242 -0.0302476 0.0205506 0.0144448 0.00272986 0.00407302 0.00352247 0.00697534 -0.00184379 -0.00531145 0.00393323 -0.0112807 0.00385599
internal_weight=96823.3 64357.2 52699.6 32466 46870.5 5829.1 29250 21484.9 8660.02 11657.6 6370.81 19069 25385.6 9425.35 2431.23 3216.02 12824.9 15190.8 4665.38 15960.3 10243 1520.19 10181 5145.17 4350.4 6984.14 5035.8 2931.94 10406.5 2074.09 5548.42 9371.6 1842.23 7529.37 5717.21 2418.37 2117.24 6762.34 6021.99 5289.64 525.35 2289.21 1840.53 1695.83 7625.53 5562.62 5892.64 5448.35 4673.48 1572.64 1015.59 1799.82 1298.37 962.15 6449.85 6325.04 3848.47 2476.57 1932.96 2103.86 3878.23 3046.05
internal_count=425324 283086 233987 142238 208442 25545 127993 94577 38410 49099 28454 82445 113865 42826 10562 14245 56167 65672 20026 71039 45552 6823 45548 23172 19366 29286 22376 12875 45753 9405 24845 41282 8226 33056 25487 10414 9236 29707 25160 22112 2320 9956 7964 7422 34534 25073 26186 24226 19813 6883 4661 8292 5974 4126 28321 27767 16929 10838 8452 9501 16773 13356
is_linear=0
shrinkage=0.05


Tree=42
num_leaves=63
num_cat=0
split_feature=2 4 3 3 5 3 201 2 6 3 6 133 2 2 6 2 6 2 95 2 2 253 6 217 2 4 3 217 6 170 6 6 3 227 103 6 9 41 40 3 6 3 86 49 229 2 4 6 3 9 236 174 2 120 45 96 154 6 260 2 3 21
split_gain=1093.56 730.876 421.098 310.014 278.526 265.173 251.802 236.937 267.796 399.98 232.909 231.619 210.684 190.434 188.763 196.222 186.409 176.132 164.839 157.48 153.755 150.723 124.985 121.413 120.406 118.335 111.14 105.566 104.246 103.549 101.827 93.8207 93.3431 91.0523 90.9378 88.5114 87.9567 87.2032 81.8478 80.6333 79.549 78.3511 83.0507 76.6022 76.1272 75.764 74.3895 72.8306 73.9527 70.5126 69.8629 67.2746 65.7807 63.3444 61.3628 60.3972 58.4989 57.0285 57.0047 55.9701 56.8941 55.2305
threshold=1.9550755620002749 0.37651434540748602 0.45843039453029638 0.10837652906775476 0.12500000372529033 0.94082602858543407 -0.035995483398437493 1.0692129135131838 0.24499999731779101 0.41080522537231451 0.81499999761581432 -0.033554077148437493 1.4556125998497011 1.2452009320259096 0.24499999731779101 1.5853212475776675 0.82499998807907116 1.4957965612411501 0.0087394714355468767 1.7178016901016238 2.6722609996795659 0.040847778320312507 0.94499999284744274 0.060775756835937507 0.18044797331094745 0.89079198241233837 0.77115154266357433 0.017921447753906253 0.88499999046325695 0.056625366210937507 0.61500000953674328 0.42499999701976782 0.81808942556381237 0.068084716796875014 -0.063934326171874986 0.20499999821186068 -0.077789306640624986 -0.015998840332031247 -0.027290344238281247 0.076431170105934157 0.21499999612569812 0.83807501196861278 -0.0087623596191406233 0.057327270507812507 -0.0098609924316406233 1.280011057853699 0.724123775959015 0.83499997854232799 0.036557415500283248 -0.025871276855468747 -0.063629150390624986 0.067657470703125014 1.3261731266975405 0.024070739746093753 -0.0060176849365234366 0.051773071289062507 0.021064758300781253 0.85500001907348644 0.078094482421875014 2.7565923929214482 0.98232102394104015 -0.10446166992187499
decision_type=2 2 2 2 2 2 2 2 2 2 2 2 2 2 2 2 2 2 2 2 2 2 2 2 2 2 2 2 2 2 2 2 2 2 2 2 2 2 2 2 2 2 2 2 2 2 2 2 2 2 2 2 2 2 2 2 2 2 2 2 2 2
left_child=1 2 14 47 7 6 20 8 35 -10 12 27 26 -6 24 -16 18 -12 19 32 22 23 34 37 -1 33 31 50 -19 -23 -14 -4 38 53 -5 -3 -29 -13 -9 -18 -37 42 -41 49 56 61 55 -2 -49 -11 -8 -38 -28 -15 -42 -21 -17 -43 -20 -7 -61 -44
right_child=3 4 10 5 13 59 11 16 9 43 17 21 30 25 15 44 39 28 58 46 -22 29 -24 -25 -26 -27 52 36 -30 -31 -32 -33 -34 -35 -36 40 51 -39 -40 41 54 57 45 -45 -46 -47 -48 48 -50 -51 -52 -53 -54 -55 -56 -57 -58 -59 -60 60 -62 -63
leaf_value=-0.012557281722796802 0.001528016246584816 -0.00028513315198476719 0.012930640227820304 -0.011641040945504937 -0.028963178223238146 -0.018321945725819001 0.00049901143132484297 0.030038738799659133 -0.040473698365550842 0.016448401119840063 -0.041571505441539064 0.0095603412975253429 -0.033587272276902114 -0.00057955071764381565 -0.039758314419241887 -0.02034176488517915 -0.019902513158480694 -0.001802035912743439 -0.0029157531226261971 -0.0016220674935368243 0.0068508483668318996 0.00053872462180893515 0.013379983500343851 0.013915242278753508 0.040875734216456301 -0.030426684353869998 -0.03482097260497205 0.0023384479981845402 -0.025740278982646705 -0.01983440356461405 0.015913580228777431 -0.019090123521526878 0.00027723371457736993 0.016152143732274513 -0.0012018708646823846 0.065821907375250024 0.018591074809317376 0.0010935556795434959 0.014814668495757612 -0.0054081115084811428 0.02651422195684161 0.0073426945337131209 0.028076330925632904 -0.021287878498954124 -0.028234875246937314 0.0098186911093232007 -0.020221167064334619 -0.025533143194136805 -0.0080045645812666603 -0.0072162879195438456 0.012149869373014818 0.034691385914276229 0.0049085842182380107 -0.014052814308571636 -0.018531354440315447 0.033510031801657091 0.00072679695049773525 -0.019580971941587012 -0.037827123272496897 0.0031426794782216903 -0.038235508245234973 -0.01820661524031059
leaf_weight=394.76087644696236 1435.3562118262053 1467.3075367361307 528.519829839468 2792.6187376230955 1241.196028098464 1352.9569036513567 1620.1322263330221 1626.8552103787661 1186.0428001880646 575.6398951113224 650.9979322552681 4956.3357643932104 109.92223730683327 1875.93821439147 2472.2646180018783 837.33115582168102 523.72176244854927 1131.6405498981476 906.98288993537426 475.44862711429596 7622.2641220837831 2252.8825334608555 1163.242196559906 4495.472051307559 142.72025172412395 473.87828512489796 558.05445758998394 711.49376708269119 759.56854099035263 861.43188418447971 1654.7214634269476 401.75115087628365 588.63888739049435 489.64247106015682 8239.3108243197203 92.777776166796684 4068.7258830666542 7868.3821779340506 1937.820226162672 2062.9985953271389 278.63840381801128 267.16408668458462 75.181315287947655 410.76031002402306 1544.2212567329407 3279.547790825367 392.09351779520512 768.96023358404636 2762.539466008544 692.27508237957954 6252.2137142419815 773.32067213952541 127.76951520144939 1629.851531624794 102.8078977316618 163.67728565633297 542.68480503559113 739.85458701848984 133.27022187411785 712.68476498126984 93.019710525870323 420.32007783651352
leaf_count=1643 6064 6229 2246 11525 5518 5705 7465 7215 5291 2419 2751 22790 461 7802 11016 3470 2132 4668 3878 2038 34434 10045 5002 20904 597 1938 2391 3176 3115 3681 7004 1744 2523 2092 34870 399 19906 35104 8411 8606 1196 1122 334 1739 6328 14009 1664 3167 11638 2956 29345 3912 537 6784 431 736 2247 3075 565 3170 406 1743
internal_value=-8.68634e-05 -0.00699759 -0.0171608 0.00400111 -0.00199905 0.00506597 0.00575702 0.000994954 -0.00854603 -0.0182599 -0.00772732 0.00837683 0.000871326 -0.0116445 -0.0265738 -0.0293877 0.00436872 -0.019158 0.0107385 0.0143827 0.00128057 0.00502446 -0.00220125 0.00684531 0.00168063 -0.00682948 -0.0121677 0.0134785 -0.0114249 -0.00510112 0.0128128 -0.000903645 0.0187239 -0.00402382 -0.00384525 0.00578866 0.0187574 0.00436618 0.0217691 -0.00101285 0.0245428 0.000435115 0.00265736 -0.00255024 -0.0206093 0.00706526 -0.00310331 -0.00796836 -0.0118274 0.0035321 0.00975249 0.0211691 -0.027423 -0.00684553 0.0143568 0.0074134 -0.0120621 -0.0124379 -0.0074204 -0.0121126 -0.00167597 -0.0111418
internal_weight=96770.6 35967.3 11856.9 60803.3 24110.3 55836.5 53677.8 18399.8 4806.25 2864.72 5922.95 33860.4 3380.74 5710.51 5933.98 5396.5 13593.6 2542.21 6224.79 5184.53 19817.4 20434.5 12195.2 17320.2 537.481 4469.31 1616.09 13425.9 1891.21 3114.31 1764.64 930.271 4153.31 3995.43 11031.9 1941.53 5553.54 12824.7 3564.68 7368.79 474.224 6845.07 5838.05 1678.68 2924.24 3775.05 1031.22 4966.86 3531.5 1267.91 7872.35 4842.05 685.824 3505.79 381.446 639.126 1380.02 1007.02 1040.25 2158.66 805.704 495.501
internal_count=425372 153063 50218 272309 102845 251440 242159 78711 20660 12405 24917 156328 14383 24134 25301 23061 58051 10534 27030 22587 85831 92524 51397 78798 2240 18616 6918 63804 7783 13726 7465 3990 18149 16678 46395 8255 26994 57894 15626 31021 2026 28889 24692 7114 12045 16086 4438 20869 14805 5375 36810 23818 2928 14586 1627 2774 5717 4197 4443 9281 3576 2077
is_linear=0
shrinkage=0.05


Tree=43
num_leaves=63
num_cat=0
split_feature=0 201 6 141 0 6 6 25 139 212 207 19 141 38 230 90 227 1 147 207 6 6 208 203 155 179 240 155 114 201 82 69 233 203 102 252 72 52 72 38 120 143 6 27 45 17 137 6 102 225 169 233 13 49 239 38 6 17 6 6 122 141
split_gain=323.306 198.507 190.139 186.264 141.654 118.505 112.43 103.335 86.7086 84.0406 92.714 81.5649 78.4507 79.4989 77.9639 72.1429 65.391 57.169 55.4729 54.5434 53.8098 84.1167 53.733 52.7825 61.2499 52.7935 51.5253 49.1393 49.0908 48.7067 45.5239 43.9347 48.185 43.5352 42.6945 42.5851 52.1355 42.5115 42.1711 42.0692 41.7745 41.7397 52.9157 42.2914 43.2264 41.5233 44.3766 41.2333 40.4085 40.1137 38.3777 38.0033 36.8523 36.8117 48.0476 36.623 36.4872 54.6086 47.6448 54.2411 37.8266 36.826
threshold=0.13625000417232516 -0.041366577148437493 0.72500002384185802 -0.0014872550964355467 0.018249999731779102 0.94499999284744274 0.76499998569488536 0.011524200439453127 -0.028022766113281247 0.076385498046875014 0.022758483886718753 0.046737670898437507 -0.089141845703124986 -0.049148559570312493 0.060348510742187507 -0.028053283691406247 0.043502807617187507 -3499999.9999999995 0.012920379638671877 -0.076019287109374986 0.7150000035762788 0.70499998331069957 0.029258728027343753 -0.058883666992187493 0.020759582519531253 0.10751342773437501 0.028450012207031253 0.081268310546875014 -0.056137084960937493 0.062957763671875014 0.089691162109375014 0.043106079101562507 0.034774780273437507 -0.076690673828124986 0.031478881835937507 0.014247894287109377 -0.019737243652343747 0.024681091308593753 0.011692047119140627 -0.0087852478027343733 0.067535400390625014 -0.028602600097656247 0.85500001907348644 0.059799194335937507 -0.10855102539062499 -0.011501312255859373 0.071319580078125014 0.70499998331069957 -0.033889770507812493 -0.0058536529541015616 0.0050239562988281259 0.051742553710937507 -0.070220947265624986 0.028251647949218753 -0.030250549316406247 0.0073070526123046884 0.63499999046325695 0.035568237304687507 0.32500000298023229 0.48999999463558203 0.010456085205078127 0.11331176757812501
decision_type=2 2 2 2 2 2 2 2 2 2 2 2 2 2 2 2 2 2 2 2 2 2 2 2 2 2 2 2 2 2 2 2 2 2 2 2 2 2 2 2 2 2 2 2 2 2 2 2 2 2 2 2 2 2 2 2 2 2 2 2 2 2
left_child=1 3 8 16 22 19 48 9 -3 10 28 27 -2 -14 15 29 17 35 -18 38 21 40 30 24 -21 41 51 31 53 -15 -4 45 -33 39 37 -1 -37 -35 -5 -12 50 42 -25 44 -43 46 -9 -16 -6 52 56 -17 -46 -8 -55 -13 58 -58 -10 60 -60 -59
right_child=12 2 4 5 6 -7 7 11 20 -11 33 55 13 14 47 26 18 -19 -20 23 -22 -23 -24 25 -26 -27 -28 -29 -30 -31 -32 32 -34 34 -36 36 -38 -39 -40 -41 -42 43 -44 -45 49 -47 -48 -49 -50 -51 -52 -53 -54 54 -56 -57 57 61 59 -61 -62 -63
leaf_value=0.0049765104697347597 0.0031737820994201904 -0.011299347245776793 0.011135995766412509 -0.024026032517025807 -0.0031163666252164678 0.0088668721924644034 0.0085183043042128745 0.0043464619574675543 0.0062928211893955067 0.01426461997818354 0.023303013911034919 -0.010809182208066365 -0.0095430809162408425 -0.008175978860329591 -0.021959092773107126 0.0044805359673019182 0.0035746394505113037 0.039100204393336384 0.021286040666691434 -0.0079542854903809634 -0.018800496508567622 0.027813434731300553 0.019357773549714716 0.0013174928222475465 0.0099788041529818086 0.0071079813478513321 -0.0039985419749010249 0.015412617126186716 0.010245693398688157 0.0041999249483082261 -0.0082731508375063229 0.011110580138803798 -0.005807325953394984 -0.00075318842563823333 0.0054350582983531967 -0.011164789950106571 0.0022560150955994282 -0.011829064011155768 0.015599219177216114 -0.0076401065020669642 -0.012735101028969839 0.0028593710753995424 -0.011607046267615061 0.0018909277474254268 0.015449203095945989 -0.0054106354261879239 -0.014874991438912313 -0.0075546995423016738 0.017730688597063532 -0.019410223915504968 -0.0096535863087864188 -0.0070865731002041953 -0.011877205513400154 -0.016468448158364284 0.0026895962006902602 0.0025985160218122013 0.0035455880523065798 0.020721096466413385 -0.0043535507044882718 0.0013974917402774728 -0.038601654458500535 0.063154550929411898
leaf_weight=3222.6113307476044 3309.4910442382097 2348.5885726809502 2555.0401112437248 79.484205096960068 264.45233681797981 1254.4828777909279 1323.9359627068043 3306.3689730167389 1516.2124638557434 2552.7010191231966 345.14568994939327 2130.8508457094431 7093.0202972739935 5168.117448374629 575.75135244429111 6094.3808076530695 880.20627726614475 99.01315476000309 888.19280891120434 1161.5652045533061 340.93162477016449 289.27300919592381 2096.2226186990738 1395.7755851298571 805.41974867880344 446.32413904368877 4000.6525869518518 645.29061467945576 5952.3599603325129 938.86956572532654 341.8721939176321 1756.1522860080004 552.74397671222687 2468.1997740268707 1451.8936913758516 1236.1725348383188 1742.648906648159 1334.0211885422468 406.02888323366642 160.31192643940449 558.89235489070415 333.79703073203564 1829.0381773114204 426.67774610221386 132.66212448477745 2910.3864493370056 329.2833526134491 3606.7717713937163 1903.3694646209478 2867.0790649428964 604.72681277990341 802.81070441007614 1624.6470786780119 455.36615628004074 1156.2112353742123 668.74264435470104 528.7383454144001 226.67528967559338 138.94796206057072 540.39530931413174 192.00833578407764 65.794262886047363
leaf_count=14064 14478 10122 12077 338 1170 5605 6035 14787 6453 11961 1594 9244 30246 22357 2519 26836 3801 449 3907 5031 1486 1299 10422 5902 3542 1907 17069 3000 27407 4153 1586 7886 2445 11089 6483 5241 7447 5803 1778 727 2406 1493 7765 1821 575 12724 1403 15490 8506 12113 2624 3491 6987 2020 5174 2945 2323 1014 617 2320 877 289
internal_value=3.85418e-05 0.00205924 0.00396248 -0.00196181 0.00543408 -0.00572088 0.00419968 0.00339177 -0.00337625 0.00589411 0.00443445 -0.00010772 -0.00410923 -0.00496161 -0.00342746 -0.00192297 0.00398411 0.00159865 0.0124773 -0.00731165 0.00034495 0.00174889 0.0132606 -0.00803421 -0.000609898 -0.00964654 0.000515058 0.0021027 0.00763643 -0.00627297 0.00884341 0.00113112 0.00705972 -0.000507148 -0.00185634 0.000993685 -0.00331532 -0.00464128 0.00907605 0.0134933 1.85179e-05 -0.0105158 -0.00601433 -0.01321 -0.0145096 -0.000960749 0.00260195 -0.00954233 0.0151873 -0.0157637 0.00189049 0.00313333 -0.00980668 0.00234393 -0.00273054 -0.00760668 0.00406842 0.0131527 0.000939657 -0.00837176 -0.0242794 0.0304496
internal_weight=96433.8 64843.9 44012.1 20831.8 36660.9 12763 31667.8 29500 7351.18 17200.1 14647.4 12299.8 31589.9 28280.4 21187.4 17004.8 8068.85 6300.45 1768.4 11508.5 5002.6 4661.66 4993.13 11023 1966.98 9056 10897.8 9500.23 8887.87 6106.99 2896.91 8854.94 2308.9 5759.57 5254.11 6201.43 2978.82 3802.22 485.513 505.458 4372.39 8609.68 3224.81 5384.86 4958.19 6546.04 3635.65 4182.52 2167.82 4624.39 3813.5 6897.19 1757.31 2935.51 1611.58 2799.59 3208.77 821.208 2387.56 871.352 330.956 292.47
internal_count=424723 288084 198318 89766 166488 54857 142403 132727 31830 78293 66332 54434 136639 122161 91915 73906 34909 27201 7708 49252 21708 20222 24085 47136 8573 38563 47396 42245 40636 26510 13663 39245 10331 25696 23375 26752 12688 16892 2116 2321 18923 36656 13667 22989 21168 28914 16190 18009 9676 19675 16517 30327 7562 13229 7194 12189 13893 3626 10267 3814 1494 1303
is_linear=0
shrinkage=0.05


Tree=44
num_leaves=63
num_cat=0
split_feature=4 5 1 260 4 230 4 144 141 165 5 159 165 144 4 4 214 199 184 102 114 198 49 185 4 141 47 61 234 115 69 226 189 205 217 117 114 221 115 220 23 95 21 17 230 122 1 4 35 164 152 24 124 188 122 61 144 249 24 90 14 149
split_gain=319.366 303.25 252.918 168.064 155.467 121.323 121.054 119.44 93.4036 95.2594 89.9093 82.0214 74.9213 73.9066 72.2091 67.3002 65.9897 65.8847 65.5519 60.0111 57.3511 57.2665 57.0817 62.3314 57.0509 59.6086 56.1598 55.2356 52.749 51.9921 51.7149 56.5042 50.5628 48.9773 47.2259 46.7268 46.4096 43.8175 41.9381 41.8205 41.3794 41.2837 41.2468 58.0837 40.1122 39.2168 39.1557 38.9439 41.9891 38.427 38.277 38.2107 37.33 37.0865 36.6368 36.31 36.2929 36.9249 35.7404 35.1285 37.8926 34.7568
threshold=0.057615090161561973 0.075000001117587103 -111499999.99999999 -0.049514770507812493 0.90392893552780162 0.024726867675781253 0.50236108899116527 -0.10464477539062499 -0.020286560058593747 0.033676147460937507 1.0000000180025095e-35 -0.10098266601562499 -0.047256469726562493 0.074249267578125014 0.14954702556133273 0.97841215133667003 -0.072662353515624986 -0.019905090332031247 -0.066864013671874986 -0.016914367675781247 -0.092926025390624986 0.010746002197265627 0.058975219726562507 0.049942016601562507 0.57408028841018688 0.025382995605468753 0.012844085693359377 0.040634155273437507 -0.050460815429687493 0.013675689697265627 0.013591766357421877 0.068572998046875014 0.026939392089843753 0.074249267578125014 0.014392852783203127 0.11685180664062501 -0.12496948242187499 0.027320861816406253 0.0041637420654296884 0.052169799804687507 0.079559326171875014 -0.0037527084350585933 -0.10623168945312499 -0.052230834960937493 0.11300659179687501 0.010456085205078127 -17499999.999999996 0.95094677805900585 0.060928344726562507 -0.062026977539062493 0.0031881332397460942 0.035476684570312507 0.076995849609375014 -0.055130004882812493 -0.021492004394531247 0.047622680664062507 -0.049240112304687493 0.035079956054687507 0.12271118164062501 0.061721801757812507 -0.056991577148437493 -0.010463714599609373
decision_type=2 2 2 2 2 2 2 2 2 2 2 2 2 2 2 2 2 2 2 2 2 2 2 2 2 2 2 2 2 2 2 2 2 2 2 2 2 2 2 2 2 2 2 2 2 2 2 2 2 2 2 2 2 2 2 2 2 2 2 2 2 2
left_child=21 3 5 6 10 12 16 29 46 22 14 50 -3 20 -5 52 -2 49 -13 -8 -14 -1 23 53 25 -22 54 33 -26 -4 58 39 47 36 -34 -25 -18 -28 -15 40 -32 -23 -12 44 45 -44 -9 48 -21 -11 -7 -45 -6 -10 -16 -27 -55 -58 -20 60 -30 -24
right_child=1 2 7 4 15 11 19 8 9 17 42 18 13 38 26 -17 27 -19 30 32 24 41 61 35 28 55 37 -29 59 -31 31 -33 34 -35 -36 -37 -38 -39 -40 -41 -42 -43 43 51 -46 -47 -48 -49 -50 -51 -52 -53 -54 56 -56 -57 57 -59 -60 -61 -62 -63
leaf_value=-0.0096886689724750008 0.0061550244922441598 -0.0070451713036488494 0.028966274156511391 -0.0023449784985934666 -0.0010133709896364036 -0.012571447905374065 -0.0037625966612385461 0.0062243529782422509 -0.0089096907301009429 0.023244666867183808 0.015011112522411902 -0.013722029661915781 -0.0065116977184100384 -0.030718791291550654 0.01700460612911097 -0.034808163126659963 -0.02027633208035463 -3.7832570090073198e-05 -0.0083468642919371835 0.012821351748364488 0.0076261694798283311 -0.014231063776208155 -0.0042125729607489226 -0.0062174419830328381 0.0032870701139799856 0.0010455482112000228 0.013125666951304139 -0.014825027721094465 -0.026899943009297739 0.009145875189388631 0.002954896771322062 -0.018056557502715929 -0.0064413490570613329 -0.017078266883729609 0.009569535926775773 -0.044145346292917491 -0.00054053938828346791 0.024798781171753576 0.0035176970679269659 -0.0076079915481805484 0.026842667407224859 -0.032122464295433382 0.013554965922142247 0.0032697095238706821 -0.027189846463188505 0.0037295161257188767 0.019420057975218702 -0.010273230402128146 -0.00012564778803918097 0.0073330121196490171 -0.039121737600118375 -0.0058099008587710801 -0.022051607976259335 0.019581332590119238 0.007242379613410301 -0.014415601592900486 0.0080163372475685613 -0.012718474766668254 0.0099981183913451042 0.0027998489979924501 -0.0073010159830863876 -0.014691645158732919
leaf_weight=2585.0013483315706 1180.3541017472744 5192.2411659061909 577.79360543191433 866.08092099428177 1665.8274367451668 257.93243578076363 1890.0947768688202 3626.7799587249756 381.6093857884407 626.23661394417286 950.07628409564495 2834.9153396785259 2561.5770440399647 302.53468701243401 1264.2290707081556 190.04441627860069 321.96137602627277 1990.7959370911121 7168.3285166248679 3422.6817714720964 5073.3022108972073 696.78134319186211 1776.7910677492619 1015.9861007928848 2355.6650028079748 2893.1555208265781 1984.4907925575972 1577.2804377824068 279.24597190320492 775.7351066917181 2376.744297966361 412.01544350385666 1205.5924147367477 624.72337804734707 743.89567674696445 87.323233634233475 3836.1401409357786 1356.5296496450901 126.55003586411476 925.97584943473339 195.29949486255646 603.89806885272264 2463.1243193000555 6161.9831100702286 74.885137543082237 1729.2660104185343 664.81509247422218 238.82250747084618 766.40258096158504 964.17247259616852 288.82612612843513 1426.1133460998535 240.42849315702915 506.76852785050869 4013.7475331425667 436.09091304242611 1076.1778199076653 267.22186233103275 274.89868798851967 747.55321602523327 2071.3453337550163 1427.3200927525759
leaf_count=10998 5239 22283 2966 3762 7097 1167 8167 16402 1710 2917 4435 12049 11028 1346 5763 805 1377 9247 30861 15021 22467 2936 7778 4511 10282 12710 9096 6684 1196 3580 10451 1738 5091 2650 3219 458 16716 6183 552 4080 877 2581 11188 27587 329 7726 3145 1015 3316 4526 1392 6338 1031 2379 17931 1864 4802 1168 1175 3279 8984 6148
internal_value=4.07604e-05 0.000629254 -0.0018716 0.00389816 0.00650112 -0.00414299 -0.000117579 0.00342652 0.0020922 -0.000529164 0.00772541 -0.00765516 -0.0017946 -0.000176056 0.011415 -0.00651452 -0.00469878 0.00602483 -0.00692164 0.00406082 0.00035991 -0.0140006 -0.00411884 0.000460237 0.00163062 0.00421519 0.0127978 -0.00671376 -0.00235141 0.0176219 -0.00522252 -0.000566313 0.0063797 -0.00403628 -0.000330059 -0.00925657 -0.00207319 0.0178712 -0.0206367 0.00149835 0.00477846 -0.0225562 0.00499181 0.00418768 0.0088539 0.00950405 0.00827256 0.00933324 0.0104532 0.013609 -0.0266425 0.00156274 -0.00367701 0.00526586 0.0095835 -0.000983395 0.0081929 0.00388549 -0.00766808 -0.00663828 -0.00963978 -0.00888376
internal_weight=96620.2 92734.5 52539.7 40194.8 24386.8 36774.2 15807.9 15765.5 14412 10120.4 22290.5 14734.9 22039.3 16847 9485.08 2096.3 7540.46 3581.21 14188.2 8267.49 16417.9 3885.68 6539.2 3335.09 13856.4 8402.55 8619 6360.11 5453.81 1353.53 11353.3 3910.04 6377.39 4782.82 1949.49 1103.31 4158.1 3341.02 429.085 3498.02 2572.04 1300.68 12805.4 11855.4 4267.28 4192.39 4291.6 4427.91 4189.08 1590.41 546.759 7588.1 1906.26 2231.78 5277.98 3329.25 1850.17 1343.4 7443.23 3098.14 2350.59 3204.11
internal_count=425799 409284 231518 177766 109271 159781 68495 71737 65191 45644 100338 63790 95991 73708 42735 8933 32666 16690 61231 35829 71810 16515 28954 15028 60782 37041 38973 27427 23741 6546 49182 17146 27662 20743 8310 4969 18093 15279 1898 15408 11328 5517 57603 53168 19243 18914 19547 19352 18337 7443 2559 33925 8128 10059 23694 14574 8349 5970 32036 13459 10180 13926
is_linear=0
shrinkage=0.05


Tree=45
num_leaves=63
num_cat=0
split_feature=0 5 0 230 260 132 183 39 28 240 159 190 124 185 59 129 141 132 125 31 129 181 259 144 125 20 108 32 240 211 82 239 141 144 260 46 20 65 78 190 168 209 243 9 256 31 78 178 129 115 260 228 8 104 159 172 30 29 259 52 78 42
split_gain=296.618 164.231 144.526 134.486 96.7964 91.6628 85.9686 85.5621 83.2347 79.7176 88.6093 70.0364 67.6667 69.5746 65.5874 62.4615 60.1768 57.1907 54.6409 55.9699 54.0991 51.9403 50.9885 49.7169 49.4258 55.9067 49.4052 64.846 47.8876 47.1684 44.7212 43.9116 41.5626 42.3633 41.1713 41.0427 39.6275 39.195 37.8177 37.7818 38.717 37.6088 37.5822 37.3663 37.0441 36.5583 36.2712 43.3406 35.6087 40.4284 38.5216 35.3963 35.3782 35.1841 33.4083 33.0424 32.8237 37.4946 37.2879 36.3634 36.4862 32.7065
threshold=0.10624999925494195 0.075000001117587103 0.01625000033527613 0.035385131835937507 -0.059463500976562493 0.049118041992187507 0.044265747070312507 0.00059676170349121105 -0.070648193359374986 0.026847839355468753 -0.10848999023437499 0.057510375976562507 -0.027549743652343747 0.089874267578125014 0.032028198242187507 -0.078277587890624986 -0.030174255371093747 -0.0044078826904296866 -0.024986267089843747 0.10214233398437501 -0.056411743164062493 0.029563903808593753 0.094146728515625014 0.039291381835937507 -0.078399658203124986 0.058609008789062507 0.075164794921875014 -0.0044651031494140616 -0.034622192382812493 -0.033157348632812493 0.043441772460937507 0.014369964599609377 0.054122924804687507 0.091766357421875014 0.11776733398437501 -0.15264892578124997 -0.099212646484374986 0.071624755859375014 0.035263061523437507 0.047866821289062507 -0.051406860351562493 -0.053512573242187493 -0.0059986114501953116 0.065277099609375014 0.001242637634277344 -0.038375854492187493 -0.035049438476562493 -0.081207275390624986 -0.080352783203124986 0.083160400390625014 -0.060165405273437493 0.086883544921875014 0.048019409179687507 0.019371032714843753 -0.084686279296874986 -0.10421752929687499 -0.095184326171874986 0.071075439453125014 0.018806457519531253 0.0067005157470703134 0.0007007122039794923 0.0013556480407714846
decision_type=2 2 2 2 2 2 2 2 2 2 2 2 2 2 2 2 2 2 2 2 2 2 2 2 2 2 2 2 2 2 2 2 2 2 2 2 2 2 2 2 2 2 2 2 2 2 2 2 2 2 2 2 2 2 2 2 2 2 2 2 2 2
left_child=2 4 8 5 28 6 11 32 29 10 45 26 13 -7 35 -6 -10 51 19 21 37 -12 34 -24 -18 41 27 30 38 -1 44 43 33 -3 42 -11 -37 -9 61 -38 -41 -26 55 -30 -4 -5 53 -48 -13 50 -50 -17 -29 54 -19 -14 -22 58 59 60 -58 -2
right_child=1 7 3 9 15 12 -8 20 16 14 18 48 22 -15 -16 17 24 46 -20 -21 56 -23 23 -25 25 -27 -28 52 31 -31 -32 -33 -34 -35 -36 36 39 -39 -40 40 -42 -43 -44 -45 -46 -47 47 -49 49 -51 -52 -53 -54 -55 -56 -57 57 -59 -60 -61 -62 -63
leaf_value=0.029230291461653918 0.0013854954244951895 -0.0011971074060400351 -0.0068083486992643154 -0.048784931067579543 -0.010135774465181699 0.0034679182660643927 0.0092790528382730355 -0.020653395225056461 0.015391102037132568 0.031194037252827295 -0.0048602468979261878 -0.012517057006542527 0.032426425811760994 -0.027879483718118603 0.0033594431157078007 -0.0020941571119902826 -0.0098491491943064492 0.033122577269795804 0.0050564648661260607 -0.016369414685463084 0.006382223888618057 0.0091421641098817733 0.0045057457998878654 -0.036146883247930271 -0.0045407925028537934 -0.008378332264049335 0.0052847791919373799 0.0002193837730024021 -0.010844042463944823 0.010414042975139714 -0.012087354678019482 -0.0017237652731651835 -0.0078022668089372778 -0.023795826517457996 -0.034990331291240802 0.0041239432195877071 -0.014613634787167196 0.017386273056597328 -0.0090176877076643524 0.012388326282107225 -0.0091289674372816553 0.010441049524950244 0.0082756930859962264 0.024438917092046483 0.0029341936868451193 -0.011054253089858589 0.016390079428705483 0.0016482808825711084 0.016474934389919687 -0.0014090073755503886 0.0043817606069297618 0.014498378720834967 0.013786613083324534 0.0036123205498356532 0.011714465628193614 0.014876377204292066 0.0099200670303232572 -0.015009620410637171 -0.011953384083522863 -0.0095519383388476594 -0.003808800671799928 0.018562179739891351
leaf_weight=717.44213473796844 676.31386801600456 10527.644964933395 2490.7812708169222 115.40630916506052 882.00153817236423 1624.7841721922159 3368.6209372580051 1269.2058524340391 1508.3357307910919 60.070974484086037 1955.9613176882267 228.46021297574043 300.72793447971344 197.631581120193 1255.5641333758831 4354.5864842385054 572.81844972074032 199.36413282155991 4958.3102698102593 644.8407995402813 388.22531241178513 1000.0535186678171 274.43875439465046 102.50742012262344 488.30035802721977 588.58560484647751 2458.6412206441164 4443.7932144701481 3241.0258272737265 624.04095889627934 2018.5462804287672 3058.9360635727644 3675.1656357795 210.54975657165051 44.497609972953796 441.80463713407516 2942.4931794255972 70.797792121767998 425.28968408703804 276.35521841049194 848.50978069007397 2924.8162970840931 2438.3996024131775 75.902088731527328 1602.8756294846535 144.88796189427376 558.11565455794334 4607.992932677269 1429.7409399449825 889.73288832604885 1221.8453376144171 346.03120857477188 537.75979569554329 1439.0875926762819 2063.8856693059206 2488.4558062404394 685.11536967754364 1723.280468583107 2144.4010022729635 1601.1300416588783 1641.4382812529802 468.75571645796299
leaf_count=3572 2922 45512 10655 623 3802 7209 15121 5595 7088 272 8714 1010 1489 905 5453 18933 2573 893 22287 2784 1662 4381 1207 475 2196 2637 11123 19695 13603 3056 8697 12889 15629 908 190 1918 12630 298 1861 1254 3726 13683 11116 332 7093 651 2469 20399 6568 3964 5535 1534 2364 6375 9227 11331 2954 7356 9287 6854 7258 2073
internal_value=0.000120869 -0.00276441 0.00278233 0.00166528 0.000313007 0.00368617 0.00197184 -0.00564378 0.00922183 -0.00222108 0.000776996 0.000550361 0.00843281 5.5029e-05 -0.0067599 0.00275038 0.00673352 0.00358868 0.00165242 -0.00303498 -0.00932114 -0.000121582 0.0111351 -0.00661579 0.00387615 0.00584281 -0.00112653 -0.00254778 -0.00411942 0.0204915 -0.00599846 -0.00604559 -0.00321349 -0.00164239 0.0124052 -0.00954069 -0.0100901 -0.0186321 0.00369995 -0.0116347 -0.00383632 0.00829696 0.0128153 -0.0100295 -0.00299386 -0.0279055 0.00595173 0.00324376 0.00657752 0.00781255 0.0109062 -0.00086989 0.00168644 0.00972843 0.013614 0.0167796 -0.00779444 -0.0085012 -0.00665192 -0.00375517 0.000236553 0.00842715
internal_weight=96565.1 46334.2 50230.8 42806.5 22397.3 28162.2 20690.8 23937 7424.34 14644.3 8819.46 17322.2 7471.44 1822.42 5824.8 14451.1 6082.86 13569.1 8559.17 3600.86 9523.59 2956.01 5649.03 376.946 4574.52 4001.7 13552.4 11093.8 7946.22 1341.48 6112.2 6375.86 14413.4 10738.2 5272.08 4569.23 4509.16 1340 1570.36 4067.36 1124.86 3413.12 5227.58 3316.93 4093.66 260.294 8868.45 5166.11 3769.78 3541.32 2651.59 4700.62 4981.55 3702.34 2263.25 2789.18 8183.59 7795.37 6072.08 3927.68 2326.55 1145.07
internal_count=425870 200625 225245 190440 97312 125747 91825 103313 34805 64693 39440 76704 33922 8114 25253 63632 28177 59830 38166 15879 41264 13095 25808 1682 21089 18516 59627 48504 33680 6628 26445 26824 62049 46420 24126 19800 19528 5893 6856 17610 4980 15879 23936 13935 17748 1274 39363 22868 17077 16067 12103 20467 22059 16495 10120 12820 35371 33709 26353 17066 10212 4995
is_linear=0
shrinkage=0.05


Tree=46
num_leaves=63
num_cat=0
split_feature=3 3 6 6 6 6 3 49 3 6 229 102 256 6 6 95 61 183 218 6 3 3 6 6 114 95 22 6 3 3 72 39 21 86 80 235 221 200 180 145 3 225 191 9 257 203 190 20 183 26 136 42 207 6 102 3 151 233 6 217 6 200
split_gain=554.579 368.647 258.407 263.476 233.266 163.401 157.763 141.061 132.909 126.669 112.879 105.025 98.1552 97.3375 196.695 89.2381 86.7627 82.8344 79.5194 78.8109 76.7384 75.7525 74.9298 86.1099 73.6583 70.7482 67.5761 65.3374 65.1586 64.8332 68.4489 63.5178 63.5152 63.1197 61.4322 59.1367 56.0244 55.0716 54.8647 62.4305 53.3188 55.0237 52.7356 51.3451 51.2914 50.5237 50.3088 50.1937 71.9521 50.0593 50.0436 47.753 46.514 46.3539 46.3483 48.2107 46.0521 45.6268 44.3117 43.9196 43.7034 45.7214
threshold=0.096705060452222838 0.90537491440773021 0.89499998092651378 0.85500001907348644 0.72500002384185802 0.73500001430511486 0.49734950065612799 0.087677001953125014 0.30077439546585089 0.7150000035762788 0.024848937988281253 -0.0071239471435546866 0.048446655273437507 0.63499999046325695 0.31499999761581426 -0.012393951416015623 0.053848266601562507 0.0066699981689453134 0.026557922363281253 0.30500000715255743 0.41831527650356298 0.013127712067216636 0.67500001192092907 0.70499998331069957 -0.011165618896484373 -0.081939697265624986 0.037582397460937507 0.60500001907348644 0.57262280583381664 0.62769693136215221 -0.036788940429687493 0.13165283203125003 0.072296142578125014 -0.046524047851562493 -0.022453308105468747 -0.010463714599609373 -0.098297119140624986 0.018013000488281253 -0.044143676757812493 -0.058700561523437493 0.95874175429344188 0.039047241210937507 -0.048782348632812493 -0.020896911621093747 -0.022682189941406247 -0.10623168945312499 0.025917053222656253 -0.057327270507812493 -0.060775756835937493 -0.061080932617187493 -0.022666931152343747 0.080291748046875014 0.024665832519531253 0.62500000000000011 0.011722564697265627 0.2168519124388695 0.013706207275390627 0.077911376953125014 0.86500000953674328 0.054153442382812507 0.67500001192092907 -0.10525512695312499
decision_type=2 2 2 2 2 2 2 2 2 2 2 2 2 2 2 2 2 2 2 2 2 2 2 2 2 2 2 2 2 2 2 2 2 2 2 2 2 2 2 2 2 2 2 2 2 2 2 2 2 2 2 2 2 2 2 2 2 2 2 2 2 2
left_child=12 2 3 4 9 -6 10 11 18 13 54 32 21 14 19 22 24 33 34 35 -17 -1 28 -24 59 -14 58 -16 43 30 -19 38 50 -9 57 -2 -36 -12 -13 42 41 60 -40 -15 -26 -22 -32 48 51 -18 -7 -41 -46 -29 -5 -56 -23 -4 -8 -10 -3 -62
right_child=1 40 8 6 5 7 26 17 16 -11 37 31 25 15 27 20 49 29 -20 -21 45 56 23 -25 44 -27 -28 53 -30 -31 46 -33 -34 -35 36 -37 -38 -39 39 47 -42 -43 -44 -45 52 -47 -48 -49 -50 -51 -52 -53 -54 -55 55 -57 -58 -59 -60 -61 61 -63
leaf_value=-0.040253057774549406 -0.01220826972419628 -0.019751781304063808 -0.0089093469168969007 -0.010162096322999862 0.023812264117183568 -0.0053823763638545059 -0.0099159539528327831 -0.015095313793684985 0.0042607911094991848 -0.021907849339370469 -0.025038169272807598 0.014478094221445491 0.014366632177740292 0.039068308993403966 -0.017855177345214759 -0.0206510409286981 0.015562638961719409 -0.0015748103919126706 0.0065184407831176327 0.057508054532619972 0.041436103408678725 -0.017600920420067542 -0.0062849468446077757 0.018947492240641586 0.017648014189339489 -0.0085938683379366155 0.010840236207321823 0.006275805805648408 0.0048489086786972502 -0.0061484481665503229 0.0090190464248082903 0.038430608604323978 0.016916247596378241 -0.002108826335017638 -0.03847110501199643 0.0050282199116368958 0.0014180408397197629 -0.0108416612304311 0.013614447726790553 0.041737860191467052 -0.017214161456337775 -0.016322794131869666 -0.0076515683754940153 0.0085682981492904015 0.01322878021628434 -0.00066317514268700328 0.029041522985888631 0.0060026718171292889 0.010742423878581934 -0.0021706039917848358 0.004378333638398635 -0.011738928412388796 0.003545243015970265 -0.019199977819236366 -0.012372795798176297 0.0041035118826075346 -0.0082290861766764478 -0.033457414933603116 -0.00026376079331559186 0.012740221885025447 -0.030288588025123044 -0.00077225261209221813
leaf_weight=299.36757406592369 612.19012570381165 395.52347856760025 1295.7001262754202 3005.5152355730534 1078.4323682337999 2662.2416101098061 1526.0332341045141 1188.4980532974005 7061.3755715042353 881.56333976984024 1519.0817344486713 3182.6708932220936 470.75514784455299 443.68539457023144 2700.3982610702515 551.90509999543428 462.98706063628197 760.90708315372467 2709.7503954917192 63.708134487271309 76.534427851438522 3962.1992837488651 1001.9602456390858 509.10300298035145 3150.9679833501577 1160.6889990344644 1119.1601250916719 564.41302272677422 453.7368423640728 840.84240765869617 758.9880248606205 185.0498148649931 575.30838920176029 4386.8073933422565 90.102343022823334 2639.6262256205082 2605.1526301205158 1245.4153514653444 388.46374979615211 335.9250160753727 1972.491965174675 1267.3001569211483 1158.4204238429666 201.05049800872803 3295.0182834416628 881.23078308999538 535.44510777294636 4322.0435841828585 1427.9394410476089 2795.9730825573206 2589.5138294398785 47.21116940677166 1989.6177419424057 259.9765896499157 619.55045389384031 1559.3690826296806 1962.9634258151054 220.9995733499527 5372.8254304379225 1948.2285678833723 136.40028314292431 2909.0942583978176
leaf_count=1255 2599 1661 5564 13077 4870 11647 6605 5049 31978 3798 6430 14508 2044 1931 11867 2413 2131 3251 12159 272 339 16683 4344 2245 15115 5035 5081 2444 1965 3581 3197 875 2592 18608 398 11234 11525 5378 1687 1582 8346 5310 5036 885 15337 3844 2384 19314 6496 12471 11578 219 8927 1109 2682 6916 8295 960 23574 9262 589 12758
internal_value=-0.000151085 0.000978651 0.00190039 -0.000104643 0.00214657 0.00475976 -0.0054996 0.00394821 0.00583637 -0.00368499 -0.0104907 0.00659096 -0.0128821 -0.00221731 -0.00587363 0.0038543 0.00784153 -0.00131618 -0.000161728 0.00286833 -0.00581888 -0.015743 0.00945052 0.0022232 0.00924043 -0.00196385 -0.000550765 -0.0140951 0.0193814 0.00554251 0.010326 0.00945549 0.00115931 -0.00487939 -0.00445992 0.00178051 7.07734e-05 -0.0186488 0.0089584 0.00666939 -0.0103139 -0.00742002 -0.00230576 0.0295854 0.0125981 0.00274066 0.0173174 0.00893309 0.0159192 0.000352686 -0.000569689 0.0351349 0.00958438 -0.00177168 -0.00613786 -0.000584861 -0.014498 -0.012506 -0.00239996 0.00609559 -0.00413741 -0.00210373
internal_weight=96395.4 88539.4 81858.6 54232.7 38265.8 26424.7 15967 25346.3 27625.9 11841.1 7948.93 16874.8 7855.97 10959.5 6840.31 4119.21 20704.2 8471.49 6921.71 3315.52 1509.67 6224.53 2609.54 1511.06 17445.2 1631.44 8018.02 3524.79 1098.47 2896.18 2055.34 11047.7 5827.06 5575.31 4211.95 3251.82 2695.25 2764.5 10862.7 7680 6680.81 4708.32 1546.88 644.736 8435.6 957.765 1294.43 6133.12 1811.08 3258.96 5251.76 383.136 5284.64 824.39 5184.43 2178.92 5925.16 1516.7 6898.86 9009.6 3441.02 3045.49
internal_count=425309 391997 363333 237506 167763 116474 69743 111604 125827 51289 34483 75534 33312 47491 29525 17966 95221 36070 30606 14105 6596 26233 11370 6589 80619 7079 35260 15420 4781 12413 8832 49717 25817 23657 18447 13833 11923 11808 48842 34334 28664 20318 6723 2816 39379 4183 5581 27611 8297 14602 23225 1801 24264 3553 22675 9598 24978 6524 30179 41240 15008 13347
is_linear=0
shrinkage=0.05


Tree=47
num_leaves=63
num_cat=0
split_feature=6 6 6 6 9 6 103 45 169 5 190 6 31 183 129 234 24 181 93 80 230 0 201 233 106 139 213 6 5 216 46 170 152 6 67 132 23 133 23 20 190 225 225 6 54 200 152 214 141 213 172 24 119 253 152 13 76 213 229 186 65 112
split_gain=239.689 273.302 271.455 181.047 139.903 138.351 129.854 120.328 101.867 100.89 100.171 95.8499 91.0774 89.686 88.822 83.3663 82.2991 76.4655 75.9729 70.8125 67.817 67.5642 65.8934 65.6627 64.3756 59.0064 58.5682 64.122 56.8879 53.7686 52.5443 50.9494 47.9651 46.5132 45.496 44.6302 43.8381 43.7338 50.6547 43.2083 41.8705 40.8505 40.7689 40.3319 39.3561 39.343 39.2811 39.1853 39.0244 38.6083 38.2081 38.1926 40.4627 37.8946 37.6372 37.454 37.201 37.0682 36.8851 36.5734 36.801 36.5078
threshold=0.89499998092651378 0.85500001907348644 0.72500002384185802 0.76499998569488536 -0.053543090820312493 0.7150000035762788 0.078033447265625014 -0.10855102539062499 -0.062530517578124986 0.075000001117587103 0.0066928863525390634 0.70499998331069957 -0.0061817169189453116 0.014530181884765627 -0.017539978027343747 0.0083427429199218767 -0.013538360595703123 -0.019233703613281247 -0.074310302734374986 -0.032608032226562493 0.017906188964843753 0.10325000062584878 -0.038681030273437493 0.098968505859375014 0.095611572265625014 -0.071624755859374986 -0.044021606445312493 0.9650000035762788 1.0000000180025095e-35 0.044998168945312507 -0.042861938476562493 -0.095184326171874986 -0.037796020507812493 0.46500000357627874 0.098663330078125014 0.011325836181640627 -0.020866394042968747 -0.084136962890624986 -0.0041446685791015616 -0.040847778320312493 -0.027900695800781247 0.078704833984375014 -0.037124633789062493 0.94499999284744274 -0.083038330078124986 -0.016700744628906247 -0.026863098144531247 -0.055343627929687493 0.054122924804687507 -0.0029191970825195308 -0.14312744140624997 0.10653686523437501 0.051773071289062507 0.001223564147949219 -0.012668609619140623 0.10580444335937501 -0.028968811035156247 0.042861938476562507 0.024848937988281253 -0.028053283691406247 0.12289428710937501 -0.043960571289062493
decision_type=2 2 2 2 2 2 2 2 2 2 2 2 2 2 2 2 2 2 2 2 2 2 2 2 2 2 2 2 2 2 2 2 2 2 2 2 2 2 2 2 2 2 2 2 2 2 2 2 2 2 2 2 2 2 2 2 2 2 2 2 2 2
left_child=1 2 5 20 45 6 11 50 10 13 35 19 14 26 23 -8 31 30 -18 -1 -4 22 44 29 28 -21 -9 53 49 -11 -14 54 43 -17 51 -5 -15 38 56 -24 -30 -7 -39 -32 -6 58 -41 -33 -23 -10 -2 52 61 -28 -12 -35 -19 -27 -3 60 -16 -20
right_child=7 4 3 8 21 41 15 9 24 12 16 -13 17 36 59 33 18 37 34 25 -22 48 39 -25 -26 57 27 -29 40 -31 32 47 -34 55 -36 -37 -38 42 -40 46 -42 -43 -44 -45 -46 -47 -48 -49 -50 -51 -52 -53 -54 -55 -56 -57 -58 -59 -60 -61 -62 -63
leaf_value=-0.012755000893930371 -0.0066901694836025488 -0.011711932917185407 0.016141223119862134 -0.014240856267501063 -0.024635300079943107 -0.019586395058575748 -0.0041482406510350393 0.010848617831035167 0.017152704438736118 -0.0052304439892598724 0.034292348023235351 0.014105618223146999 0.0039008415275708906 0.0044524709486381672 -0.0054622779779960563 -0.043995298940671154 0.015937743029536482 0.021819187993514257 -0.019294982802357814 -0.01438530033192683 0.0048494562259633733 -0.0052508933999719249 0.011690330545516098 -0.051147299626516055 -0.0081606578958454534 0.0005431901132508561 0.0020375307354313565 0.016482038120239236 -0.0030062124206540531 -0.028515674121289532 -0.0026729582472018692 0.016901041745959893 -0.0082436067849275783 -0.013968519951991413 0.01682986278381926 -0.002489993394427405 0.015239002668290123 0.01311642832075406 0.019116982696670077 0.0060853508891728879 0.0051109029401851221 -0.051109403730498562 0.0014521754222477467 0.013520434841720153 -0.004551054864393723 -0.0093650154109065544 -0.0054926762542469101 0.0017334533607485153 -0.015169788869155496 0.0045353867588266662 0.018014732490955719 0.012620044582229806 0.0036457142322637811 -0.0066427751393728536 0.0065403020084907979 -0.05920516423890218 -0.0055714513796759745 -0.011105710968091872 -0.022940576275810438 0.006063444344694126 -0.046904371729658764 -0.0071058209582817583
leaf_weight=1808.9264944493771 172.01106733083725 1595.6252351552248 2986.7992631793022 2014.0006132274866 284.62058566510677 932.79130512475967 555.14761680364609 1792.2124494761229 1451.3680101931095 649.96652602404356 251.57069450616837 808.18151685595512 2877.0179483443499 1372.4078616499901 759.75158451497555 323.50871442258358 451.36002179980278 165.62952594459057 778.00589142739773 853.39203971624374 2398.2016258761287 4248.7743116617203 1189.0862033218145 134.47689548134804 980.16861441731453 7217.1570527255535 3446.2410956919193 570.31111580133438 2011.1538131758571 400.3733527213335 1437.0273473113775 488.66636727750301 3248.3220091164112 404.26000569015741 217.07004581391811 1349.8241546452045 3009.681397780776 895.45750212669373 1080.7829143404961 1488.7869411855936 7552.3478145673871 115.1616819947958 4560.2638532295823 523.87624737620354 1676.0371279940009 4269.2029812037945 1440.336240246892 3268.5763758271933 1293.4277513697743 1042.3913066983223 1685.0765888988972 245.25174683332443 673.36486791074276 1978.251989543438 237.75369419157505 50.80793534219265 483.15872758626938 753.29101349413395 1356.2786600440741 940.33601659536362 56.674721673130989 2918.4961496889591
leaf_count=7781 875 6761 13337 8423 1211 3999 2449 8304 6625 2910 1189 3555 13173 6120 3397 1456 1961 791 3293 3668 10563 18352 5589 592 4213 31216 15220 2594 8770 1795 6264 2217 14442 1846 960 5706 13739 4077 5070 6872 33489 487 20181 2378 7195 18180 6489 14336 5500 4627 8397 1047 3003 8790 1082 233 2194 3225 5662 4224 253 12649
internal_value=-0.000143329 -0.00191477 0.000196594 0.00277262 -0.00697256 -0.00563941 -0.00420569 0.00337216 0.00104 0.00261667 -0.00211114 -0.0024837 0.000261426 0.00614138 -0.00779332 -0.0189643 0.000507381 0.00181333 -0.00365791 -0.00374584 0.0111143 -0.00357581 6.46309e-05 -0.0183667 0.00415638 -0.00189769 0.00292069 0.000549135 0.00515826 -0.0141251 -0.00152174 0.00568944 -0.00451677 -0.0295097 -0.0054912 -0.00952765 0.0118626 0.00556626 0.0124922 0.00365643 0.00340378 -0.0230959 0.0033687 0.00165797 -0.00747767 -0.0124378 0.000392162 0.00371012 -0.00756806 0.0118826 0.0157241 -0.00654447 -0.00762269 -0.00112872 0.020849 -0.0191379 0.00144394 -0.000559008 -0.0168771 -0.000655888 -0.00839297 -0.00967581
internal_weight=96220.5 63981.2 45139 31316.4 18842.2 13822.6 12774.7 32239.3 25931.4 30382.2 12893.9 11440.9 18213.1 12169.1 2941.58 1333.72 9530.12 15271.5 5283.55 10632.8 5385 11621.1 6078.87 1184.82 13037.4 8823.84 7787.02 5994.8 12057.3 1050.34 8086.24 4246.57 5209.23 778.577 4832.19 3363.82 4382.09 7185.29 1729.57 4118.21 9563.5 1047.95 5455.72 1960.9 1960.66 7221.11 2929.12 3757.24 5542.2 2493.76 1857.09 4615.12 4369.87 5424.49 489.324 455.068 648.788 7970.45 2951.9 1756.76 816.426 3696.5
internal_count=424996 279216 197405 137490 81811 59915 55429 145780 113590 136508 55866 49445 81741 54767 13171 5984 41737 68570 22913 45890 23900 51208 27356 5297 57724 38109 34908 26604 53511 4705 36257 18824 23084 3535 20952 14129 19859 32313 8055 18950 42259 4486 24258 8642 8406 30603 13361 16553 23852 11252 9272 19992 18945 24010 2271 2079 2985 34441 12423 7874 3650 15942
is_linear=0
shrinkage=0.05


Tree=48
num_leaves=63
num_cat=0
split_feature=2 4 2 2 6 6 2 4 2 113 2 230 4 6 198 6 90 96 6 6 132 201 61 183 118 164 161 4 4 132 254 6 2 208 88 6 4 254 2 53 151 241 6 6 199 128 33 223 241 6 2 47 212 259 236 164 249 118 106 115 84 113
split_gain=945.96 422.933 316.239 289.856 344.934 232.278 198.456 379.619 174.365 151.321 149.527 149.445 134.887 132.61 117.256 117.135 116.285 112.048 110.48 109.48 107.07 106.129 115.833 123.638 97.1734 135.569 96.5635 92.2677 92.2227 118.273 93.6213 91.9963 84.3527 82.932 82.2877 77.9948 76.8876 86.0883 76.8697 76.499 73.6253 73.3394 72.7353 83.8994 72.3007 67.7143 81.2159 66.5197 65.0833 64.3704 72.8484 66.8873 63.3936 62.4158 61.9465 61.0186 59.9983 59.8161 59.4366 58.9595 58.9465 58.7286
threshold=2.3084273338317876 0.19609422236680987 1.6098284125328066 1.1867352128028872 0.24499999731779101 0.82499998807907116 1.6951137185096743 0.45936642587184912 3.4507313966751103 -0.054641723632812493 0.88494509458541881 0.034805297851562507 0.63465875387191784 0.67500001192092907 0.068389892578125014 0.7749999761581422 -0.053482055664062493 -0.033370971679687493 0.51499998569488536 0.6850000023841859 -0.10867309570312499 -0.077484130859374986 0.057785034179687507 -0.057205200195312493 0.047531127929687507 -0.097503662109374986 -0.029975891113281247 0.68855834007263195 0.63078761100769054 0.011325836181640627 0.016334533691406253 0.81499999761581432 1.7529292702674868 0.020240783691406253 -0.013980865478515623 0.23499999940395358 0.89950752258300792 -0.089508056640624986 1.3416095376014712 0.035903930664062507 0.060623168945312507 -0.045486450195312493 0.22500000149011615 0.20499999821186068 0.010021209716796877 0.017097473144531253 0.033950805664062507 0.031570434570312507 0.0022420883178710942 0.9350000023841859 1.4269599914550783 -0.032394409179687493 0.023399353027343753 0.0064983367919921884 0.049453735351562507 -0.076629638671874986 0.070465087890625014 -0.065582275390624986 0.061080932617187507 0.12026977539062501 0.020637512207031253 0.022834777832031253
decision_type=2 2 2 2 2 2 2 2 2 2 2 2 2 2 2 2 2 2 2 2 2 2 2 2 2 2 2 2 2 2 2 2 2 2 2 2 2 2 2 2 2 2 2 2 2 2 2 2 2 2 2 2 2 2 2 2 2 2 2 2 2 2
left_child=1 2 18 4 35 11 7 47 9 39 15 16 19 54 28 41 -5 55 -1 -12 -10 61 23 33 25 -14 45 34 30 48 -8 44 -29 -23 -19 42 37 -9 -20 -2 -13 -6 43 -3 -4 46 -25 -7 -30 51 -51 -39 -28 -54 -11 -18 -32 -27 -36 -41 -26 -15
right_child=8 3 31 5 10 6 14 36 20 13 12 40 24 21 -16 -17 17 27 38 -21 -22 22 -24 26 60 57 52 32 29 -31 56 -33 -34 -35 58 -37 -38 49 -40 59 -42 -43 -44 -45 -46 -47 -48 -49 -50 50 -52 -53 53 -55 -56 -57 -58 -59 -60 -61 -62 -63
leaf_value=-0.010785577314937369 0.016199708072438899 0.0015504494521656328 0.007349611536597439 -0.0028545520776077304 -0.0054625908440072406 -0.040110852546125349 0.0060625267949824682 -0.035781109194794151 -0.025229038628186897 -0.0078184851311947721 0.0020711123353050402 -0.0058795591266655872 0.020630521675347568 -0.0086907690914424813 0.0098336907701022623 -0.048952702746768079 0.018288288019986436 0.0073891730032545587 -0.041109276759273165 -0.034021617418023557 0.020051129707396698 -0.004533730455689949 -0.0034092311052145623 -0.0039209781713577868 -0.0075920049670297092 0.0014994585086794221 0.0084937499380390771 0.013304485743896253 -0.0067307732209466314 0.00086635760690928184 -0.0065763446472772366 -0.011748530335092079 -0.0092813214915714003 0.0093971630604213503 0.028170223112862193 0.063662629842177479 -0.017118331471670554 -0.010819870051004 -0.022788494318560098 0.0061417829551102116 0.012318485722915124 -0.026687663563873771 -0.029463947686526066 0.026462416859265803 -0.010143693204358463 0.010870964203406266 0.010042238064584709 -0.011434185858608097 -0.021623336227005727 -0.049877927222563137 -0.0017419859967440776 0.0065264136665075124 0.019952455158587699 0.006441169276512608 -0.04102696126216418 -0.0014212592324104358 0.0088128971793813779 -0.020842257003480771 0.0083300966789061522 -0.028652778224409571 0.028605805946705195 0.0025395377983418966
leaf_weight=803.78012588620186 3964.7693439498544 1847.8264831900597 1446.4092017412186 1946.5298501253128 552.4884640276432 1083.4469477981329 4327.2980993539095 170.80186030268669 136.49720272421837 1209.5189881622791 283.24726042151451 3618.085926681757 324.23171059787273 2190.0217550396919 2308.2514150440693 461.01155589520931 481.32189512252808 976.34857755899429 1198.5170691236854 811.39596374332905 2646.5285389125347 3479.1936490088701 3236.7415641993284 3201.5037002563477 170.88470330834389 407.76172173023224 6647.6693787276745 1273.3025367856026 1456.7036936283112 2318.2333442419767 3965.2078968435526 4702.235983222723 611.0596566349268 1540.5391707569361 2045.576061680913 54.767950192093849 956.73199343681335 715.36716175079346 1105.8271980136633 1484.9746696799994 655.68246594071388 1550.81209667027 152.46900175511837 412.66763477027416 996.87802624702454 2438.2951979190111 1542.1976136118174 249.79890613257885 1479.6059027314186 128.01400251686573 201.3364595323801 2477.9328684657812 3143.1143544912338 1175.6238825619221 158.0167119204998 2112.4643965363503 752.80929754674435 1126.9719729721546 464.16018967330456 131.62698304653168 326.03721597790718 2483.1663719266653
leaf_count=3463 19145 7872 6089 8350 2469 4475 18594 753 612 5132 1251 15368 1426 9432 9956 2070 2135 4293 5549 3571 12720 15849 14409 14393 724 1755 31138 5632 6176 9931 16589 19383 2649 7230 9234 232 3938 2998 4595 6730 2805 7131 643 1795 4138 11475 7111 1075 6114 540 854 10470 15342 5563 668 9109 3187 4703 1999 571 1460 10677
internal_value=-3.59484e-05 -0.00428438 -0.0134529 -0.00220694 -0.010538 -0.000285116 -0.00343372 -0.0112404 0.005743 0.00485854 -0.0169954 0.00472952 -0.0101946 0.00355013 -0.000620674 -0.0261389 0.00809948 0.0107768 -0.0267645 -0.024689 0.017822 0.00422079 0.00544996 0.00668775 -0.00345229 -0.00870278 0.00860863 0.0148977 -0.00230876 -0.00757635 0.000751744 -0.00765972 0.00597934 -0.000257366 0.0197154 0.00520174 -0.00449389 -0.00121997 -0.0323311 0.0124626 -0.00308538 -0.0211176 0.003849 0.00610798 0.000210993 0.00410103 0.000619683 -0.0347505 -0.0142399 0.000465461 -0.0205461 0.00263831 0.01156 0.0162768 -0.0116828 0.00224183 -0.00411948 -0.0149092 0.0245057 0.00329278 0.0161676 -0.00272412
internal_weight=96322.3 55512.3 10253.6 45258.6 8482.57 36776.1 22591.5 5983.43 40810 38027 6014.84 14184.5 3450.53 32445.6 16608.1 2564.31 9910.76 7964.23 3108.12 1094.64 2783.03 31078.1 26404.9 23168.1 2355.89 1858.97 18148.4 5370.45 14299.9 5254.54 9045.32 7145.52 1884.36 5019.73 3486.08 2467.73 4650.18 3693.45 2304.34 5581.37 4273.77 2103.3 2412.96 2260.49 2443.29 7182 4743.7 1333.25 2936.31 3522.65 329.35 3193.3 10966.4 4318.74 1367.54 2593.79 4718.02 1534.73 2509.74 1616.6 496.922 4673.19
internal_count=425740 237543 43217 194326 37102 157224 95650 25103 188197 174865 26560 61574 14890 148419 70547 11670 43401 35051 13607 4822 13332 142619 122510 108101 10068 7884 85022 23807 60591 22221 38370 29610 8281 23079 15526 10542 19553 15615 10144 26446 18173 9600 10310 9667 10227 32979 21504 5550 12290 14862 1394 13468 52043 20905 5800 11244 19776 6458 11233 7301 2184 20109
is_linear=0
shrinkage=0.05


Tree=49
num_leaves=63
num_cat=0
split_feature=1 5 6 9 210 6 6 5 199 1 218 32 139 163 185 144 229 86 66 30 110 103 253 215 69 11 164 7 51 45 241 13 260 194 6 125 7 78 33 176 93 195 84 176 7 182 13 6 6 86 26 200 6 6 208 259 132 78 18 138 9 135
split_gain=238.924 205.008 138.333 119.581 117.418 112.731 147.097 90.8718 90.6378 85.8063 77.236 75.0765 74.4539 67.8555 66.5618 66.0272 65.3542 63.5734 63.2957 59.0243 58.9342 107.698 54.62 54.3452 54.0351 52.6474 51.5698 48.979 49.4328 62.1256 48.0517 47.603 46.5071 46.0269 45.4008 45.2935 43.4948 41.9529 40.3251 40.2976 40.1573 39.6135 39.3518 39.0989 39.2028 38.7255 38.2209 37.5871 41.0313 39.1975 38.3255 43.8607 37.5537 71.846 37.0481 36.8109 46.1473 41.5984 36.5248 36.1087 35.8559 35.57
threshold=-287499999.99999994 0.12500000372529033 0.63499999046325695 -0.047744750976562493 -0.069549560546874986 0.82499998807907116 0.94499999284744274 1.0000000180025095e-35 -0.010974884033203123 -62499999.999999993 0.041610717773437507 -0.055892944335937493 0.0069026947021484384 -0.019599914550781247 0.12088012695312501 -0.10873413085937499 -0.076995849609374986 -0.018501281738281247 -0.068878173828124986 0.13299560546875003 -0.013851165771484373 0.014240264892578127 0.0091667175292968767 0.085174560546875014 0.010486602783203127 -0.050979614257812493 0.088714599609375014 0.064544677734375014 0.028526306152343753 -0.087860107421874986 -0.043930053710937493 -0.0064105987548828116 0.025596618652343753 0.016181945800781253 0.94499999284744274 0.0063724517822265634 -0.068572998046874986 0.0021715164184570317 -0.038742065429687493 0.057388305664062507 0.033309936523437507 -0.095672607421874986 0.022087097167968753 -0.0044116973876953116 -0.088714599609374986 -0.041030883789062493 0.062896728515625014 0.66500002145767223 0.69499999284744274 0.052749633789062507 0.068572998046875014 -0.0056934356689453116 0.42499999701976782 0.50499999523162853 0.025794982910156253 0.075592041015625014 -0.0058498382568359366 -0.055587768554687493 -0.031570434570312493 -0.10446166992187499 0.028022766113281253 0.090240478515625014
decision_type=2 2 2 2 2 2 2 2 2 2 2 2 2 2 2 2 2 2 2 2 2 2 2 2 2 2 2 2 2 2 2 2 2 2 2 2 2 2 2 2 2 2 2 2 2 2 2 2 2 2 2 2 2 2 2 2 2 2 2 2 2 2
left_child=7 2 12 5 22 26 11 43 13 14 18 -7 32 20 16 -12 -10 33 -6 -16 21 -5 59 30 39 -11 47 28 29 60 -22 -15 45 -13 -30 54 -19 61 -31 55 -40 -18 -29 -1 -45 -2 -24 49 -49 -4 51 -50 -14 -54 -27 56 -9 -58 -17 -3 -20 -33
right_child=1 4 3 8 10 6 -8 24 9 25 15 17 52 31 19 58 41 36 27 -21 23 -23 46 -25 -26 35 -28 42 34 38 -32 37 -34 -35 -36 -37 -38 -39 40 -41 -42 -43 -44 44 -46 -47 -48 48 50 -51 -52 -53 53 -55 -56 -57 57 -59 -60 -61 -62 -63
leaf_value=-0.0027776982768946763 -0.0054184883109991292 0.019124543519102574 0.040034438907894099 0.0020150362921934582 -0.01443883637419895 -0.01175116796459634 0.01387268756549178 -0.010962106996117795 0.012184965697025993 0.0194683433115087 0.016536922892590206 -0.013618445043026707 0.0078504723776621141 0.01939609370362877 -0.0078750617325869191 0.0072502369999869233 -0.0093331698106385325 -0.0095909716839530975 0.014914840437473596 -0.058486716848552979 0.020346817187858107 0.02354873107022511 -0.018238090087659573 -0.031192033533520819 -0.0023297204382453822 -0.0096279020751755123 0.027147920834861339 -0.013644159801331896 0.0012803978138689954 -0.011780273957862785 -0.0022258310595089943 0.017474184376391737 0.0011573268257780804 0.0020632343753642559 0.017609609828192107 0.012881306004441692 0.0042921499512901693 0.005135098743447173 -0.0062369212996794569 -0.0010067390181178685 0.0049026230859548804 0.0023967983068587701 0.0034223208041373448 -0.012552757990700533 0.0067824779385739879 -0.019632302041529989 -0.045872339045384285 -0.013026086318131836 -0.0029023677296840487 -0.01131987944885135 0.021973567799439736 0.009548523957245484 -0.042266151688298156 0.0011961674314431071 0.010519797865964541 -0.016675990039408752 0.0052361337504244019 -0.0064300253874228358 -0.00082824571593013172 -0.0097682558306972297 -0.0059142666354010734 -0.002084485887116697
leaf_weight=2919.8554763197899 813.98079277575016 117.94900843501091 149.90005265176296 1457.7468558251858 1132.7562025859952 2382.7636669278145 1294.3025929480791 4931.6646491289139 1644.1167225837708 1203.9089269191027 816.84709399938583 1418.5026524960995 1296.4970600754023 2213.1590473651886 759.91052520275116 1965.2169732153416 794.07575139403343 666.98037542402744 632.76215659081936 61.387380458414555 277.39697368443012 964.26813487708569 613.68248883634806 138.13480654358864 8673.3871679008007 579.78820660710335 320.65733607113361 1435.1400284022093 4562.784252345562 1861.7746695876122 1538.8242236226797 1930.6744249761105 704.19220441579819 697.6431400179863 468.49239347875118 1197.7565975636244 3629.8261354118586 2021.5563452616334 2615.6920344084501 2052.2262458503246 1170.2692937999964 7598.8359019085765 441.1787007600069 285.70330783724785 3070.4272660762072 1167.6386683508754 157.28826080262661 285.36962822079659 1138.7716862261295 48.796647503972054 364.77041006088257 1864.2414437234402 116.80601339042187 492.76982717216015 374.82717664539814 1261.4293911233544 961.89394322037697 3703.2973385453224 4850.9210924953222 1196.1141840368509 305.88854402303696 264.0316391736269
leaf_count=12590 3510 537 649 6555 4872 10211 5935 20957 7386 5760 3883 6088 5567 10534 3397 8806 3461 2910 3064 283 1297 4526 2727 599 37681 2677 1438 6279 19983 8070 6915 8885 3053 3011 2186 5818 15889 9541 11379 9002 5121 33850 1953 1240 13553 5074 681 1229 4896 207 1591 8132 544 2105 1844 5570 4207 16021 21697 5301 1464 1189
internal_value=5.89971e-05 0.00165238 0.00369407 0.00465396 -0.00202721 0.00100003 -0.0018586 -0.00384258 0.00673671 0.0041124 -0.000964185 -0.0041748 -0.00451688 0.0101882 0.00195218 0.00311261 0.00307236 -0.00135836 -0.00309174 -0.0117245 0.00538393 0.0105943 -0.0133701 -0.0010754 -0.00538235 0.0110986 0.0079116 -0.0021382 -0.000927243 -0.00377758 0.00123106 0.013457 -0.00987896 -0.00845003 0.00280411 0.00641013 0.00213538 0.0103356 -0.00575736 -0.00743279 -0.00279322 0.00128602 -0.00963163 0.00145288 0.00513324 -0.0137994 -0.023928 0.00630359 0.00514737 0.0274291 0.00669071 0.00482763 0.00303994 -0.0071876 -0.00171423 -0.00864712 -0.00759016 -0.00402403 0.00150165 -0.0071623 0.00812796 0.0151213
internal_weight=96079.5 68219.6 43874.8 39282.9 24344.8 14262.5 10090 27859.9 25020.4 14214.6 22259.7 8795.72 4591.88 10805.8 10858.3 7632.99 10037 6412.95 14626.7 821.298 4376.37 2422.01 2085.03 1954.36 21583.9 3356.28 4172.51 13494 11617.7 6586.39 1816.22 6429.42 2685.81 2116.15 5031.28 2152.37 4296.81 4216.26 5647.74 12910.5 3785.96 8392.91 1876.32 6275.99 3356.13 1981.62 770.971 3851.85 3653.15 198.697 3367.78 3003.01 1906.07 609.576 954.615 10858.3 9596.86 4665.19 6816.14 1314.06 938.651 2194.71
internal_count=425380 304559 196556 176703 108003 62186 44044 120821 114517 64476 98757 38109 19853 50041 48377 34386 44697 27898 64371 3680 19892 11081 9246 8811 93438 16099 18142 59499 51267 29098 8212 30149 11637 9099 22169 10339 18799 19615 24570 55757 16500 37311 8232 27383 14793 8584 3408 16704 15848 856 14619 13028 8216 2649 4521 46755 41185 20228 30503 5838 4528 10074
is_linear=0
shrinkage=0.05


Tree=50
num_leaves=63
num_cat=0
split_feature=4 5 0 6 6 52 207 133 6 4 4 6 6 4 6 260 6 138 103 69 0 254 4 169 148 199 185 40 103 61 6 176 240 6 103 4 155 233 6 208 46 260 150 146 136 65 202 6 23 61 91 155 93 153 142 53 174 233 154 6 127 129
split_gain=240.501 232.607 226.384 123.162 112.508 108.494 131.909 117.299 106.825 100.192 123.528 98.9262 94.4554 85.2438 83.5687 83.5501 70.5235 68.67 73.7899 68.5528 60.8951 58.7022 58.4877 56.6633 54.1141 52.9605 52.7957 51.6236 49.7728 49.0224 45.8436 45.6327 45.4638 45.3699 45.2487 42.1662 41.8209 41.5924 59.3761 41.3683 52.8493 41.1712 40.8804 40.6795 40.662 40.4384 40.1132 39.8932 39.7641 39.4673 39.3218 38.2897 38.1731 38.0061 37.8154 36.793 36.4874 35.4289 38.6676 34.961 34.6786 34.3319
threshold=0.057615090161561973 1.0000000180025095e-35 0.080249998718500151 0.89499998092651378 0.85500001907348644 0.010417938232421877 0.0006225109100341798 -0.046127319335937493 0.48999999463558203 0.95094677805900585 0.33910326659679418 0.72500002384185802 0.14500000327825549 0.89492344856262218 0.76499998569488536 -0.049514770507812493 0.72500002384185802 -0.066253662109374986 0.078033447265625014 0.015506744384765627 0.14774999767541888 0.092620849609375014 0.013615854084491731 -0.062530517578124986 -0.036483764648437493 -0.027488708496093747 0.048080444335937507 0.0039577484130859384 -0.0013346672058105467 0.062026977539062507 0.60500001907348644 0.029563903808593753 0.075836181640625014 0.13499999791383746 0.096832275390625014 0.25247788429260259 -0.0077991485595703116 -0.050277709960937493 0.82499998807907116 -0.010211944580078123 -0.062835693359374986 -0.020362854003906247 0.018806457519531253 0.055038452148437507 0.031600952148437507 -0.010997772216796873 0.054397583007812507 0.7150000035762788 0.0018329620361328127 -0.021568298339843747 0.038589477539062507 0.032974243164062507 -0.10122680664062499 0.069244384765625014 0.061569213867187507 0.051528930664062507 0.089752197265625014 -0.073089599609374986 -0.0046405792236328116 0.7150000035762788 -0.078765869140624986 -0.0084877014160156233
decision_type=2 2 2 2 2 2 2 2 2 2 2 2 2 2 2 2 2 2 2 2 2 2 2 2 2 2 2 2 2 2 2 2 2 2 2 2 2 2 2 2 2 2 2 2 2 2 2 2 2 2 2 2 2 2 2 2 2 2 2 2 2 2
left_child=22 9 5 4 11 7 21 8 -3 10 15 12 33 19 -13 24 47 43 52 29 32 39 -1 46 -2 -8 -20 59 -6 45 31 -29 -18 -4 41 51 -30 38 -24 -7 42 -27 -41 -9 -10 53 49 -12 -42 -16 -28 -25 -19 -5 -39 -17 60 58 -54 -14 -43 -31
right_child=1 2 3 13 28 6 25 17 44 -11 16 14 27 -15 23 55 20 18 26 -21 -22 -23 37 35 -26 34 50 30 36 61 -32 -33 -34 -35 -36 -37 -38 54 -40 40 48 56 -44 -45 -46 -47 -48 -49 -50 -51 -52 -53 57 -55 -56 -57 -58 -59 -60 -61 -62 -63
leaf_value=-0.030910488492479939 -0.026989994649633225 -0.018819964263756324 0.0043483443745615325 0.0075942731907930553 -0.012302824068522109 -0.00013648474719209626 0.0028610656441006646 0.012054875218894784 0.0098600340086636151 -0.014056657383048725 0.0033225758155406371 0.0077452617307458109 -0.0043064663811332926 -0.01394851530255892 0.0046874656207549197 0.0072928846336755412 0.015856959577904714 0.018940883343717709 0.0022812371792321649 0.0060995277194560342 0.0060434837550241653 -0.010988023703683219 0.017267074585808197 -0.012177470119612694 -0.0046866022030272337 -0.0091920948998938188 -0.038001043088024905 -0.031857203191265671 -0.011258586003067632 -0.020321998988131793 -0.010191081904177378 -0.0046895814680619008 -0.0025011822937046069 0.043871070216483676 -0.033545771993168959 0.0034729199444775102 0.00040011765823674405 -0.016175018009448559 -0.010139402831141136 0.021595656569631555 -0.0021668997638665376 -0.012553446828939337 0.0033155700530481838 -0.005177847684418228 0.019341678942718661 -0.002063028041577777 -0.011422860527986295 -0.025746984555892746 0.0098233582796755856 -0.0058934836162185915 0.0060914287673143469 0.0069952452813327546 -0.011901314339503645 -0.010891160317529923 -0.00020679840834586413 -0.0077771901510440599 -0.020017258355251935 0.0026694901619678285 0.0034206680157529423 -0.022339827756337138 0.0049327733936769015 -0.0036846202621732545
leaf_weight=379.09301571547985 349.17832072079182 271.20218716561794 209.7848028242588 2387.1220546141267 5779.0116527080536 1885.5681926608086 1759.3661291152239 2286.7833601459861 3054.9915742650628 604.40285247564316 2231.7877916842699 2474.8878273963928 3035.5497712343931 941.29617197811604 1230.3435670435429 2356.0603555887938 5240.1672610193491 301.59356500208378 206.95053206384182 5315.8909865170717 3219.0683410614729 549.9581244289875 298.07193180918694 923.11085123568773 1220.362902417779 4081.5556670874357 271.67958055436611 619.51301497966051 1324.686830304563 495.34037431329489 1385.1507046893239 206.35143128782511 360.17034573853016 110.25805355608463 154.9803629592061 4564.0393542125821 1832.2007438242435 2150.3689149469137 581.63276161253452 1064.1044399887323 1204.1105582267046 347.25004722177982 429.61549235880375 402.16352993249893 1798.8572858795524 5339.9348252266645 2017.2818630039692 123.61255738139153 1622.1995004415512 3100.162385687232 61.764819115400314 361.82307176291943 990.22645477950573 313.80984215438366 447.99506692588329 488.19469410181046 215.01273459196091 5864.7563402801752 703.76859864592552 293.99042993783951 1525.0971567779779 827.79020248353481
leaf_count=1612 1499 1198 879 10630 24460 8376 7736 10745 14362 2572 9726 10811 13075 4029 5299 10623 24032 1363 939 23893 14216 2403 1279 3949 5212 17663 1254 2801 5655 2190 5984 897 1559 476 788 19982 8000 9175 2470 5050 5429 1521 1952 1804 9099 23664 8532 536 7498 13195 295 1575 4483 1376 1909 2148 934 26594 3157 1253 6807 3564
internal_value=-5.07524e-05 0.000460287 -0.000697031 -0.00295955 -0.00486211 0.0025881 -0.000501298 0.0054152 0.0116701 0.00590195 0.00667664 -0.00282371 -0.00831443 0.000629579 -0.00063003 -0.000405487 0.0094737 0.00252373 0.000297373 0.00156523 0.0115262 0.00465501 -0.0122814 -0.00232999 -0.0096625 -0.00481071 -0.0175572 -0.00984081 -0.00954496 -0.00100924 -0.0157624 -0.025083 0.0146761 0.0180586 -0.00694518 0.0012203 -0.0044941 -0.0102426 -0.000844155 0.00604289 0.00873942 -0.00627157 0.0163438 0.00947655 0.0133772 0.000458713 -0.00560096 0.00178671 0.00471611 -0.00288693 -0.0298399 -0.00677741 0.00152695 0.00544329 -0.013423 0.0047044 -0.000559209 0.000829718 -0.00553755 -0.005905 0.00168477 -0.0099238
internal_weight=96193.1 92335.9 76142.9 45089.3 29468.1 31053.6 14838.8 16214.7 5125.05 16193 15588.6 20532.2 5860.6 15621.2 14671.6 4413.8 11174.8 11089.7 8400.74 14679.9 8819.41 6755.56 3857.16 12196.8 1569.54 8083.26 540.395 5540.56 8935.9 9364 2211.02 825.864 5600.34 320.043 6323.9 5848.97 3156.89 3478.07 879.705 6205.6 4320.03 6168.92 1493.72 2688.95 4853.85 8040.87 6347.79 2355.4 2826.31 4330.51 333.444 1284.93 7860.34 2700.93 2598.36 2844.26 2087.36 7558.75 1694 3329.54 1872.35 1323.13
internal_count=426187 409742 337619 196169 126823 141450 66157 75293 24659 72123 69551 88708 25365 69346 63343 19482 50069 50634 38085 65317 39807 30708 16445 52532 6711 35449 2488 24010 38115 41424 9682 3698 25591 1355 27713 25506 13655 14833 3749 28305 19929 26925 7002 12549 23461 35670 27026 10262 12927 18494 1549 5524 35597 12006 11084 12771 9262 34234 7640 14328 8328 5754
is_linear=0
shrinkage=0.05


Tree=51
num_leaves=63
num_cat=0
split_feature=2 6 2 6 2 2 234 2 254 163 151 182 6 46 91 165 78 2 218 6 261 214 169 241 141 146 2 200 11 245 2 26 44 249 183 141 122 152 103 122 102 31 190 234 97 107 164 73 19 183 218 172 234 207 236 1 185 2 6 6 2 78
split_gain=910.647 325.645 325.109 351.537 265.706 232.598 226.938 221.266 192.315 146.308 133.632 141.752 123.071 113.582 111.758 110.68 147.777 106.078 105.227 94.0804 90.7376 90.1586 81.7318 78.517 75.4236 72.7283 70.3253 69.9554 69.5056 68.2551 67.6744 66.7855 73.9446 65.8207 65.1233 64.1367 63.9629 60.9503 58.9863 58.8184 60.5415 58.6269 58.6009 65.2909 58.1293 65.376 57.9187 57.4507 56.7356 55.8107 55.1664 55.0505 59.0144 54.4035 57.9744 58.722 58.3697 54.3356 75.6133 61.1373 58.0836 53.4684
threshold=1.9550755620002749 0.85500001907348644 1.1422427892684939 0.32500000298023229 2.6471161842346196 1.5088402628898623 -0.097991943359374986 0.41292415559291845 0.036636352539062507 0.017265319824218753 0.011005401611328127 -0.055984497070312493 0.9650000035762788 -0.075164794921874986 -0.040817260742187493 0.032882690429687507 -0.049484252929687493 3.4507313966751103 0.038650512695312507 0.41499999165534979 0.027030944824218753 -0.083709716796874986 -0.020500183105468747 -0.063812255859374986 -0.022682189941406247 -0.010578155517578123 1.6718990206718447 -0.012645721435546873 -0.069793701171874986 0.018882751464843753 0.88494509458541881 -0.065032958984374986 0.076690673828125014 0.0030908584594726567 -0.056320190429687493 0.14923095703125003 -0.022224426269531247 0.045089721679687507 0.0089683532714843767 0.080108642578125014 0.017082214355468753 0.063812255859375014 0.066009521484375014 -0.086944580078124986 -0.00057291984558105458 0.095306396484375014 -0.033950805664062493 -0.12356567382812499 -0.037185668945312493 -0.11184692382812499 -0.0088005065917968733 -0.14739990234374997 0.033401489257812507 -0.027397155761718747 0.028038024902343753 -31499999.999999996 0.057632446289062507 -0.31173203885555262 0.14500000327825549 0.13499999791383746 0.6535552740097047 0.028907775878906253
decision_type=2 2 2 2 2 2 2 2 2 2 2 2 2 2 2 2 2 2 2 2 2 2 2 2 2 2 2 2 2 2 2 2 2 2 2 2 2 2 2 2 2 2 2 2 2 2 2 2 2 2 2 2 2 2 2 2 2 2 2 2 2 2
left_child=1 2 3 57 8 30 26 -5 9 15 11 46 13 -10 -12 23 -17 18 31 -9 27 -11 -7 -2 -15 -18 -4 -21 -25 50 -3 49 34 -32 -33 48 -26 -36 44 40 -13 -35 43 -20 -19 -46 -8 -34 -29 -6 -23 -49 -53 -16 55 -55 -56 58 59 -1 -59 -31
right_child=4 5 6 7 17 22 10 19 12 21 14 39 -14 24 53 16 25 38 42 20 -22 29 -24 28 36 -27 -28 35 -30 61 33 32 47 41 37 -37 -38 -39 -40 -41 -42 -43 -44 -45 45 -47 -48 51 -50 -51 -52 52 -54 54 56 -57 -58 60 -60 -61 -62 -63
leaf_value=-0.018290825942118775 0.014207473976022287 -0.046691609936826958 0.023494401983978463 -0.042112541973668864 -0.01126752215250766 -0.011509725249275134 0.010988075547345384 0.025734960949942751 0.0070102661139180749 0.021534993148013576 0.018117570053930752 -0.01841921733199265 0.021818459376716181 -0.00064746899428523986 0.0085175062446565062 0.022753734289454264 -0.0066276258596484981 0.020608705595269408 0.021750251007337039 -0.022362336955457328 -0.028683254250517307 0.0031130418675560695 -0.00040545872265762529 0.0061194246389204791 -0.015505782362873517 0.0075096827472601949 0.00099820871156974626 -0.023491427459469624 -0.0069422622607844212 0.0060034133132005202 -0.027476332758386842 -0.0031744351865860727 0.027442977933961266 -0.0063255857177958487 0.0084843791990716275 0.051554886301551674 -0.0059363591564130531 -0.0019302514798076196 0.028283534720185306 0.00048272557048832058 -0.0058999364395566772 -0.025199276030317803 0.02231705419089974 0.0072925407963286767 -0.00069585625040270575 0.046468706638550537 -0.0029947580490407178 -0.027395719362837828 -0.0017816805971404195 0.014893371077156201 0.013487059755187263 -0.00011235130534262766 -0.032411866423646234 -0.010564592506511768 0.016255308540513002 0.017542419856166464 -0.019629623646849722 0.00378530081860718 -0.035539279538445614 0.047178053169926432 -0.041521159712745115 -0.0072019406315041133
leaf_weight=79.124125346541405 586.10160151124001 281.43335584551096 1370.1066334396601 908.93665862828493 226.81623081862926 5640.7792485356331 1386.553665176034 138.02357952296734 1798.290813729167 1137.4041982218623 1258.4278160482645 2247.6256411448121 453.1873180270195 3686.03394728899 1578.2267778813839 1053.185849159956 1571.5855521410704 1000.7317553460598 931.06177438795567 919.2784757912159 1040.519233353436 1964.042446359992 2346.3601366579533 1218.6925208419561 2720.375030323863 2157.3191779255867 465.4201055765152 393.05515637993813 6178.4104849994183 1923.5703381672502 1970.8345493227243 2338.5791392922401 110.35444524884224 1007.8885046392679 6582.7424394786358 47.274560213088989 4879.5827500075102 1785.5103831738234 810.31328938901424 1010.0055310577154 1694.8963718041778 695.40737594664097 1081.501353546977 4830.7980415374041 864.5271263718605 79.29420417547226 1587.5714829415083 342.03902088105679 1274.445889480412 1958.2740934342146 3690.6166406273842 1012.2962941676378 163.38414421677589 1759.4143674820662 565.77527046203613 206.85024192929268 140.73786498606205 3195.1820772439241 224.11269010603428 63.348005190491676 71.346489086747169 1272.9579692035913
leaf_count=324 2641 1335 6173 4470 1043 23364 6001 620 8007 5328 5475 9448 1979 15970 6897 4823 7030 4861 4661 4053 4794 8554 9965 5360 11499 9560 2008 1709 26508 8544 8389 10739 523 4340 30705 209 20617 8151 4024 4275 7192 2935 5574 22994 4051 361 6728 1518 5650 9284 16667 4667 709 7398 2459 900 593 13576 1034 258 322 5708
internal_value=-8.47038e-05 -0.0064317 -0.00303003 -0.0109593 0.00365243 -0.0131604 0.00130825 -0.0199546 0.000949105 0.00375652 -0.00094504 -0.00510194 -0.00376955 -0.00465742 0.00503551 0.000209803 0.00622452 0.00771999 0.00652864 -0.0146624 -0.0161864 0.00828871 -0.00824811 -0.00339346 -0.00651699 0.00155119 0.0177939 -0.0112408 -0.00478978 0.00658429 -0.0230748 0.00411909 0.00269133 -0.0212535 0.00420101 -0.00526908 -0.00936329 0.00626227 0.016953 -0.0102827 -0.01304 -0.0140414 0.0116398 0.00963214 0.0122193 0.00331162 0.00352562 -0.0072334 -0.00691001 0.0121739 0.00988502 -0.00977115 -0.00462474 0.00115947 -0.00318688 -0.00760033 0.00908937 0.000733201 -0.0174927 0.0109448 0.00278333 0.000744019
internal_weight=95978.5 35569 23626.3 8354.65 60409.6 11942.7 15271.6 4721.53 36291.4 22753.9 13436.1 7926.65 13537.5 13084.3 5509.43 12765.3 4782.09 24118.2 21363.4 3812.6 3674.57 9988.59 7987.14 7983.2 11286 3728.9 1835.53 2634.05 7397.1 8851.19 3955.56 14520 12334.9 3674.13 10706.8 1714.78 7599.96 8368.25 2754.87 4952.53 3942.52 1703.3 6843.36 5761.86 1944.55 943.821 2974.13 1628.07 1667.5 2185.09 5654.66 1517.72 1175.68 4251 2672.78 1966.26 706.513 3633.11 366.585 142.472 3266.53 3196.53
internal_count=425554 152894 102566 37019 272660 50328 65547 21505 158795 100723 57366 33644 58072 56093 23722 55922 21413 113865 100568 17035 16415 44801 33329 34509 48086 16590 8181 11621 31868 39473 16999 67339 57012 15664 49595 7568 32116 38856 13297 20915 16640 7275 33229 27655 9273 4412 12729 7417 7359 10327 25221 6894 5376 18247 11350 8298 3052 15514 1616 582 13898 14252
is_linear=0
shrinkage=0.05


Tree=52
num_leaves=63
num_cat=0
split_feature=2 4 2 3 2 6 3 2 3 241 121 144 6 21 21 2 6 225 3 135 215 3 136 260 4 129 151 260 12 6 257 61 238 4 6 109 48 22 197 120 3 257 6 151 3 21 165 187 39 2 182 160 158 39 69 228 151 4 2 3 3 6
split_gain=796.584 390.785 289.074 266.398 202.29 220.497 215.565 216.474 171.776 171.407 168.634 151.845 139.357 138.029 155.999 133.241 136.799 129.557 103.336 102.843 102.035 96.1971 95.7253 91.6487 97.6846 89.1924 90.9286 106.029 86.5866 84.5848 78.8241 78.4211 75.3357 73.9788 72.8322 72.4407 71.8121 70.6094 69.8027 69.1648 66.8866 65.2378 65.1742 63.0574 62.7663 61.6994 59.5783 64.4144 59.4123 59.243 59.1474 58.1477 57.5645 56.0742 55.82 55.0188 54.4771 54.1703 53.5911 108.554 79.9725 194.91
threshold=2.391125082969666 0.19271381199359897 1.7730304598808291 0.10837652906775476 1.280011057853699 0.32500000298023229 0.49005511403083807 1.0105349421501162 0.95416316390037548 -0.041610717773437493 0.039962768554687507 -0.082489013671874986 0.67500001192092907 -0.10446166992187499 0.093414306640625014 1.0692129135131838 0.79500001668930065 -0.012493133544921873 0.82227420806884777 0.091583251953125014 0.056564331054687507 0.50071629881858837 -0.034896850585937493 0.066619873046875014 0.68855834007263195 -0.060256958007812493 0.050369262695312507 -0.049514770507812493 -0.10867309570312499 0.24499999731779101 -0.030967712402343747 0.051986694335937507 -0.024833679199218747 0.093344930559396758 0.81499999761581432 0.0094108581542968767 0.032913208007812507 -0.011577606201171873 -0.089813232421874986 -0.0013289451599121092 0.87548136711120617 -0.039291381835937493 0.21499999612569812 -0.10525512695312499 0.28974013030529028 0.059738159179687507 -0.12701416015624997 0.099639892578125014 -0.015983581542968747 0.6535552740097047 -0.026802062988281247 -0.010929107666015623 -0.051773071289062493 0.11502075195312501 -0.079620361328124986 -0.094207763671874986 0.035659790039062507 0.70800319314003002 0.059244887903332717 0.45108573138713842 0.47953478991985327 0.19000000506639483
decision_type=2 2 2 2 2 2 2 2 2 2 2 2 2 2 2 2 2 2 2 2 2 2 2 2 2 2 2 2 2 2 2 2 2 2 2 2 2 2 2 2 2 2 2 2 2 2 2 2 2 2 2 2 2 2 2 2 2 2 2 2 2 2
left_child=1 2 21 15 5 49 7 -7 11 19 18 22 -9 43 28 29 36 32 25 20 39 42 -2 24 55 50 27 -27 -15 -3 -19 35 -13 -23 38 45 -17 -12 -4 -6 -35 48 -1 -8 -34 -32 -46 -48 -36 58 -11 -45 -30 -41 -33 -14 -18 -28 60 -60 -5 -62
right_child=8 3 34 4 9 6 13 12 -10 10 37 17 23 14 -16 16 56 30 -20 -21 -22 33 -24 -25 -26 26 57 -29 52 -31 31 54 44 40 41 -37 -38 -39 -40 53 -42 -43 -44 51 46 -47 47 -49 -50 -51 -52 -53 -54 -55 -56 -57 -58 -59 59 -61 61 -63
leaf_value=-0.0040267088235595204 0.0023835648330414443 -0.0073435196879956619 -0.0257702568557612 -0.008011256571208554 0.015902210362672763 -0.040063086496380101 0.044461522330510816 0.025057968914500062 -0.014436938538548189 0.0047514299335982106 -0.010977058173173619 0.0045553493058195791 0.022790121360262098 0.0086897944269523925 0.024933897392142728 0.012320983536793681 -0.017886761892501653 0.0071770567510037898 -0.0069735847648747049 -0.0071548198458832937 -0.0073391028790236517 -0.025952891671099945 0.017790111915904055 -0.059375679722237618 -0.0016010208778553517 -0.0019297702735519492 0.018538837834099247 0.0077376222471143077 0.0036385284263195389 -0.044269397550026617 0.0012465013896314422 -0.029299809368216329 0.003977632496760892 0.00120392446438805 0.012442576472498953 0.0066852339404096925 -0.017960189129005023 -0.0015573609741311254 0.0047379234259359729 0.0038301688711968132 -0.027605752660405655 -0.0130946924349682 -0.032077588371552827 0.030005707643465298 -0.011623497702180532 -0.011004492758519193 0.018470737256084221 -0.003434421437472697 -0.008679660297705661 -0.039691008653797134 -0.016768052006318129 -0.012923985609293573 -0.017917762379328378 0.03467126430728603 -0.0052676350796972077 -0.036720380540320861 -0.0035474159440061683 0.0011789346298866417 0.037513698897505443 0.0036614090492503117 -0.0093499411595113525 0.048983441377326936
leaf_weight=230.59872913360596 1324.0795276761055 229.91167087852955 206.00388938188553 1008.4211989492178 3978.5302560925484 1080.5446991324425 174.45214459300041 229.15041795372963 1003.7192693352699 519.19707624614239 4223.2521412372589 4644.3695648312569 42.208415552973747 454.18063715100288 325.17791190743446 910.36879865825176 2490.5418323948979 6201.0163621306419 2606.9829675257206 1028.6800694465637 786.25493378937244 758.72004294395447 4230.035701841116 116.0795306712389 727.29018415510654 5376.4334766417742 1721.7734799087048 6001.3507671803236 358.79781816899776 478.4388691931963 4208.2951525598764 275.5383882522583 1501.903866097331 842.62788876891136 559.70994193851948 4697.7684891372919 248.42125476896763 3761.1365431398153 1988.4046259969473 2592.455195620656 263.73966532945633 3225.1139251589775 2055.7962052822113 146.32558524608612 191.51620616018772 1358.7453339546919 4341.0453223586082 363.40823258459568 818.47525990009308 70.86320772767067 826.88992288708687 168.9005686044693 2248.496745467186 155.29859158396721 1920.4110963195562 411.541069842875 902.99563249945641 608.14471524953842 355.43416768312454 706.39747360348701 339.80219975113869 246.17457750439644
leaf_count=950 6072 965 854 4262 17997 5157 833 982 4366 2275 17607 21760 180 1882 1512 3927 10298 28786 11010 4462 3448 3259 21291 485 3097 22404 7648 26320 1507 2398 18879 1198 6934 3546 2332 21494 1026 16111 8422 11338 1135 13335 9170 703 878 6001 21351 1740 3411 314 3558 721 9691 708 8425 1798 3748 2642 1538 3076 1454 1065
internal_value=0.000106499 -0.00344838 -0.0119824 -0.00152779 -0.000239565 -0.00681604 -0.0118331 -0.0229482 0.00594987 0.00153237 -0.000510923 0.00653063 -0.0108131 -0.00435424 -0.00794311 -0.0121526 -0.00900949 0.00511143 0.00221527 0.00766673 0.0096969 -0.0223768 0.0141183 -0.0171645 -0.0129691 0.00380694 0.0050131 0.00316965 -0.0114422 -0.0323115 0.00257113 0.000278623 0.00940401 -0.013938 -0.00563195 0.00211342 0.00581942 -0.00654055 0.00186348 0.0116891 -0.00568255 -0.00920467 -0.0292515 0.0204323 0.0129225 -0.00174503 0.0156651 0.0167782 -9.86746e-05 0.00511096 -0.00847044 0.00703552 -0.0149511 0.00558524 -0.00829505 -0.0311467 -0.0140733 0.0140101 0.00632067 0.0150177 0.000522909 0.0151982
internal_weight=95868.3 59606.5 10949.2 48657.3 43396.6 9210.24 6483.15 2606.81 36261.9 34186.4 25645.2 35258.1 1526.27 3876.33 3386.65 5260.68 4552.33 29704 17660.8 8541.22 7512.54 4151.48 5554.12 1297.12 1181.04 15053.8 13707.7 11377.8 3061.48 708.351 18661.8 12460.8 11042.2 1865.09 6797.71 10264.8 1158.79 7984.39 2194.41 6726.28 1106.37 4603.3 2286.39 489.678 6397.87 5567.04 4895.97 4704.45 1378.19 2727.09 1346.09 315.226 2607.29 2747.75 2195.95 453.749 3393.54 2329.92 2656.23 1061.83 1594.4 585.977
internal_count=425736 256561 46414 210147 187785 40257 28548 11699 169175 147528 109575 164809 6542 16849 14592 22362 18999 137446 75857 37953 33491 18060 27363 5560 5075 64847 59014 48724 13080 3363 84783 55997 52663 7940 28354 46374 4953 33718 9276 30043 4681 19078 10120 2257 30903 24880 23969 23091 5743 11709 5833 1424 11198 12046 9623 1978 14046 10290 11395 4614 6781 2519
is_linear=0
shrinkage=0.05


Tree=53
num_leaves=63
num_cat=0
split_feature=2 2 6 2 6 230 218 150 6 2 190 225 90 261 225 119 27 169 133 2 48 202 114 174 256 183 86 169 254 219 6 6 2 6 30 238 41 230 247 213 2 102 0 0 22 2 91 32 125 254 27 240 255 40 2 98 254 90 86 240 26 10
split_gain=739.001 244.502 329.996 282.156 251.192 194.847 194.577 156.741 145.202 136.511 124.665 123.067 117.182 116.4 100.493 95.9115 89.476 83.9896 82.5334 82.2531 81.2019 77.8223 88.5855 76.8479 76.7103 76.3318 76.2758 76.1353 72.6861 70.2818 69.1329 249.274 77.0519 108.888 68.7246 68.6647 66.8778 64.3353 63.2197 65.8741 61.7362 61.0111 59.6656 57.2929 56.8997 56.7042 61.0765 55.1907 54.6436 54.4002 53.9563 53.7734 53.6277 52.8891 53.3215 51.3525 50.9116 53.612 53.5439 53.0951 50.7952 50.7326
threshold=2.1116325855255131 1.2613752484321596 0.32500000298023229 0.82429528236389171 0.81499999761581432 0.032028198242187507 0.037918090820312507 -0.0076389312744140616 0.85500001907348644 3.3745431900024419 0.0066928863525390634 -0.012493133544921873 -0.036941528320312493 0.027030944824218753 0.032760620117187507 -0.027549743652343747 0.041641235351562507 -0.051620483398437493 -0.089813232421874986 1.0105349421501162 0.0054264068603515634 -0.037399291992187493 -0.14691162109374997 -0.066619873046874986 -0.040390014648437493 -0.014560699462890623 -0.010540008544921873 0.026451110839843753 0.050765991210937507 -0.0021200180053710933 0.53499999642372142 0.50499999523162853 0.32235230505466467 0.42499999701976782 -0.040756225585937493 -0.044082641601562493 -0.057968139648437493 -0.071136474609374986 -0.020362854003906247 -0.10049438476562499 2.5222852230072026 -0.011623382568359373 0.01625000033527613 0.13724999874830249 -0.012081146240234373 0.53903713822364818 0.054733276367187507 -0.041305541992187493 0.052291870117187507 -0.026069641113281247 -0.025749206542968747 -0.025154113769531247 0.081085205078125014 0.065093994140625014 0.059244887903332717 -0.011165618896484373 -0.071929931640624986 -0.037826538085937493 0.055191040039062507 0.057723999023437507 -0.058334350585937493 0.079986572265625014
decision_type=2 2 2 2 2 2 2 2 2 2 2 2 2 2 2 2 2 2 2 2 2 2 2 2 2 2 2 2 2 2 2 2 2 2 2 2 2 2 2 2 2 2 2 2 2 2 2 2 2 2 2 2 2 2 2 2 2 2 2 2 2 2
left_child=1 2 53 30 5 12 9 16 13 11 51 35 50 14 19 48 25 -9 28 -5 37 29 40 -10 47 26 -6 41 60 -20 31 32 -4 -34 -31 61 -24 -14 -38 -40 -23 -21 -7 -17 -37 -32 -47 -11 -12 -26 -3 -8 -19 54 -1 -50 57 -27 -58 -59 -13 -2
right_child=6 4 3 8 7 42 10 17 23 24 15 18 20 -15 -16 43 -18 52 21 27 -22 22 36 -25 49 56 -28 -29 -30 34 45 -33 33 -35 -36 44 38 -39 39 -41 -42 -43 -44 -45 -46 46 -48 -49 55 -51 -52 -53 -54 -55 -56 -57 58 59 -60 -61 -62 -63
leaf_value=-0.0029328570534282142 -0.0027824473663688697 -0.012110110699905745 -0.049030593234587014 -0.011708866744625705 -0.017821795117298863 0.012008620200382139 0.011500042418316404 -0.014806614496233418 -0.0015559091556551455 -0.02712174766211229 0.0047025367828981502 0.021928091951072048 0.036184713021502606 -0.019580969348136953 -0.015631586779249328 0.019365028451884005 0.0071263262382816397 -0.0036170888955111627 -0.00069857076814980486 -0.0025536728608884884 0.0042156177408465478 -0.035713707140220471 0.0094002024056918827 -0.031351026924555159 0.035666478297898048 -0.02712352816125272 -0.0039137849102345596 -0.020357473867233911 -0.0038174210310845621 0.0084035777282712148 -0.052419200773920087 0.02930622406048802 0.021324829938733456 -0.04683277128376033 -0.019496777923309543 0.011894644260978171 -0.0054675602798929862 0.013919339414018673 0.020515012827126755 0.00051228251983957468 -0.0051885605821853772 0.019895675634780844 -0.0082001334047570127 0.0080892386289071506 0.0029340245441266924 -0.038962960164672766 -0.0078319461346867576 0.0068695613312455056 0.0039194297624606574 0.014378868608864318 0.0040232929127572963 -9.4411490089747486e-05 -0.023569504598140667 -0.044155971136736111 0.0094299169733434163 0.025622303561609806 -0.00057183251442886787 0.0082310844931700114 0.013222501845831281 -0.040333061763275141 0.0060208880123566143 0.016458723190811108
leaf_weight=2051.0373770296574 2911.1658573001623 837.62418520450592 400.48839545994997 602.70566046237946 1522.4752654135227 408.50888748466969 1282.7548994570971 5204.5992776304483 271.57040549814701 144.73489515483379 4803.0805353075266 730.28540736436844 361.32473672926426 1226.6860250234604 895.93025057762861 3985.75461486727 2242.3947434723377 3898.9365985691547 1315.0573582798243 421.30886261165142 2353.5132498443127 296.2895045876503 1629.6951991021633 1066.5914231464267 397.58650469779968 316.90166312456131 2795.5895914435387 185.12558549642563 1279.9428224265575 254.4677387624979 502.62422931939363 190.88138984143734 116.32693165540695 116.20965893566608 1638.8696108907461 4265.9805020689964 5322.9244188517332 3150.751733392477 438.95688606798649 6387.0389608442783 374.9598923176527 1071.6966213807464 3385.7366339564323 1573.2453480958939 3030.8848011493683 619.98378460109234 211.90531589090824 660.31679092347622 456.13482341915369 1227.7838523387909 1355.6349199712276 4524.4363797456026 367.68951512873173 61.276231542229652 1516.0522565096617 677.79659968614578 2971.5465475171804 341.89663988351822 920.63601467013359 66.332873582839966 1603.4404729604721 387.25649473071098
leaf_count=8748 13266 3561 2061 2620 6299 1771 6059 21448 1164 654 22111 3446 1686 5499 3860 19925 9655 16461 5866 1836 10253 1232 7410 4728 1983 1494 11728 802 5590 1112 2535 883 520 601 7189 19893 23108 13910 2076 28125 1679 4738 14224 7323 14103 2944 968 3103 2145 5849 5852 20439 1549 278 6514 3241 12467 1464 3978 276 7379 1765
internal_value=5.74458e-05 -0.00470071 -0.0109565 -0.0166889 -0.00248152 0.00331994 0.00411755 -0.00581172 -0.0108919 0.00193663 0.00844011 0.00106528 0.00771838 -0.00650567 -0.00145216 0.0114563 -0.0018015 -0.0105438 -0.00112766 0.00412204 0.0114047 -0.0025366 -0.000972247 -0.02531 0.0133564 -0.00404255 -0.0088205 0.00981135 0.00575598 -0.00957959 -0.0320973 -0.020668 -0.0357596 -0.0127915 -0.0157445 0.00546768 -0.000107536 0.0162197 -0.0013836 0.00180141 -0.0186954 0.0135633 -0.00602176 0.0161759 0.0081736 -0.0391328 -0.0310519 0.000732424 0.00703525 0.0196048 -0.0021409 0.00246824 -0.00534167 0.00152574 0.00232263 0.0169033 0.000426691 -0.0117278 0.00269356 0.000260661 0.0110059 -0.000519104
internal_weight=95631.3 44030.5 11528.4 7900.03 32502.1 11853.1 51600.8 20649 5741.61 34297.6 17303.2 31867.2 8058.85 4403.45 3176.77 11496 11177.8 9471.23 21271.9 2280.84 5865.59 17658.3 14449.9 1338.16 2430.42 8935.38 4318.06 1678.13 3613.67 3208.39 2158.42 823.906 633.025 232.537 1893.34 10595.3 13778.6 3512.08 12148.9 6826 671.249 1493.01 3794.25 5559 7296.87 1334.51 831.889 805.052 5937.01 1625.37 2193.26 5807.19 4266.63 3628.37 3567.09 1133.93 4617.31 725.131 3892.18 408.23 2333.73 3298.42
internal_count=425446 189375 51299 35759 138076 51257 236071 86819 25247 154828 81243 143239 35262 19355 13856 54745 47361 39458 94212 9996 25849 77797 63630 5892 11589 37706 18027 7376 16415 14167 10512 4065 3182 1121 8301 49027 60719 15596 53309 30201 2911 6574 15995 27248 33996 6447 3912 3757 27497 7832 9413 26498 18010 15540 15262 5386 19679 3234 16445 1740 10825 15031
is_linear=0
shrinkage=0.05


Tree=54
num_leaves=63
num_cat=0
split_feature=3 3 5 0 260 3 7 114 247 179 144 3 20 254 17 21 109 31 218 184 91 170 75 109 52 227 5 144 7 51 117 114 51 88 144 24 133 12 3 8 138 241 243 17 254 46 157 107 20 183 12 195 148 47 103 230 114 112 49 101 235 179
split_gain=475.37 325.56 258.108 151.507 113.989 101.924 99.1585 96.8898 95.6908 91.0655 89.4317 84.2969 71.7033 71.1905 69.3635 75.2812 68.8687 67.2423 65.2051 62.4883 60.7969 58.571 54.7874 54.307 53.6695 52.8217 51.8477 51.6923 51.0503 56.4348 50.4511 50.3792 49.1374 47.9811 46.8871 45.6798 45.5727 45.4421 45.1219 44.7936 44.5414 43.9251 42.9308 42.892 42.596 42.331 42.2106 40.4581 38.5904 38.0515 38.0412 46.7409 37.8698 37.6288 37.5927 37.4334 41.1934 37.0655 36.633 36.3021 36.2598 36.1965
threshold=0.084899779409170165 0.92315608263015758 0.075000001117587103 0.029249999672174457 -0.034622192382812493 0.27426199615001684 -0.12307739257812499 -0.12750244140624997 -0.033309936523437493 0.086456298828125014 -0.097930908203124986 0.013127712067216636 0.0098381042480468767 -0.10952758789062499 -0.027076721191406247 -0.080169677734374986 0.040512084960937507 0.14300537109375003 0.010059356689453127 0.0024957656860351567 -0.085723876953124986 -0.064788818359374986 -0.032302856445312493 -0.0038690567016601558 -0.015693664550781247 0.083221435546875014 0.075000001117587103 0.0098304748535156267 -0.0053768157958984366 -0.0058879852294921866 0.10745239257812501 0.084991455078125014 0.056106567382812507 0.037338256835937507 0.013584136962890627 -0.032913208007812493 -0.067779541015624986 0.019813537597656253 0.97312355041503917 0.044754028320312507 -0.043777465820312493 -0.055770874023437493 -0.028785705566406247 -0.091827392578124986 0.095184326171875014 -0.033706665039062493 -0.0051136016845703116 0.11434936523437501 0.059829711914062507 -0.050399780273437493 0.0098686218261718767 -0.080535888671874986 -0.026771545410156247 0.011646270751953127 -0.015552520751953123 0.093170166015625014 -0.098724365234374986 -0.072967529296874986 0.088653564453125014 -0.00051307678222656239 0.036911010742187507 0.0043201446533203134
decision_type=2 2 2 2 2 2 2 2 2 2 2 2 2 2 2 2 2 2 2 2 2 2 2 2 2 2 2 2 2 2 2 2 2 2 2 2 2 2 2 2 2 2 2 2 2 2 2 2 2 2 2 2 2 2 2 2 2 2 2 2 2 2
left_child=11 2 4 10 7 8 -6 52 20 12 40 -1 13 22 16 34 53 21 36 50 -5 61 -7 -14 37 28 33 44 41 -30 35 -17 -25 -26 49 -22 54 -13 -3 -20 -4 -23 -37 -31 55 48 -38 -28 58 -16 59 -52 -2 -8 -10 56 -21 -19 -12 -15 -29 -9
right_child=1 38 3 5 6 9 14 17 18 -11 45 24 23 19 15 31 -18 57 39 27 30 25 -24 32 26 -27 47 60 29 43 -32 -33 -34 -35 -36 42 46 -39 -40 -41 -42 -43 -44 -45 -46 -47 -48 -49 -50 -51 51 -53 -54 -55 -56 -57 -58 -59 -60 -61 -62 -63
leaf_value=-0.035814809400275725 -0.024385485365447577 -0.0093249328953014399 0.02610935305022017 0.023879871168499808 -0.019165869168242575 -0.023345811462229849 0.0064928171415142219 0.016800516556154148 -0.021348702822870734 0.0063536243785707316 0.015327639476624525 -0.01147765700381349 -0.0090710164662693073 -0.00030087567577024866 0.029924937446029105 0.001259304347505222 0.020255920133302272 -0.043789587757792965 -0.0093444905113639534 -0.0029965248191152032 0.0071266452751969911 0.0094760091431464605 0.0092121338331334728 -0.005095544067238153 -0.014122783550410642 0.012436738317174463 -0.020354871897802114 -0.0093082708405755523 -0.001555643110131558 0.016815244307985162 -0.032115013122996257 0.012687458252590956 0.0051813533192773273 0.0013888242950098357 -0.0031717326482382335 0.0056610395954617221 -0.0095090010466662156 0.0052125008309943342 -0.022409360276447202 0.0045415455988797055 -0.0033263915858373358 -0.0041653271703357159 -0.011386871182402463 0.0048198529127005474 -0.0053273521170799434 0.00085669191939978138 -0.025900283948539361 0.018074983531861117 -0.0071294505610525419 0.012723615975911835 -0.0086286986907380386 0.0043642749495192154 -0.0049888696204048767 0.014437251940975846 0.0020038737273925626 -0.02043592918488021 0.010375453579344315 -0.0070047681386789865 -0.00012396624290664785 -0.0082656631540220134 0.010597449474240909 0.0050581155082230315
leaf_weight=377.3396693021059 418.51610158383846 4273.3830979913473 719.01807191967964 248.62959469854832 338.24407179653645 526.94524504244328 4487.3082027435303 1227.458047837019 263.58944416046143 4134.26031011343 1591.1601881980896 876.23764710873365 4521.5035827308893 2837.506517007947 411.17160108685493 6576.8129366934299 1756.3455957770348 73.243255913257599 2127.1819224953651 661.82303217053413 1176.7442275583744 678.22990246117115 170.47719280421734 3382.7526569366455 1409.9512156099081 1165.5120290666819 2376.5606286153197 975.70224065333605 2375.2367751598358 1060.5861666202545 130.27557151019573 1129.1221787333488 1771.4153860658407 770.67371012270451 361.27037069201469 551.59573182463646 575.14150723814964 761.32780408859253 779.02858057618141 798.03404547274113 156.1811563372612 4498.7623413801193 1113.2888000905514 2505.2139137238264 677.10023306310177 4242.3086047545075 1248.9683902487159 69.784284636378288 315.64638960361481 1479.7208602279425 857.1522858440876 3578.4751211106777 630.5438746958971 2233.555391266942 493.83415557444096 112.29901476204395 4417.1002552062273 893.4090171456337 505.31417913734913 2884.524168074131 297.84652629494667 1411.7570817172527
leaf_count=1610 1811 18358 3734 1106 1513 2468 20370 5789 1128 18541 7736 3816 19635 12307 2019 29704 8204 308 9252 2927 5107 3081 778 14768 5987 5203 10097 4359 10277 4800 602 5076 7916 3268 1625 2376 2466 3351 3303 3515 730 19472 4800 11005 2937 19525 5567 295 1443 6972 3743 16100 2715 10435 2155 502 20310 3857 2302 12482 1315 6483
internal_value=1.33934e-05 0.000978216 0.00172163 -0.000670646 0.00494125 -0.00188059 0.00762439 0.00196715 -0.00666677 -0.000567166 0.00584219 -0.0128883 -0.00160132 0.00026492 0.00811694 0.00528634 0.011441 0.00293908 -0.0106701 0.000896715 0.000179596 0.00376711 -0.0153856 -0.00507222 -0.0115019 0.00231469 -0.0142547 0.00448018 0.00125256 0.00441496 -0.00181054 0.00293526 -0.0015632 -0.00864257 0.0133258 -0.000410406 -0.0164606 -0.00371972 -0.0113464 -0.00555596 0.0208587 -0.00237671 -0.00573869 0.00839139 0.0064617 0.00386436 -0.0207402 -0.0192517 0.00915154 0.0164779 -0.00162302 0.0018521 -0.0127429 0.00913476 -0.00614044 0.00800009 0.00863273 -0.00983433 0.011605 -0.00431674 -0.00464823 0.0105236
internal_weight=95470.1 88828.2 83775.8 48063.8 35712 40534.2 18773.6 16938.5 8727.28 31806.9 7529.63 6641.87 27672.6 17997 18435.3 9958.1 8477.21 15889.4 5506.75 17299.5 3220.53 14922.8 697.422 9675.67 6264.54 12283.5 4626.97 7141.87 11118 5941.04 2971.9 7705.94 5154.17 2180.62 2252.16 2841.63 2581.53 1637.57 5052.41 2925.22 875.199 5176.99 1664.88 3565.8 5868.32 6654.43 1824.11 2446.34 2412.12 1890.89 10157.7 4435.63 1049.06 6720.86 757.424 5191.22 5078.92 966.652 2096.47 5722.03 1273.55 2639.22
internal_count=425436 397012 375351 214632 160719 179162 85918 74801 38074 141088 35470 28424 122547 80228 84405 45396 39009 70275 24083 76982 13991 66110 3246 42319 26814 53838 19647 32350 48635 26082 12885 34780 22684 9255 10616 12283 11316 7167 21661 12767 4464 22553 7176 15805 26676 31006 8033 10392 11481 8991 44632 19843 4526 30805 3283 23739 23237 4165 10038 24789 5674 12272
is_linear=0
shrinkage=0.05


Tree=55
num_leaves=63
num_cat=0
split_feature=2 4 6 2 2 2 6 225 4 257 2 6 4 129 6 143 2 225 4 6 80 4 19 54 144 247 183 169 2 184 148 183 44 86 6 149 150 115 53 93 175 4 96 6 226 6 232 37 9 132 102 183 106 179 54 255 256 4 17 32 46 70
split_gain=688.166 522.296 234.979 239.44 205.108 188.544 179.406 173.133 163.212 161.177 136.409 165.075 135.107 133.316 119.576 119.448 115.782 112.809 109.152 106.917 104.875 103.172 99.0276 95.0348 93.4807 89.0163 84.5364 78.6755 75.0174 68.3913 68.3871 66.9283 75.9305 63.7683 62.2348 60.6828 60.0515 76.4785 58.369 56.6292 56.5912 61.1087 56.2118 55.1592 54.6419 54.5698 54.1913 53.7051 53.6801 53.2238 53.0559 51.4585 51.3827 50.3604 50.2501 50.1546 49.9078 49.7678 48.1656 48.0762 47.9686 54.0393
threshold=1.9550755620002749 0.39059448242187506 0.81499999761581432 1.5593773126602175 2.6635866165161137 1.1195503473281863 0.22500000149011615 0.012371063232421877 0.89492344856262218 -0.041366577148437493 1.4825805425643923 0.32500000298023229 0.093344930559396758 0.044662475585937507 0.85500001907348644 0.039840698242187507 1.7178016901016238 0.082366943359375014 0.54332560300827037 0.20499999821186068 0.072418212890625014 0.64952182769775402 -0.025138854980468747 0.010433197021484377 -0.0019578933715820308 0.029457092285156253 0.057662963867187507 -0.022941589355468747 0.41292415559291845 -0.041763305664062493 0.055374145507812507 -0.031570434570312493 0.086761474609375014 -0.024314880371093747 0.42499999701976782 0.043502807617187507 -0.037399291992187493 0.10592651367187501 -0.010570526123046873 -0.091583251953124986 0.11184692382812501 0.42295710742473608 -0.075958251953124986 0.87500000000000011 0.042617797851562507 0.88499999046325695 0.038558959960937507 0.015064239501953127 -0.087982177734374986 0.078704833984375014 0.0090370178222656267 -0.010669708251953123 0.033981323242187507 0.094390869140625014 -0.044448852539062493 -0.025901794433593747 0.087860107421875014 0.035212257876992233 -0.052230834960937493 -0.070892333984374986 -0.030769348144531247 -0.013278961181640623
decision_type=2 2 2 2 2 2 2 2 2 2 2 2 2 2 2 2 2 2 2 2 2 2 2 2 2 2 2 2 2 2 2 2 2 2 2 2 2 2 2 2 2 2 2 2 2 2 2 2 2 2 2 2 2 2 2 2 2 2 2 2 2 2
left_child=1 2 10 27 7 6 19 12 9 42 11 57 -2 15 16 36 17 25 48 -3 31 33 59 -20 -17 29 30 -4 -13 -11 45 35 40 -18 -30 53 37 51 -24 -12 60 -42 -7 52 -31 -5 56 -39 -14 -16 -44 58 -15 -6 -22 -29 -41 -1 -9 -8 -33 -62
right_child=4 5 3 26 20 8 22 13 -10 14 39 28 18 43 49 24 21 -19 23 -21 54 -23 38 -25 -26 -27 -28 55 34 44 -32 32 -34 -35 -36 -37 -38 47 -40 46 41 -43 50 -45 -46 -47 -48 -49 -50 -51 -52 -53 -54 -55 -56 -57 -58 -59 -60 -61 61 -63
leaf_value=-0.044796003844824864 -0.0085518261644293003 -0.0011575548743715418 -0.041556487179722233 -0.013502715283734321 -0.0017951532765966675 -0.01984859608444477 -0.0042337367290518268 0.0091953362329121584 -0.010073113081004373 0.0049439614785105838 0.029212439085687714 -0.044304951637078607 -0.0013291016098043696 -0.0046419610945243606 -0.0027111819722051363 0.016059803203945521 -0.012647213420130874 -0.0059055900461486323 -0.0056273265046438252 0.031229943568244673 0.0031647525351470134 -0.014705129257833766 -0.017534282787551765 0.0077187886113185555 -0.014573573237695182 0.002454969111073358 0.0053054641644069127 -0.0055256391240492125 0.02536446061424541 0.026824273817318275 -0.0029065760673358271 0.014122411876572837 -0.0046166819390423986 0.015499777568217904 -0.020984874726936262 0.010739041922497802 -0.0046027157575738459 -3.0520351384102851e-05 -0.0032647284664793631 -1.1346154955686531e-05 -0.018452480055753891 0.015980425117697081 -0.010320229380377516 -0.0037118866692901057 0.011132175173966924 -0.027736546224310737 -0.018776885975099564 -0.025478404812032375 0.010116902022688966 0.011504722036344721 0.0039019549782044745 0.013675113265125868 -0.017851219293454464 0.015837900525428165 0.019599066795849929 -0.034110910018390499 0.02958525001964309 0.0015200274091539286 -0.0069772081677710249 -0.03091421681290428 0.011662408610497792 0.0030585881117593471
leaf_weight=59.753324940800667 1781.0559908151627 1448.0064013302326 1401.3751282691956 1422.5105485469103 5313.5436149314046 620.01159709692001 202.81758274137974 917.40377995371819 2589.3473984152079 615.43012291193008 164.86822307109833 351.59174802154303 1147.2707750797272 1179.968606621027 3644.1948436051607 1760.1390641182661 259.21655309200287 618.24287590384483 3064.2138889208436 308.22042971849442 591.28856316208839 748.80969570577145 1274.6903919130564 2360.5123581588268 289.25764694809914 873.30780519545078 503.62888836860657 302.88273325562477 75.28087493032217 2398.4538475126028 718.46223126351833 4118.7142203077674 1110.9895380288363 888.66551871597767 1498.4752196446061 1533.6371012702584 6185.4323229342699 527.72124001383781 1636.6148268952966 2207.8059542477131 366.97405368089676 197.36939068138599 1293.5748580694199 3418.6014641001821 724.29030399024487 1284.1139966398478 365.11052441596985 340.4860899746418 9542.2083848491311 802.55129809677601 1328.0866966992617 1453.1739491671324 1960.5660244077444 437.32213841378689 2186.478011123836 310.9853186160326 151.26075923442841 1278.7032969892025 922.16198939085007 1017.3578238040209 3659.3943879529834 3641.6593392938375
leaf_count=253 7575 6196 6257 5888 24475 2600 912 4029 10757 2643 718 1814 4995 4987 15291 8178 1092 2594 13811 1358 3186 3205 5764 10770 1253 3786 2095 1334 352 10886 2955 20033 5134 3853 6865 7211 26288 2223 7359 9348 1593 868 5514 14367 3229 5329 1539 1432 43458 3481 5698 6515 8157 2066 11501 1412 661 5448 3985 4622 17114 17085
internal_value=4.17859e-05 -0.00548808 -0.0139164 -0.0210058 0.00330299 -0.00111038 -0.00884399 0.000985629 0.0015062 0.00353059 -0.00706529 -0.014068 0.00451272 -0.00234434 0.00629066 0.000706017 0.0103049 0.0141423 0.00595714 0.00454104 0.0069904 -0.00027794 -0.0145335 0.000180447 0.0117311 0.0168308 -0.0138126 -0.0350151 -0.0234397 0.0201877 -0.0166245 0.00574758 0.00788456 0.0091381 -0.018753 0.00190546 -0.00147874 0.00316517 -0.00951641 0.000847949 0.00904378 -0.0064032 -0.00632209 -0.0081083 0.0231894 -0.0202635 -0.00087877 -0.0100283 0.00888843 -0.000143478 -0.00311679 0.00664592 -0.0128913 -0.000451735 0.0161032 -0.0200389 0.00189809 -0.00057958 0.00108876 -0.0264865 0.00980763 0.00737195
internal_weight=95396.2 35388.7 12096.8 5943.96 60007.5 23291.9 5887.71 36850.2 17404.2 14814.8 6152.85 3263.8 17895.3 18954.9 11573.2 12395.8 7126.42 5229.72 16114.2 1756.23 23157.4 1896.69 4131.48 5424.73 2049.4 4611.48 3928.72 2015.24 1925.35 3738.17 3425.09 20379.6 13095.1 1147.88 1573.76 7284.5 10346.4 4160.95 2911.31 2889.05 11984.1 564.343 3241.67 6559.14 3122.74 2706.62 2724.18 868.207 10689.5 4446.75 2621.66 3292.74 3140.53 5750.87 2777.77 613.868 2359.07 1338.46 1839.57 1220.18 11419.8 7301.05
internal_count=425397 153108 52268 25270 272289 100840 26211 162023 74629 63872 26998 14732 80609 81414 50060 53903 31288 23138 73034 7554 110266 8150 18657 24581 9431 20544 16267 9003 9031 16758 14172 95579 61827 4945 7217 33752 44472 18184 13123 12266 56693 2461 13812 27511 14115 11217 11548 3655 48453 18772 11212 14529 13144 26541 14687 2746 10009 5701 8014 5534 54232 34199
is_linear=0
shrinkage=0.05


Tree=56
num_leaves=63
num_cat=0
split_feature=2 2 5 4 1 82 5 5 180 4 9 136 127 78 34 54 203 78 118 97 105 2 148 188 2 213 162 151 118 34 200 189 82 170 9 82 151 255 175 135 129 50 24 166 4 4 22 69 114 44 154 114 24 196 229 4 121 95 180 21 154 182
split_gain=593.087 313.652 279.38 247.311 152.095 150.416 135 126.456 122.055 119.606 117.108 109.356 98.4226 90.6908 87.4784 84.9918 93.4972 83.6384 77.0763 74.8706 95.7035 74.5559 73.3316 65.5478 64.2416 63.2373 61.6967 61.5804 59.7521 59.6026 58.963 57.7574 57.3096 56.9536 56.4365 55.6699 53.7765 53.6458 53.354 51.4841 50.9319 49.8136 49.4494 48.7462 48.7137 48.3967 47.0616 46.9928 57.3336 46.9634 46.6573 46.4951 48.3266 46.1144 45.9121 44.3835 42.6649 42.5838 41.7818 41.638 40.4733 40.3111
threshold=2.477391362190247 1.3261731266975405 1.0000000180025095e-35 0.50574335455894481 -59499999.999999993 0.021766662597656253 0.12500000372529033 0.17500000447034839 -0.065093994140624986 0.15626177191734317 -0.045761108398437493 -0.029365539550781247 -0.064666748046874986 0.044174194335937507 -0.031509399414062493 -0.085968017578124986 -0.079132080078124986 -0.038528442382812493 0.037673950195312507 -0.029792785644531247 -0.034835815429687493 1.9310117363929751 -0.024742126464843747 -0.039291381835937493 0.9337160885334016 -0.018806457519531247 -0.0056018829345703116 0.10800170898437501 -0.10000610351562499 -0.099395751953124986 0.054428100585937507 0.045150756835937507 0.071014404296875014 -0.055343627929687493 0.070770263671875014 0.032882690429687507 -0.088409423828124986 -0.0043354034423828116 0.044876098632812507 -0.012729644775390623 0.077178955078125014 -0.023231506347656247 -0.028816223144531247 -0.037124633789062493 0.09712498635053636 0.3492953628301621 -0.014720916748046873 -0.068023681640624986 0.10043334960937501 0.070770263671875014 0.032516479492187507 -0.030311584472656247 -0.043685913085937493 -0.023246765136718747 -0.053390502929687493 0.97841215133667003 0.025306701660156253 0.055953979492187507 -0.10006713867187499 0.079803466796875014 -0.038711547851562493 -0.076690673828124986
decision_type=2 2 2 2 2 2 2 2 2 2 2 2 2 2 2 2 2 2 2 2 2 2 2 2 2 2 2 2 2 2 2 2 2 2 2 2 2 2 2 2 2 2 2 2 2 2 2 2 2 2 2 2 2 2 2 2 2 2 2 2 2 2
left_child=1 3 9 5 7 25 10 12 26 -3 18 32 21 23 57 47 -17 39 33 20 30 45 -9 -14 -20 44 37 29 -8 -25 -18 -23 40 54 -19 -15 -16 -2 -22 -11 -6 -24 -31 46 -1 -4 -21 48 -10 -39 58 -13 -53 -45 -5 -38 -29 -12 -44 -30 -42 -54
right_child=8 2 4 6 11 -7 28 22 15 17 14 51 13 35 36 16 19 34 24 43 38 31 41 27 -26 -27 -28 56 59 42 -32 -33 -34 -35 -36 -37 55 49 -40 -41 60 -43 50 53 -46 -47 -48 -49 -50 -51 -52 52 61 -55 -56 -57 -58 -59 -60 -61 -62 -63
leaf_value=-0.02495067450528702 -0.0020781582751595324 -0.0079036813415240183 -0.029613394380776831 -0.017170460340911981 0.0043169169539021843 -0.032460655750238827 0.014375907506235748 -0.019666293633852125 -0.011848674838293114 0.022301858978701201 -0.01399642828378803 0.0016183052513634528 -0.005068772901121215 -0.0043828993526922834 0.016909954520835383 0.018514604611257177 0.017892038801280829 0.0027159846481967578 -0.011326120653513327 0.00064816172519405592 0.0069866890939644507 0.00020295176942181477 -0.014928218438229272 0.0121287399361491 0.030530398804550399 -0.022233290744732546 0.016353792424872223 0.027767513074381928 -0.025434077362765702 0.0042088602262692291 -0.00076291278841953271 -0.014766413280014316 -0.017029505391736598 -0.0059258591316596505 0.019244914158029432 -0.017143831146285371 -0.0030185850465366242 0.014256777096528742 -0.0055506575070277363 0.0096030214369786128 -0.040662074876477355 -0.004156294410688462 0.0072844366020098335 0.0073717430477407879 -0.0049182324633668178 -0.011489336974981012 0.014352893111370394 -0.0014503509794700281 -0.057550706548491919 -0.005773803464727713 0.0030367027505599576 0.027764813300961595 0.030413682035445356 -0.00068313361855087864 0.019940906212352796 -0.049070336495993135 0.0034756114800904101 -0.045668740725037994 -0.006250495404742218 0.0078581753212717299 -0.0049712881679529024 0.0075798691492584948
leaf_weight=360.50257787108421 1142.7475580573082 1207.4848475903273 582.25589282810688 98.897393256425858 1834.0012446790934 1410.0689981281757 119.93015846610069 1589.0371077209711 441.21427930891514 1419.7231943458319 1248.125326231122 952.4710189551115 4804.5619769692421 2908.5470593571663 347.72271452844143 1165.1397724747658 2581.8825406953692 4183.8548574894667 111.36938139796257 1121.7394980862737 2729.0100979581475 1970.0528553575277 1529.4470195323229 1094.3740655481815 505.65152418613434 1227.3244639113545 3291.2657817304134 368.10378254950047 1085.180273398757 4561.224362835288 506.57018487155437 956.57660032808781 558.28680118918419 905.84109136462212 588.23843938112259 1209.9492021650076 2916.4465025663376 1920.1867061033845 1230.4544406756759 1827.8379504829645 113.68652364611626 3596.9276646822691 639.34803846478462 2145.3613543212414 1896.0169969797134 1006.0192321389914 1417.9249636083841 1415.3444782942533 80.471498191356659 344.64103212207556 2841.9615292102098 544.03091423213482 222.10641214251518 10321.43199121207 506.93539506196976 52.2828219383955 354.85829827189445 115.3125946521759 5213.1210086941719 102.35608619451523 259.51534314453602 1457.4734009951353
leaf_count=1643 5533 5041 2430 422 8017 6690 531 6742 1985 6571 5429 4338 20358 12321 1596 5731 12473 18240 486 5283 13162 8403 6389 4742 2296 5699 16700 1633 4933 19620 2394 4001 2399 3864 2679 5072 12792 9581 5677 8091 478 14999 2794 9862 8456 4168 7047 6571 362 1640 12084 2576 1064 46682 2193 224 1522 504 22133 443 1096 6688
internal_value=-9.14941e-05 -0.00288791 -0.00110103 -0.0098089 -0.00286354 -0.0186854 -0.00445477 -0.00411169 0.00547441 0.00676209 -0.00162774 0.0045359 -0.00265758 -0.00138312 -0.00605001 0.00387702 0.00471648 0.00897096 0.00809278 0.00398671 0.00823732 -0.00942937 -0.0102839 1.6191e-05 0.0229694 -0.0131023 0.0114717 0.00163727 -0.0191639 0.000919393 0.014833 -0.0046932 -0.00273318 0.00200942 0.00475705 -0.00813511 -0.00166522 0.00675279 0.00309013 0.0151597 0.000888985 -0.00737237 -6.88492e-06 0.00198996 -0.00812826 -0.018148 0.00830231 -0.00618287 -0.018995 0.0112075 -0.00221876 0.0108641 0.014822 0.000703478 0.0138645 -0.00384586 0.0158654 -0.0167066 -0.00477089 -0.0225604 -0.0159232 0.0106157
internal_weight=95260.4 63405 50395.1 13010 41167.9 4893.91 8116.05 35226.4 31855.4 9227.14 6808.58 5941.57 28511 23996 4679.89 25156.5 23219.5 8019.65 2128.69 22054.4 7047.92 4514.9 6715.41 19877.6 617.021 3483.84 6698.84 15073 1307.47 14350 3088.45 2926.63 2765.49 1511.67 4772.09 4118.5 3316.45 3407.58 3959.46 3247.56 2207.2 5126.37 13255.7 15006.5 2256.52 1588.28 2539.66 1937.03 521.686 2264.83 8694.43 3176.08 2223.61 12466.8 605.833 2968.73 722.962 1363.44 5852.47 1187.54 373.202 1679.58
internal_count=425573 274890 216689 58201 176067 22488 35713 149411 150683 40622 29806 26656 121281 102279 20545 117229 108311 35581 9261 102580 33706 19002 28130 84886 2782 15798 33454 64528 5907 61373 14867 12404 11990 6479 20919 17393 14612 16754 18839 14662 9591 21388 56631 68874 10099 6598 12330 8918 2347 11221 37011 14666 10328 56544 2615 13016 3155 5933 24927 5376 1574 7752
is_linear=0
shrinkage=0.05


Tree=57
num_leaves=63
num_cat=0
split_feature=3 3 4 213 4 3 240 6 3 259 102 20 95 6 259 135 93 240 6 136 82 4 253 254 199 207 259 9 3 103 3 14 48 104 6 177 103 185 173 256 3 259 112 254 6 6 6 103 222 173 69 49 19 109 34 3 69 64 6 124 128 106
split_gain=454.63 315.41 199.647 174.336 149.991 145.435 116.025 101.233 96.408 91.3427 90.705 87.9042 81.8672 95.6725 81.7893 79.2751 71.7113 69.6162 64.8837 64.5333 62.4652 62.2681 61.4412 61.3813 58.063 55.4954 55.4286 54.6694 53.7484 53.7085 56.9492 53.052 50.9483 50.4597 49.6763 48.2141 47.2942 43.9343 43.5757 43.2932 42.0754 41.9916 42.2787 41.8311 41.6325 42.0957 41.0942 46.863 45.4871 42.8761 40.7532 40.3243 39.6202 39.529 39.468 38.5244 37.9095 37.6179 37.1557 36.9358 39.1226 38.8552
threshold=0.10837652906775476 0.91435948014259349 0.93205398321151745 0.032577514648437507 0.11496601626276971 0.2860341370105744 1.0000000180025095e-35 0.94499999284744274 0.013127712067216636 0.077056884765625014 0.012599945068359377 0.027488708496093753 -0.095184326171874986 0.84499999880790722 0.12283325195312501 0.056747436523437507 -0.10763549804687499 -0.043624877929687493 0.64499998092651378 0.078948974609375014 -0.048202514648437493 0.029679208062589172 -0.039108276367187493 0.095184326171875014 0.024650573730468753 -0.065277099609374986 -0.018989562988281247 -0.0053310394287109366 0.72200968861579906 -0.068023681640624986 0.77115154266357433 0.025398254394531253 -0.078765869140624986 -0.0029363632202148433 0.17500000447034839 -0.0095100402832031233 -0.060806274414062493 -0.028846740722656247 0.099212646484375014 0.021202087402343753 0.98232102394104015 0.0076808929443359384 0.012958526611328127 -0.075714111328124986 0.94499999284744274 0.80500000715255748 0.60500001907348644 0.049240112304687507 -0.039993286132812493 -0.062896728515624986 0.055679321289062507 0.080230712890625014 -0.086212158203124986 0.047592163085937507 -0.15850830078124997 0.044915270060300834 0.025917053222656253 0.059646606445312507 0.9650000035762788 0.055038452148437507 -0.017097473144531247 -0.066314697265624986
decision_type=2 2 2 2 2 2 2 2 2 2 2 2 2 2 2 2 2 2 2 2 2 2 2 2 2 2 2 2 2 2 2 2 2 2 2 2 2 2 2 2 2 2 2 2 2 2 2 2 2 2 2 2 2 2 2 2 2 2 2 2 2 2
left_child=8 2 3 4 21 9 11 10 -1 15 31 14 13 39 29 26 -8 -17 -4 28 59 -2 -23 25 -12 -22 37 44 -9 -7 41 35 -27 -24 -3 -5 38 -6 -13 -10 -36 42 -31 -16 45 -19 -34 48 51 -49 -35 -48 -43 -28 -14 -56 57 -53 -50 60 61 -18
right_child=1 34 18 7 5 6 16 19 12 -11 24 36 54 -15 43 17 20 27 -20 -21 23 22 33 -25 -26 32 53 -29 -30 30 -32 -33 46 50 40 -37 -38 -39 -40 -41 -42 52 -44 -45 -46 -47 47 49 58 -51 -52 56 -54 -55 55 -57 -58 -59 -60 -61 -62 -63
leaf_value=-0.035220770814904261 -0.017317956553713224 -0.052760641666856137 -0.029567440716624618 -0.010656459935740964 0.016995206360841841 0.0039722276309521664 0.01999982354882306 0.016702244285700808 0.0017484299136725741 -0.014104004356657067 0.00370552739157397 -0.0041404857687247724 0.03075255929576708 -0.011172970953492942 -0.025236682225044896 0.015483079648556162 0.027634326361199724 -0.0010367858213549898 -0.0078378269149058256 -0.017366720830851754 0.012983042304866086 0.0051930073302499016 -0.00071713523214598021 -0.008180262693418339 -0.0047457714535642818 -0.010803186256202668 -0.0024176556575347136 0.0049329626395794753 -0.0074587187032064996 0.013519004914405844 0.006347657311742293 -0.012126025476655214 -0.010662171864780733 -0.016307223934026983 -0.0084555471943475995 -0.00048210347917431427 0.0055404406739031631 0.0046227964192072446 -0.048338642714627775 0.024676224826894331 -0.025490944384640515 -0.0055495672020338853 0.022994521671541035 0.0025889851175800354 0.0081002732135158333 -0.020048728486607777 0.0027287798620306888 -0.020781742077057637 0.0031969525191377136 0.014723754393255002 0.0073178214283630251 -0.015490065344454532 0.012712166231892894 0.0090422316873264141 -0.018519701845465933 -0.010100636009210764 0.0079605444919635445 0.011735118552810659 0.019932910427480008 -0.0056838684163533319 0.012927702256253863 0.0015946169246816657
leaf_weight=384.64924865216017 722.97745522856712 66.511050924658775 394.56281249970198 1715.4864798039198 1065.3387655094266 1875.7375184074044 642.52234727144241 1365.4347228854895 446.893161252141 1086.8467508107424 5500.9114271178842 840.24390526860952 52.301564455032349 907.51091299951077 207.19732678681612 325.53978350758553 154.75511005520821 375.96804077923298 2624.9310758709908 200.31425474584103 1159.1805671006441 2034.0961876139045 2084.0558076798916 1483.7531158775091 3221.7712511941791 780.81841909885406 3458.3851305693388 537.18417326360941 276.21220646798611 2392.6804334819317 2443.384527310729 2932.8113924711943 577.24053750187159 1243.3650589585304 5392.3379908800125 3620.4774566069245 4240.1178128346801 2197.0625018924475 58.75547881424427 381.0442116856575 387.94303357601166 321.4660753980279 2329.7718114703894 384.06432740390301 204.60456459224224 1291.3955129384995 1438.9797514528036 90.874812558293343 7292.2351035326719 1161.4035755544901 213.32577177882195 1143.2474152743816 3823.9229725822806 960.660051882267 1893.9985442757607 4828.4335454180837 274.81197582185268 141.96896396577358 346.49835710227489 460.96413485705853 2788.0273204296827 1787.4961827397346
leaf_count=1652 3091 270 1704 7429 4890 8607 2915 6277 1902 4940 24410 3807 224 3807 999 1518 689 1648 11326 931 5392 8871 9220 6472 14029 3460 15331 2451 1287 11450 11515 12670 2550 5374 23289 15765 19602 10075 257 1730 1643 1508 11523 1743 917 5571 6774 400 32571 5432 938 4934 17836 4319 8117 20909 1233 619 1679 2076 12707 7872
internal_value=-3.1802e-06 0.00110811 0.00192457 0.00241745 0.00376559 0.00464587 0.00605064 -0.00176599 -0.0107645 -0.000317524 -0.00297309 0.00891348 -0.00965509 3.44108e-05 0.010995 0.00112221 0.00355747 -0.00618695 -0.0106861 0.00936466 0.00305543 -0.00352265 -0.00173081 0.00149964 0.000583807 0.00249704 0.00372483 -0.00912035 0.012635 0.0118107 0.0131101 -0.00672486 0.00157862 -0.00570877 -0.010103 -0.00375449 0.00333183 0.00866698 -0.00707962 0.0123176 -0.00960309 0.0149725 0.0181975 -0.00718818 -0.0131536 -0.015765 0.00235489 0.00298769 0.0019101 0.0121327 -0.0128448 -0.00330723 0.011295 7.51013e-05 -0.0121368 -0.0124751 -0.00887306 -0.0124759 0.00395862 0.00781668 0.00913323 0.00368257
internal_weight=95037.5 86142.6 80295.8 77276.3 58442.9 52145.1 40642.1 18833.4 8894.83 11503 16991.5 18917.3 8510.18 1735.45 13778.2 10416.1 21724.8 2734.69 3019.49 1841.96 21082.3 6297.82 5574.84 15891 8722.68 14407.3 7681.45 2409.15 1641.65 13187 11311.2 8268.78 13248.1 3540.75 5846.79 5335.96 5139.12 3262.4 898.999 827.937 5780.28 8867.84 4722.45 591.262 1871.97 1667.36 12467.3 11890 10637.7 1252.28 1456.69 2999.01 4145.39 4419.05 6774.73 6722.43 1560.03 1285.22 7638.73 5191.24 4730.28 1942.25
internal_count=425147 386806 361604 348574 265776 238282 186622 82798 38341 51660 74303 88847 36689 7439 65181 46720 97775 12105 13030 8495 94860 27494 24403 71516 38439 65044 34615 10587 7564 62439 53832 35864 59652 15532 25202 23194 23666 14965 4064 3632 24932 42317 22973 2742 8136 7219 56192 53642 47810 5832 6312 13560 19344 19650 29250 29026 6786 5553 34250 23344 21268 8561
is_linear=0
shrinkage=0.05


Tree=58
num_leaves=63
num_cat=0
split_feature=2 4 5 2 2 0 106 9 0 148 225 2 183 9 2 180 62 17 82 96 80 227 45 142 78 88 183 27 5 162 191 133 200 189 44 96 141 182 54 179 218 119 179 251 157 156 242 95 179 96 255 148 154 4 4 63 72 98 133 50 96 234
split_gain=591.626 279.715 281.371 263.262 149.393 137.222 122.317 113.289 106.073 101.584 98.1553 95.6749 88.5776 80.3002 80.853 80.0344 79.3983 78.7746 74.5439 72.5074 71.4887 78.2881 70.8497 64.2463 60.9354 69.005 57.216 56.4391 56.209 48.6699 48.6292 48.3519 47.8143 47.5519 52.5708 47.655 47.0637 46.8621 46.3979 46.1784 46.5934 46.3524 45.7302 45.4753 45.3174 47.5333 56.6267 45.3511 44.5348 44.2589 43.9387 43.8225 42.3064 42.2618 41.8169 41.7468 40.7251 40.4147 39.3481 69.6021 39.2937 39.2559
threshold=2.477391362190247 0.21236574649810794 1.0000000180025095e-35 1.5716223716735842 1.2613752484321596 0.12024999782443048 0.076690673828125014 -0.073089599609374986 0.13224999606609347 -0.035659790039062493 0.012912750244140627 1.0692129135131838 -0.048782348632812493 -0.064239501953124986 1.0420281291007998 -0.063018798828124986 0.043746948242187507 0.086517333984375014 0.0098152160644531267 0.022499084472656253 -0.046524047851562493 -0.065216064453124986 -0.073944091796874986 0.066314697265625014 0.0049457550048828134 -0.041763305664062493 0.0077762603759765634 0.010173797607421877 0.17500000447034839 0.037643432617187507 -0.0051441192626953116 -0.10116577148437499 0.033981323242187507 -0.091033935546874986 0.078033447265625014 -0.054061889648437493 0.054122924804687507 -0.0017333030700683592 0.00063896179199218761 0.014888763427734377 -0.076934814453124986 -0.10781860351562499 0.029853820800781253 0.027244567871093753 0.099945068359375014 -0.026313781738281247 0.080535888671875014 -0.044662475585937493 0.095916748046875014 -0.13250732421874997 -0.080902099609374986 -0.043045043945312493 -0.018760681152343747 0.89950752258300792 0.84553703665733349 0.14739990234375003 0.018867492675781253 -0.0041637420654296866 -0.068756103515624986 0.052474975585937507 -0.072296142578124986 -0.039932250976562493
decision_type=2 2 2 2 2 2 2 2 2 2 2 2 2 2 2 2 2 2 2 2 2 2 2 2 2 2 2 2 2 2 2 2 2 2 2 2 2 2 2 2 2 2 2 2 2 2 2 2 2 2 2 2 2 2 2 2 2 2 2 2 2 2
left_child=1 3 11 18 10 6 7 61 15 -5 12 55 17 14 -14 29 31 56 -1 27 60 38 33 26 25 -13 37 -7 39 58 -21 42 -12 -17 -35 -36 44 49 -22 40 -23 -42 -8 -26 45 46 47 -24 50 -11 -10 -30 -33 -29 -27 57 -4 -3 59 -2 -9 -6
right_child=8 2 4 9 5 19 16 20 48 23 32 24 13 -15 -16 22 -18 -19 -20 30 21 28 36 -25 43 54 -28 53 51 -31 -32 52 -34 34 35 -37 -38 -39 -40 -41 41 -43 -44 -45 -46 -47 -48 -49 -50 -51 -52 -53 -54 -55 -56 -57 -58 -59 -60 -61 -62 -63
leaf_value=-0.01554670364997226 0.023952460362387809 0.00067250855360214377 0.007998140515428024 -0.014712235244280595 0.0024454662510459708 -0.011036235747042716 0.021275901797333158 -0.015707386478135143 -0.0094189471058178029 0.029226587688738051 -0.023699292499193156 0.0017717176438425402 -0.014286076008379601 -0.013834158953863166 0.023169458356027423 -0.0066889356621718096 0.011831618534858916 0.042906746056626949 -0.031530616748571882 0.0066316391221539388 -0.011404520573025385 -0.0015639209910869468 0.0055279876721069862 0.0076422174302515607 -0.0025244201107843343 0.017039842006160121 0.00086644447715965604 -0.0011992627854278523 -0.021117219063684693 0.023266505973787134 -0.0044439775808132074 -0.018166031721079549 -0.0085132615519975478 0.01706315031451942 0.017356762426182403 -0.0087669418715286464 -0.00057441527335035114 -0.018260147817549702 0.0070715079392059052 0.0059655562076287444 -0.0049383816598473976 0.017708856708515762 -0.009899207623556833 0.010394606815322144 -0.0093079431571085856 0.0093382028557588755 0.020310337981867335 -0.0090502638369327933 0.012715511483049266 -0.0064969915047590233 0.001820918526067355 0.0038913494902226482 -0.0065248010575609085 -0.022618044568672349 0.0046808545574072548 0.018917430986770716 -0.013148188795803274 -0.013574966577095782 0.0069319178177725208 -0.0030628197509201672 0.0008399354131838478 -0.0086988526344536285
leaf_weight=1799.7103438675404 1028.4085901007056 1243.3881405591965 760.04319483041763 2216.3873491287231 1221.8330605328083 5667.1717062592506 240.89848880469799 438.2299370020628 963.22310893237591 88.467262968420982 1444.1885528415442 1368.2293146252632 255.35494486987591 2466.8880402520299 328.14607766270638 305.686468526721 526.36824300885201 128.70211938023567 1230.4895561337471 1654.8160521686077 793.58400905877352 406.78588286042213 1053.168115645647 1281.2996639311314 1710.0665293782949 3523.6501962393522 2793.6050190329552 3056.3288775384426 204.46095110476017 1011.0921219810843 2467.6191288083792 1271.9910165518522 810.71896584331989 2711.2111081108451 293.48046167939901 427.76938734948635 3501.7593652233481 936.0084652453661 592.79227110743523 2563.3269300460815 241.09368182718754 3503.0874426960945 228.13161896169186 1130.8075235784054 445.26470872759819 6281.3513289615512 332.29861640185118 1079.1272358298302 838.50809843838215 2828.5617622286081 8849.358091250062 1187.1545536518097 2022.1450210511684 248.084367826581 850.51662287116051 198.51574222743511 323.89161604642868 828.89965282380581 2323.727981120348 310.01213359832764 1957.8440410345793 2233.9558932930231
leaf_count=8080 5468 5487 3351 9306 5141 23696 1075 1867 4256 376 6523 6032 1127 11024 1422 1526 2451 615 5769 7163 3476 1780 4822 5423 7401 16054 11757 12951 884 5372 10564 5348 3802 14022 1543 2038 15941 3906 2620 11395 1039 15921 975 5050 2006 29683 1629 4970 3934 11837 40327 5123 8539 1021 3676 874 1405 3663 11488 1637 8504 9333
internal_value=0.000161604 -0.00263325 -0.000928412 -0.00911578 -0.002899 -0.00152217 0.00112183 0.00320848 0.00573039 -0.00525172 -0.00981102 0.00619634 -0.00534636 -0.0098897 0.00678156 0.00778324 -0.00634136 0.00608113 -0.0220456 -0.00548646 0.00552475 0.00747261 0.00614048 -0.00260536 0.00861068 0.0115735 -0.00458168 -0.00800835 0.00935036 0.0135566 2.49463e-06 -0.00888575 -0.0182456 0.0121899 0.0138726 0.00187225 0.00435809 -0.00853098 -0.00350506 0.0112456 0.014504 0.0162496 0.00612384 0.00261984 0.00623718 0.00702957 0.00114431 -0.00185066 0.00166245 -0.00540393 0.000716743 0.000204479 -0.0110241 -0.00281367 0.0146384 -0.00292925 0.00167309 -0.00503017 0.0108702 0.0176974 -0.00219178 -0.00475909
internal_weight=95029.7 63274.2 50099.7 13174.5 39245.6 32727.7 19633.7 15344.1 31755.4 10144.3 6517.93 10854.1 4263.03 3050.39 583.501 21104.4 4289.53 1212.64 3030.2 13094 11888.4 9492.29 16431.1 7927.94 8583.27 5742.4 6646.64 8971.58 8105.91 4673.24 4122.44 3763.17 2254.91 3738.15 3432.46 721.25 12693 3853.04 1386.38 6714.29 4150.97 3744.18 469.03 2840.87 9191.21 8745.95 2464.59 2132.3 10651.1 2917.03 9812.58 1391.62 3294.14 3304.41 4374.17 2270.8 1083.93 2072.29 3662.15 1338.42 2396.07 3455.79
internal_count=425488 274826 218372 56454 170135 140866 85471 67083 150662 42605 29269 48237 18944 13573 2549 102145 18388 5371 13849 55395 52609 42238 78180 33299 38213 25762 27876 37668 36142 23965 17727 15937 10325 19129 17603 3581 59051 16119 6096 30135 18740 16960 2050 12451 43110 41104 11421 9792 48517 12213 44583 6007 13887 13972 19730 10024 4756 9150 18593 7105 10371 14474
is_linear=0
shrinkage=0.05


Tree=59
num_leaves=63
num_cat=0
split_feature=2 3 5 2 27 3 3 3 61 180 3 144 52 2 7 5 213 229 234 21 2 139 110 104 93 26 102 2 17 128 91 47 260 2 215 240 248 135 146 46 202 20 132 155 2 240 45 115 24 254 179 21 29 17 213 131 78 72 83 40 209 5
split_gain=509.427 249.53 221.493 195.94 141.356 121.657 111.587 115.153 111.053 109.701 102.951 111.477 114.883 102.369 94.7127 95.4442 96.9695 87.341 83.238 105.218 100.937 78.9853 78.3541 77.5811 75.0093 73.3036 72.328 65.7594 72.2243 58.5308 58.2691 57.0096 56.4761 54.786 53.9125 52.9792 68.4533 52.8575 52.6022 54.5866 50.2855 49.4602 47.3108 47.0466 46.791 52.412 49.9669 46.231 57.3453 54.0354 45.4517 45.2413 45.4096 44.7783 44.0446 43.9685 43.8467 43.4751 43.438 47.7163 43.2642 42.8603
threshold=2.391125082969666 0.072570700198411955 1.0000000180025095e-35 1.311547636985779 0.054122924804687507 0.95416316390037548 0.41080522537231451 0.82998365163803112 0.071563720703125014 -0.077911376953124986 0.056805245578289039 -0.084686279296874986 -0.00071978569030761708 1.0692129135131838 -0.086700439453124986 0.12500000372529033 -0.0040760040283203116 0.024162292480468753 -0.074920654296874986 0.084930419921875014 1.0692129135131838 -0.044570922851562493 -0.010448455810546873 0.024299621582031253 -0.0010981559753417967 -0.074981689453124986 0.018440246582031253 1.4556125998497011 0.030693054199218753 0.0095634460449218767 0.062652587890625014 -0.068756103515624986 0.090850830078125014 1.2270444035530093 0.069122314453125014 -0.015254974365234373 0.052352905273437507 0.057601928710937507 -0.12167358398437499 -0.034408569335937493 -0.037399291992187493 0.0080680847167968767 0.068939208984375014 -0.024116516113281247 3.4241098165512089 -0.018470764160156247 -0.046188354492187493 -0.080352783203124986 -0.016624450683593747 -0.13336181640624997 0.089019775390625014 -0.053024291992187493 -0.029975891113281247 -0.0041027069091796866 0.026084899902343753 0.017539978027343753 0.028907775878906253 0.044967651367187507 -0.064178466796874986 -0.039230346679687493 0.068267822265625014 0.075000001117587103
decision_type=2 2 2 2 2 2 2 2 2 2 2 2 2 2 2 2 2 2 2 2 2 2 2 2 2 2 2 2 2 2 2 2 2 2 2 2 2 2 2 2 2 2 2 2 2 2 2 2 2 2 2 2 2 2 2 2 2 2 2 2 2 2
left_child=1 13 21 6 9 8 33 18 10 22 -2 12 -12 -1 -13 16 35 25 42 20 -20 43 -5 34 55 41 47 -23 31 -15 -9 -29 60 61 37 36 -16 -6 -17 50 58 -11 54 -3 45 -14 -47 -27 49 -49 -40 -18 -53 -42 -8 -19 -45 -50 -10 -60 -22 -4
right_child=5 2 3 4 23 -7 7 30 40 17 11 14 44 29 15 38 51 24 19 -21 32 27 -24 -25 -26 26 -28 28 -30 -31 -32 -33 -34 -35 -36 -37 -38 -39 39 -41 53 -43 -44 56 -46 46 -48 48 57 -51 -52 52 -54 -55 -56 -57 -58 -59 59 -61 -62 -63
leaf_value=-0.035325841188729105 -0.0097114291514361489 -0.014669206474123854 -0.015295767063881461 0.00835385481351659 0.014896823771418634 -0.012418475929803574 0.0091278096481253786 -0.023322253172878497 -0.040376942185540693 -0.0063420584164657796 0.02262347182121174 -0.0061606178964269875 0.012923356846925688 -0.01693604717018167 0.02137692420337135 -0.027855027344883439 0.011744678608191641 -0.0085661553995887377 -0.00054808703638086268 0.024155388834542414 -0.013863007371880712 0.0009737529010406666 -0.004870573880105861 -0.0058467378251390624 -0.014351079888310442 -0.01852067573787233 0.0033177447958301822 -0.0035232133307818653 4.9934277508498963e-06 -0.0034707964491845419 0.0022359265386354267 0.015075218728523338 -0.066657441909083265 -0.0030261618513961436 -0.009177180702591041 0.0096052789261016104 -0.0037355334924506233 0.00042688952533947864 0.0050251591316919832 0.00016594422786624937 -0.011147787130540541 -0.022885094581797535 0.023642212870503252 0.005311871171558344 0.026473076386292805 0.01123241246588662 -0.01029879259363835 -0.027493198333960689 -0.0085634379287949803 0.0029845749437025556 0.019089361567923499 -0.0060544595882322041 0.0048499405735136598 0.0072708091528169904 -0.023065284163509309 0.0012034431699657589 -0.013924415915999423 0.0024018078180415652 -0.021474818627638878 0.00023301179318481561 -0.044712322583720286 -0.028425308354383356
leaf_weight=532.11577481031418 999.48348253965378 708.71022753417492 1406.4637085348368 3163.3025569915771 2563.168428093195 1000.2343608289957 459.77313254773617 1126.1416428238153 122.72302907705307 1658.3928995877504 2044.8476191610098 1670.0234712660313 926.10265798121691 2097.1718832328916 2331.7782095372677 140.16197188198566 1715.5737392306328 2902.2179991230369 1440.8885208368301 260.89673797786236 863.82360853254795 3483.5442882031202 1732.9781416803598 1071.1511063426733 3451.8347544521093 507.311084613204 5536.8422805517912 462.78752143681049 1428.2692781686783 1312.505691036582 277.80602356791496 3731.3286267518997 62.499029770493507 501.32024269551039 352.88992473483086 4716.5891779065132 306.78110924363136 837.25822223722935 2907.5702215582132 6585.8204914331436 481.4216735213995 620.68348059058189 417.18676306307316 1247.2417454570532 259.2047895938158 409.04838509857655 785.03352579474449 150.58226700872183 4345.5926290601492 3583.6657651811838 715.32216542959213 1221.6109948009253 4357.6089055687189 1043.3770972341299 137.08862864971161 1908.5478749722242 387.41408137977123 1140.8260243684053 439.79632544517517 594.60590235888958 130.29606698453426 1120.5308587551117
leaf_count=2773 4205 3043 6247 13838 11244 4338 2017 4981 548 7006 11082 7695 4696 8757 11963 633 8413 12077 6538 1212 3701 15419 7542 4608 14378 2225 23916 2035 6238 5512 1225 16705 259 2192 1492 22693 1496 3597 13715 30075 2166 2594 1854 5526 1267 1957 3473 764 18356 15290 3471 5639 19937 4896 594 8059 1673 4865 1946 2641 587 5608
internal_value=5.61964e-05 -0.00279345 -0.00192514 -0.00354599 -0.00193749 0.0047656 -0.0105099 -0.00604798 0.00526022 -0.00318772 0.00607704 0.00658486 0.0139347 -0.0149453 0.00536507 0.00613525 0.00873179 -0.00448954 -0.00149696 -0.00599997 -0.0091585 0.00426566 0.00367319 0.00601797 -0.00872783 -0.00249306 -0.0012439 0.00637228 0.00971635 -0.0117553 -0.0182669 0.0130227 -0.0208887 -0.0181322 0.00940467 0.0127827 0.0184568 0.0113352 0.00245908 0.00287797 -0.00451271 -0.0108554 0.0107459 -0.00391954 0.00646127 0.00400338 -0.00291977 -0.00384032 -0.0030307 0.00174854 0.00780657 0.00464615 0.00246169 0.00145205 0.00170741 -0.00469087 0.000747138 -0.00628334 -0.0123672 -0.00900832 -0.0179472 -0.0211267
internal_weight=94897.8 59123 55181.3 43732 35527.2 35774.7 8204.71 5176.4 34774.5 30702.8 32092.6 31093.1 4424.24 3941.79 26668.8 24998.8 14649.9 25806.5 3772.45 2758.4 2497.51 11449.3 4896.28 4824.47 8262.6 17543.9 15264.8 9105.93 5622.39 3409.68 1403.95 4194.12 1056.62 3028.31 3753.32 7355.15 2638.56 3400.43 10348.9 10208.7 2681.92 2279.08 1014.05 2343.37 2379.39 2120.18 1194.08 9727.98 9220.67 3734.25 3622.89 7294.79 5579.22 1524.8 596.862 4810.77 1634.66 5486.42 1157.13 1034.4 994.12 2526.99
internal_count=425492 256547 239505 188866 151851 168945 37015 22968 164607 130910 152410 148205 22475 17042 125730 118035 70141 109530 16762 12297 11085 50639 21380 20941 34514 75016 65416 40397 24978 14269 6206 18740 4547 14047 16333 36152 13459 14841 47894 47261 12197 9600 4465 10242 11393 10126 5430 41500 39275 16054 17186 33989 25576 7062 2611 20136 7199 23221 5135 4587 4288 11855
is_linear=0
shrinkage=0.05


Tree=60
num_leaves=63
num_cat=0
split_feature=5 0 31 182 201 139 151 49 0 155 24 119 39 254 38 254 7 68 88 102 148 129 36 7 218 102 138 45 104 49 32 182 141 103 158 39 143 177 120 36 80 159 141 24 92 24 32 248 129 217 121 48 103 7 82 143 17 43 138 68 35 198
split_gain=209.942 178.703 107.815 98.2384 92.5443 89.7343 76.2093 97.0539 71.625 70.1956 65.0857 80.6193 61.9874 59.7382 58.1988 57.0486 58.8249 54.0172 53.6812 49.4727 46.1936 45.3966 44.8315 44.3504 44.0513 42.1848 41.52 41.3917 41.1074 40.7551 39.9978 40.0127 39.7973 39.3517 39.3238 39.0575 38.7228 47.3784 38.0976 37.7702 37.5118 37.446 36.949 35.9901 35.8553 35.5968 44.8287 35.5419 34.7258 33.9484 37.9525 33.712 33.2024 32.9263 32.8159 40.8881 32.4747 31.9855 31.5539 31.4726 30.9752 32.6469
threshold=0.12500000372529033 0.13625000417232516 -0.023170471191406247 0.027595520019531253 -0.081817626953124986 -0.026023864746093747 0.054336547851562507 0.075592041015625014 0.025249999947845939 0.035446166992187507 0.035476684570312507 -0.0085258483886718733 0.028526306152343753 -0.014949798583984373 -0.042831420898437493 0.024330139160156253 0.047683715820312507 -0.11318969726562499 -0.063385009765624986 0.010356903076171877 -0.034896850585937493 -0.067413330078124986 0.053573608398437507 -0.10781860351562499 0.070892333984375014 -0.031028747558593747 -0.093109130859374986 -0.051834106445312493 -0.058578491210937493 0.13409423828125003 0.013805389404296877 -0.048019409179687493 -0.058517456054687493 -0.015552520751953123 0.052993774414062507 0.034713745117187507 0.048416137695312507 -0.015071868896484373 -0.040054321289062493 -0.11050415039062499 0.0038270950317382817 0.027763366699218753 0.035903930664062507 -0.041458129882812493 0.072357177734375014 -0.050674438476562493 0.037704467773437507 -0.058792114257812493 -0.022300720214843747 0.012928009033203127 -0.086029052734374986 -0.010387420654296873 0.11221313476562501 0.010257720947265627 0.080291748046875014 -0.037551879882812493 0.10665893554687501 1.0000000180025095e-35 -0.015056610107421873 0.067474365234375014 0.032669067382812507 0.044296264648437507
decision_type=2 2 2 2 2 2 2 2 2 2 2 2 2 2 2 2 2 2 2 2 2 2 2 2 2 2 2 2 2 2 2 2 2 2 2 2 2 2 2 2 2 2 2 2 2 2 2 2 2 2 2 2 2 2 2 2 2 2 2 2 2 2
left_child=1 4 3 41 18 9 7 10 28 23 11 43 15 60 45 40 24 -5 -1 21 -15 -16 51 -6 27 36 -14 -17 -4 -23 31 -25 -20 42 35 -22 37 -12 59 -30 -10 -2 -11 -7 -42 -3 -47 -13 -19 50 -28 -8 54 -41 -34 -56 -49 -27 -18 -35 -9 -62
right_child=2 14 8 17 5 6 22 13 12 33 25 47 26 20 19 16 58 48 32 -21 34 29 -24 30 -26 57 49 -29 39 -31 -32 -33 52 38 -36 -37 -38 -39 -40 53 44 -43 -44 -45 -46 46 -48 56 -50 -51 -52 -53 -54 -55 55 -57 -58 -59 -60 -61 61 -63
leaf_value=-0.013939066544904052 -0.0099296727086563563 -0.00034045685859195192 0.012436267312965116 0.016239739005717981 -0.019399674428349854 0.010288822249147275 0.018848522570146395 0.015742971606369591 -0.0027489327023287728 0.0060633079491406944 -0.025188768864596187 0.020664359313730226 0.004710025029661561 -0.013153533001836405 -0.0139482919523563 0.0048460259801651976 -0.018694896166281404 -0.034627336357803955 0.012554299801621212 0.002275488918026819 0.0055821937762578905 -7.481752376400531e-05 0.0015808234505478821 0.0039078522533346803 0.004368546704466611 -0.00052659229696266463 0.020742884097538942 -0.0060746910812253634 -0.030997446330452455 -0.010316471810205504 0.0045047983881182606 -0.0059891227009089831 -7.1532291404344616e-05 0.007227957895172131 -0.0078126331490100172 -0.0081570977226741569 -0.019898968560422628 0.0072563534135926871 0.020078455582363576 0.006357175337742208 0.0061299683705514701 0.0055227584904637833 -0.0095358170173876627 0.0011733646743141743 -0.0046004265274196673 -0.011114451291127959 0.0013661752503689127 0.0097217187792346792 -0.015627093712101695 -0.0044890437885741104 -0.01420800597184961 0.0096273499905351265 -0.038278114939489793 -0.0039406973996063983 0.0068753587392849091 -0.032530185053244197 0.026226183857019254 0.010523895741099673 -0.0053960226804894594 -0.031114653289103802 -0.003542059605596995 0.024657599263149321
leaf_weight=923.43665341287851 1367.3885619044304 1909.9832458496094 1004.3493724986911 75.943289116024971 342.47571375966072 1737.0099481120706 1888.4793228805065 759.51735949516296 3848.2122939899564 1665.2143269628286 142.49929209053516 1361.4502893611789 550.48571021854877 874.09637190401554 881.97422079741955 1005.0733506679535 1001.8972844779491 625.48806134611368 506.6843446046114 8439.4115906506777 2360.8323193490505 5498.2085962742567 888.51631097495556 1380.0345516428351 1694.970515191555 1327.0920598506927 79.073910668492317 6315.1575862914324 89.44605627655983 1178.7996290177107 2280.9693461582065 3920.8512567654252 2631.2268232181668 447.63270829617977 1303.5472930818796 661.38211274892092 371.35992340743542 520.15928556025028 823.37384995818138 1743.4741656929255 3743.7587611824274 548.74557901918888 490.66334598511457 2873.3554474785924 982.03868468105793 3463.4198312759399 907.82014182955027 3343.1689664199948 394.75136833637953 1830.0409644246101 2757.5127613916993 2094.0617778971791 62.78439287096262 1397.6083678230643 103.83492892980576 177.44419751316309 326.76160310953856 1291.5125686377287 805.27593797445297 59.77468204498291 599.23128294944763 122.80728688836098
leaf_count=3962 6174 8292 4859 328 1498 8120 9004 3587 16723 7554 647 6588 2536 3778 3883 4581 4343 3044 2248 37470 10456 24298 4079 6183 7543 6037 353 27172 433 4981 10354 17641 11349 2218 5641 2938 1706 2431 3920 8102 17173 2439 2176 13384 4624 14841 4011 15657 1750 8141 12050 9643 310 6429 447 760 1543 6103 3484 280 2797 557
internal_value=-3.20059e-05 0.00164201 -0.00333909 -0.0123386 0.00361402 0.00444547 0.00613109 0.00476325 -0.00239897 0.0007749 0.00723383 0.00938694 -0.00343239 -0.000152928 -0.00195717 -0.00213083 -0.00454424 -0.0242699 -0.00322849 -0.000355809 -0.00267676 -0.0032935 0.0117384 -0.00182643 -0.00289305 0.00154928 -0.00827006 -0.00457481 0.00360672 -0.00188422 -0.00103019 -0.00341229 -0.000384803 0.00668593 -0.000557197 0.00257378 -0.00699739 0.000251855 0.0134436 0.000858677 0.000915641 -0.00550381 0.00251028 0.00460921 0.00389965 -0.00603514 -0.00852275 0.0137631 -0.0272983 -0.0098019 -0.0132267 0.0140036 -0.00259178 0.00177539 -0.00180962 -0.0180107 0.011198 0.00492552 -0.0127752 0.00265872 0.00870088 0.00128172
internal_weight=94803.6 62942.9 31860.7 3012.32 40663.2 36257.8 24846.8 19975.8 28848.4 11411 13294.4 9641.75 24613.5 6681.41 22279.6 19396.4 10822.4 1096.18 4405.41 15998.4 5199.86 7558.98 4871.06 7924.33 9015.2 3652.62 5217.11 7320.23 4234.88 6677.01 7581.86 5300.89 3481.97 3486.66 4325.76 3022.21 1034.02 662.659 1330.78 3230.53 8574.01 1916.13 2155.88 4610.37 4725.8 6281.22 4371.24 5031.38 1020.24 4666.63 2836.59 3982.54 2975.29 3141.08 2912.51 281.279 3669.93 2618.6 1807.17 507.407 1481.56 722.039
internal_count=425653 283372 142281 13735 185596 166520 114696 91970 128546 51824 62216 45292 108723 29754 97776 85643 47123 5122 19076 70632 22813 33162 22726 35676 39296 16924 23080 31753 19823 29279 34178 23824 15114 16148 19035 13394 4784 3078 6418 14964 38520 8613 9730 21504 21797 27144 18852 23788 4794 20544 12403 18647 12866 14531 12556 1207 17200 12140 7827 2498 6941 3354
is_linear=0
shrinkage=0.05


Tree=61
num_leaves=63
num_cat=0
split_feature=2 6 2 6 3 234 2 3 3 2 225 230 143 90 2 6 214 151 12 95 2 217 9 3 80 6 3 21 182 198 2 82 185 0 202 6 6 6 6 6 3 6 238 2 147 3 3 2 3 6 3 6 3 225 39 148 194 2 143 3 3 80
split_gain=479.13 234.367 184.96 272.044 382.697 205.332 170.424 155.006 177.617 231.214 145.799 131.497 115.473 95.3986 95.104 96.4304 89.2824 84.3108 83.5448 96.6895 81.7437 78.6807 92.1983 76.7526 75.5153 71.0752 71.7598 70.8536 81.9305 70.8529 68.1086 62.9108 60.7947 59.4602 58.4526 54.4576 85.7645 54.6769 126 93.576 70.157 57.4225 53.6402 53.5081 53.3805 63.6559 53.3178 79.1612 68.0978 56.7624 52.3197 58.0974 51.2926 50.3669 50.1422 51.4382 48.4945 48.2843 48.2394 47.6691 47.1802 46.9879
threshold=1.9550755620002749 0.85500001907348644 1.1195503473281863 0.32500000298023229 0.4831832498311997 -0.099334716796874986 1.6842989325523379 0.13230263441801074 0.8023095726966859 3.0618563890457158 -0.00051856040954589833 0.034255981445312507 0.068634033203125014 -0.014606475830078123 2.4994487762451176 0.94499999284744274 -0.034835815429687493 0.070159912109375014 -0.10665893554687499 -0.058120727539062493 0.9337160885334016 -0.0025672912597656246 -0.040786743164062493 0.41465884447097784 0.072418212890625014 0.83499997854232799 0.036557415500283248 0.062088012695312507 -0.042739868164062493 0.076080322265625014 0.9337160885334016 -0.022697448730468747 0.13055419921875003 0.13724999874830249 0.12567138671875003 0.30500000715255743 0.29000000655651098 0.2650000005960465 0.24499999731779101 0.23499999940395358 0.42563417553901678 0.22500000149011615 -0.047653198242187493 1.6600863933563235 0.028709411621093753 0.49005511403083807 0.75981590151786815 0.11821687221527101 0.45108573138713842 0.16499999910593036 0.10439071431756021 0.60500001907348644 0.41831527650356298 0.046340942382812507 0.13165283203125003 -0.0028009414672851558 0.026130676269531253 1.7178016901016238 0.051162719726562507 0.85866147279739391 0.97312355041503917 0.0083656311035156267
decision_type=2 2 2 2 2 2 2 2 2 2 2 2 2 2 2 2 2 2 2 2 2 2 2 2 2 2 2 2 2 2 2 2 2 2 2 2 2 2 2 2 2 2 2 2 2 2 2 2 2 2 2 2 2 2 2 2 2 2 2 2 2 2
left_child=1 2 3 35 20 43 30 25 10 42 33 13 14 -7 15 21 -14 50 -6 -20 -5 29 -23 -8 32 61 -27 28 -15 44 -3 -32 -16 -9 -33 36 37 38 39 41 -39 46 56 -4 45 -12 47 -1 -49 -48 -13 -52 -37 60 55 -24 -10 -29 -28 -21 -11 -2
right_child=7 6 5 4 18 11 23 8 9 53 12 17 16 27 24 -17 -18 -19 19 59 -22 22 54 -25 -26 26 58 57 -30 -31 31 34 -34 -35 -36 52 -38 40 -40 -41 -42 -43 -44 -45 -46 -47 49 48 -50 -51 51 -53 -54 -55 -56 -57 -58 -59 -60 -61 -62 -63
leaf_value=-0.00020899742056941517 -0.0047807895479678088 -0.039046757102755097 0.022773811804065125 -0.040726727267629194 0.01971503527041929 -0.0035846057490540452 -0.010359092813148243 0.010502144324584227 -0.0086636571225533424 0.018663810504994285 -0.017470176660071599 -0.028121253656235669 0.026315366741589987 0.010919898233497004 0.0042247596617366297 0.013747514961020361 0.0053936611862704037 0.010834649772087923 -0.023459696799437872 0.0064375898715649518 -0.019616689452345605 -0.0047587154963518062 -0.0019913135663817954 0.0013688774174644722 0.017713074208564654 -0.021906672349003339 -0.0079510189012296003 0.027939020025231277 -0.0019998381140842142 0.0071853773685534549 -0.0075825024034147639 -0.019992765668529897 -0.021447219761728031 0.0039649540960424723 0.0075094722637708737 0.0062976467172116595 -0.036255329039923297 -0.0040776435929130057 -0.047391561672311816 0.060904972520770463 0.057649774988561699 -0.025349241024987132 -0.003615104944871949 0.0029144847845451859 -0.0006380544064602668 -0.0045908772271209498 -0.037148661381400078 0.038417366808663506 0.0080822811678401309 0.0027084227520349107 -0.032048822975527698 -0.0066858974357440473 0.067682203329796395 -0.0058895406294746247 0.042113923017422755 0.012392332216705401 -0.025807128780539569 0.00056070617921212616 0.0065359407070240214 -0.014928874267019707 -0.020835166415761969 0.011531048133471548
leaf_weight=1573.1171152293682 841.52160036563873 306.66227247565985 1292.8903961777687 1217.5965948924422 352.54872831702232 3668.8240031301975 2596.7106342017651 11999.305954053998 1755.5907064378262 1517.3504863679409 2112.3056687265635 377.74141290038824 857.56563780456781 2461.6744576394558 10730.595673359931 979.77499777078629 1257.45918802917 527.68012145161629 595.40594226121902 980.37689282745123 740.48919226229191 2681.7836304008961 1002.3929853737354 3012.7929473817348 1048.5643706396222 773.76912333071232 2992.2997966706753 587.38276009261608 2445.2425584346056 831.48889760673046 1961.6388482302427 3706.1949969381094 234.70074750483036 4900.6894432455301 203.32943646609783 79.091368868947029 147.42944833636284 85.672562211751938 127.8048929721117 67.446666866540909 98.173371881246567 182.10410702228546 5562.4578164368868 460.11856053769588 1548.9109894782305 1758.7712451964617 154.17453069984913 289.74519342184067 510.69483412802219 210.21891005337238 242.43451322615147 3135.0723443627357 59.038798227906227 291.23872222006321 104.33462008833885 1634.0013311952353 539.05072778463364 221.78288969397545 710.34402346611023 354.64498993754387 78.760609731078148 926.75161774456501
leaf_count=6757 3541 1575 5971 6525 1514 15733 10832 58355 7654 7482 8823 1578 4432 10826 49718 4252 5968 2243 2687 4523 3350 11278 4458 12709 5605 3192 12690 2689 10566 3629 8323 15933 1046 22442 867 351 689 376 556 288 412 788 24958 2001 6552 7415 632 1255 2232 870 1086 13204 254 1315 524 7444 2364 963 3130 1619 346 4064
internal_value=1.26573e-05 -0.00462866 -0.00171643 -0.00797655 -0.0165457 0.00146077 -0.0103714 0.00273766 0.0036089 -0.0024948 0.0049705 -0.000605971 0.00267572 0.00270714 0.0017141 -0.00131095 0.0138851 -0.00786471 -0.00263267 -0.00672206 -0.0327576 -0.00257585 0.00183144 -0.00406103 0.00490012 -0.00471575 -0.00806785 0.00674537 0.00448257 -0.00639841 -0.0160998 -0.0148947 0.00367337 0.00860683 -0.0185609 0.00216339 0.000925099 0.00259707 0.00102904 0.00311563 0.0290182 0.00176044 -0.00626973 0.0175659 -0.00848326 -0.0116213 0.00357213 0.006307 0.0190973 -0.0142106 -0.0104945 -0.00851537 0.0328322 0.0132154 0.00827925 0.00692479 -0.0127004 0.0204449 -0.00517071 0.00075472 0.0167029 0.00376993
internal_weight=94705.7 35033.9 23246.6 7825.77 4241.06 15420.8 11787.3 59671.8 53427.1 9744.45 43682.6 13667.8 26782.6 9384.91 24667.6 12653.8 2115.02 4282.93 2282.98 1930.43 1958.09 11674 5422.51 5609.5 12013.9 6244.69 4476.41 5716.08 4906.92 6251.48 6177.83 5871.16 10965.3 16900 3909.52 3584.71 3446.58 3299.15 3115.31 2987.5 183.846 2920.05 7857.1 1753.01 5419.99 3871.08 2737.95 2373.56 800.44 364.393 3755.25 3377.51 138.13 1887.35 2740.73 2636.39 2294.64 809.166 3702.64 1335.02 1596.11 1768.27
internal_count=425454 152777 102538 35678 20218 66860 50239 272677 246060 44119 201941 58888 121144 40777 110744 54375 10400 18111 10343 8829 9875 50123 23704 23541 56369 26617 19012 25044 21392 26419 26698 25123 50764 80797 16800 15460 14855 14166 13378 12822 788 12534 34976 7972 22790 16238 11746 10244 3487 1502 15868 14290 605 9143 12426 11902 10018 3652 15820 6142 7828 7605
is_linear=0
shrinkage=0.05


Tree=62
num_leaves=63
num_cat=0
split_feature=2 234 240 141 15 2 27 215 133 42 72 97 203 225 2 200 141 166 14 98 261 128 2 190 34 135 56 52 221 175 222 221 2 0 221 133 175 251 143 95 183 72 34 260 135 216 70 253 183 254 70 135 218 9 96 170 50 168 247 210 210 2
split_gain=427.864 183.523 164.606 153.95 152.015 151.967 117.025 101.893 98.9095 98.5621 92.3815 88.6236 98.6927 102.93 83.2873 107.011 83.04 72.9413 70.7571 66.8863 73.3024 65.1321 65.031 85.649 62.9762 62.0113 61.636 61.6021 60.7376 55.9352 55.542 55.1186 59.947 54.4303 52.8795 52.6824 51.3722 50.6494 51.7692 50.3142 49.1292 46.7141 45.9669 66.8288 46.7246 45.9036 60.5929 45.2472 48.3983 44.8983 44.4425 45.0036 43.6276 44.3395 42.831 42.7273 42.6969 42.6381 42.5081 42.3419 42.2699 42.2294
threshold=1.9550755620002749 -0.046920776367187493 0.011287689208984377 -0.028480529785156247 0.044204711914062507 2.6722609996795659 0.010173797607421877 0.067352294921875014 -0.079803466796874986 -0.025764465332031247 0.0077228546142578134 -0.036087036132812493 -0.076690673828124986 -0.018196105957031247 1.5088402628898623 0.041976928710937507 -0.046676635742187493 0.061813354492187507 0.0026884078979492192 0.019309997558593753 0.068328857421875014 0.029014587402343753 1.0692129135131838 0.020561218261718753 -0.11990356445312499 -0.12640380859374997 0.0053348541259765634 -0.040573120117187493 -0.011028289794921873 0.025978088378906253 0.035049438476562507 0.043167114257812507 1.5217159390449526 0.015249999705702068 0.022514343261718753 0.010517120361328127 0.055648803710937507 0.081939697265625014 -0.039627075195312493 0.043991088867187507 0.038314819335937507 0.0097007751464843767 -0.072052001953124986 -0.026817321777343747 0.0007674694061279298 -0.12265014648437499 0.028419494628906253 -0.0076007843017578116 -0.030296325683593747 -0.079803466796874986 -0.010112762451171873 0.098907470703125014 -0.021903991699218747 0.029914855957031253 0.017051696777343753 0.079315185546875014 -0.11557006835937499 -0.038345336914062493 -0.079376220703124986 -0.047836303710937493 -0.020042419433593747 2.902022242546082
decision_type=2 2 2 2 2 2 2 2 2 2 2 2 2 2 2 2 2 2 2 2 2 2 2 2 2 2 2 2 2 2 2 2 2 2 2 2 2 2 2 2 2 2 2 2 2 2 2 2 2 2 2 2 2 2 2 2 2 2 2 2 2 2
left_child=1 6 4 7 8 16 27 17 9 -2 28 36 49 61 19 33 40 31 47 20 39 25 -8 26 41 -15 -24 -1 -11 -25 -29 32 -3 -16 -9 -22 55 38 -26 -5 -4 -18 43 44 -7 46 -40 48 -6 -13 57 -52 -39 -54 -17 -10 -47 -44 -59 -21 -35 -14
right_child=2 3 5 14 18 42 22 34 11 10 -12 12 13 21 15 54 24 -19 -20 59 35 -23 23 29 37 -27 -28 30 -30 -31 -32 -33 -34 60 -36 -37 -38 52 45 -41 -42 -43 50 -45 -46 56 -48 -49 -50 -51 51 -53 53 -55 -56 -57 -58 58 -60 -61 -62 -63
leaf_value=0.0049838592624062055 0.00036805361551805419 -0.016262703156329973 -0.00077485918321696561 -0.0038954983153523595 -0.0031278972930605408 -0.0214406372628138 -0.0037038854872189133 -0.0027532516149116749 0.011037642134645309 0.01874257470674303 0.021561101504027364 -0.036250697830910665 0.0019181069194703212 -0.034818089090262676 0.0049862359678853694 -0.0023170920360204689 -0.0091661321097280153 0.0071719729652443874 0.015826887318533489 -0.012245278363540224 -0.012503806689037545 0.0027858415477629633 -0.0071447945589022607 0.0090926143418251521 -0.0019207667596450623 -0.0064536520038902603 0.010536078356282386 -0.0094298674308407535 -0.0017234335144998677 0.024632398177948087 0.0033739058739587235 3.948420098586611e-05 -0.0029479500649691715 -0.0076347827736248271 0.023563852087246678 -0.0427617155361881 -0.0034666161945537421 -0.0076533991662643035 -0.01256330348677475 -0.028356866709075969 0.011422801805785254 0.0179026054454039 0.017630712836439449 0.0069470011903180256 -0.0011551514677020514 -0.038521484085171954 -0.055236618886739808 -0.0012437707457517262 0.017708102540160951 0.015361882383317468 0.0043780735090442908 -0.011527395483004951 1.1304841312128761e-05 0.021888116192239057 0.01262623844048027 -0.013137263670419877 -0.0075799778904291461 0.021118856792698069 0.0040348531458968091 -0.024449701975254576 -0.01643681261602788 0.014123162261097231
leaf_weight=1407.5864205211401 2069.0036312639713 1799.4508719593287 2175.9485345184803 2425.9257918521762 389.96863763779402 522.01664845645428 1519.8439638614655 286.77940829843283 3649.9550919681787 550.46028634905815 1907.550255857408 42.87981915473938 2736.438253864646 197.69886462390423 527.86140041053295 1448.4689476639032 231.01370842754841 1295.9468316957355 4089.7919247895479 1139.465728931129 336.32303784787655 2106.5466788262129 1151.3684576898813 1802.8582443147898 3971.538085386157 6445.7930579930544 860.33348055183887 4130.528876774013 1057.6496354788542 853.64547964930534 1064.8743267357349 2281.3252705261111 1594.602763786912 2874.4746952727437 568.63139633834362 251.98860519379377 895.40692081302404 581.44533039629459 275.64733837544918 229.22560815513134 1329.0415239483118 509.41937997937202 1223.7310291901231 1070.6078340411186 621.07800531387329 112.23166334629059 118.68483582139015 1315.7553904280066 973.4585962370038 1104.0069484263659 4199.1515654027462 496.43021884560585 519.11167098581791 417.20563943684101 715.64393347501755 191.5902102291584 7564.3471893444657 425.14608015120029 2507.0809583216906 1903.6616895422339 2600.3468668758869 955.62389530241489
leaf_count=6242 9524 7963 9434 10749 1795 2455 6822 1264 17669 2963 9357 187 12535 874 2248 6125 978 5627 19872 5606 1502 9907 4888 7976 16662 28650 3766 17709 5124 3910 4650 9953 6797 12087 2643 1176 4233 2501 1183 1028 5986 2276 5937 5337 2809 481 499 5899 4601 5303 19479 2261 2261 1872 3066 903 32420 1984 11585 8592 10815 4728
internal_value=-5.48375e-05 -0.00443599 0.00252539 -0.00717642 0.00507542 -0.000184469 0.000337628 -0.00152813 0.00320251 0.00902732 0.0141218 0.00142705 -0.000625962 -0.00192003 -0.0102347 -0.00690327 -0.00304408 -0.00352711 0.0116898 -0.0145608 -0.00956048 -0.00487398 0.00527744 0.00820169 -0.00473448 -0.00730284 0.000418165 -0.00429186 0.00528943 0.0140936 -0.0068054 -0.00597103 -0.0100098 -0.0103394 0.014748 -0.0255146 0.00731547 -0.00550998 -0.00659478 -0.00601719 0.00385226 0.00945624 0.00441694 -0.00202643 -0.0104296 -0.00889425 -0.0255142 0.00537096 0.0117506 0.0134023 0.00602842 0.00269441 0.00309589 0.00977216 0.00262802 0.00982886 -0.0080373 0.00979378 0.00651823 -0.0198854 -0.0118177 0.00508013
internal_weight=94621.6 35071.2 59550.5 22280.1 30679.6 28870.9 12791 7826.74 23910.6 5584.66 3515.66 18325.9 13589 12442.1 14453.4 8166.8 17805.6 6971.33 6768.97 6286.59 3243.46 8750.04 6188.05 4668.21 14300.6 6643.49 2011.7 6602.99 1608.11 2656.5 5195.4 5675.38 3394.05 6002.68 855.411 588.312 4736.95 13560.2 12042.4 2655.15 3504.99 740.433 11065.2 2213.7 1143.09 8070.91 394.332 2679.18 1363.43 1146.89 8851.54 4695.58 1517.76 936.317 2164.11 3841.55 7676.58 4155.96 2932.23 3043.13 5474.82 3692.06
internal_count=425728 153204 272524 97241 144124 128400 55963 34247 111957 26968 17444 84989 62184 56694 62994 34341 76553 30340 32167 28653 14455 39431 27362 20540 61133 29524 8654 28601 8087 11886 22359 24713 14760 25150 3907 2678 22805 57879 51245 11777 15420 3254 51847 10601 5264 34583 1682 12295 6396 5490 41246 21740 6634 4133 9191 18572 32901 19506 13569 14198 22902 17263
is_linear=0
shrinkage=0.05


Tree=63
num_leaves=63
num_cat=0
split_feature=2 4 5 5 2 2 2 127 0 109 259 172 52 4 170 177 4 4 62 148 29 212 214 180 49 188 129 8 47 4 2 2 200 116 259 188 195 239 229 130 48 186 257 77 216 20 75 207 49 143 4 26 138 215 42 26 195 2 2 259 230 124
split_gain=399.933 264.159 235.182 143.235 132.692 122.138 102.457 96.2683 95.3557 88.6728 112.66 96.2334 87.3817 74.4628 74.4511 73.3761 72.6927 100.694 95.4832 69.3493 66.8316 66.5605 63.8177 62.3477 61.9363 61.2363 70.737 58.9298 58.6247 58.1743 100.336 68.5626 56.6955 56.2617 55.2747 55.0637 53.8857 52.7635 50.8941 50.75 49.4516 48.0333 47.2159 46.5784 45.8609 46.4079 44.8459 46.14 43.6237 45.8953 42.6504 45.9493 41.3456 41.3073 39.7651 39.5934 39.3752 39.3488 39.2888 38.357 38.2335 39.5016
threshold=2.3299417495727544 0.15626177191734317 1.0000000180025095e-35 0.17500000447034839 1.4957965612411501 1.1195503473281863 3.4807590246200566 -0.063568115234374986 0.068250000476837172 -0.0038690567016601558 0.075592041015625014 -0.14312744140624997 0.022575378417968753 0.95094677805900585 -0.0096626281738281233 0.028022766113281253 0.18616852164268496 0.63863989710807811 -0.033340454101562493 0.037399291992187507 0.064849853515625014 0.079315185546875014 0.001196861267089844 -0.083953857421874986 0.10269165039062501 1.0000000180025095e-35 0.074249267578125014 -0.026039123535156247 0.069000244140625014 0.37651434540748602 1.8715016245841982 1.0692129135131838 0.0058383941650390634 0.030967712402343753 0.035995483398437507 -0.046340942382812493 -0.030723571777343747 -0.027336120605468747 -0.071014404296874986 0.090179443359375014 0.0079689025878906267 -0.013477325439453123 -0.014217376708984373 -0.074005126953124986 -0.076019287109374986 -0.099212646484374986 -0.050186157226562493 -0.047348022460937493 0.037796020507812507 -0.064178466796874986 0.86386641860008251 -0.0081138610839843733 -0.041519165039062493 -0.075897216796874986 -0.12554931640624997 -0.032577514648437493 -0.094329833984374986 1.2270444035530093 0.6535552740097047 0.031661987304687507 0.035964965820312507 0.068450927734375014
decision_type=2 2 2 2 2 2 2 2 2 2 2 2 2 2 2 2 2 2 2 2 2 2 2 2 2 2 2 2 2 2 2 2 2 2 2 2 2 2 2 2 2 2 2 2 2 2 2 2 2 2 2 2 2 2 2 2 2 2 2 2 2 2
left_child=1 4 13 5 -1 24 9 32 25 10 21 28 14 29 22 34 -8 -18 27 -6 36 23 52 -2 43 26 46 48 39 30 58 -31 -7 53 57 -10 -12 38 -37 -11 50 -20 -21 -4 56 -46 -9 -48 -19 -50 51 -39 -13 -14 -47 -38 -25 -5 -3 -27 -56 -62
right_child=6 2 3 15 19 7 16 8 35 11 20 12 33 -15 -16 -17 17 18 41 42 -22 -23 -24 44 -26 59 -28 -29 -30 31 -32 -33 -34 -35 -36 37 55 40 -40 -41 -42 -43 -44 -45 45 54 47 -49 49 -51 -52 -53 -54 -55 60 -57 -58 -59 -60 -61 61 -63
leaf_value=-0.023025015840518311 0.0091405250179392526 0.001962955604295095 0.0031981598637003603 -0.03032652161491578 -0.011368223984956044 -0.014672041150480189 -0.022750235314210984 0.01449812440718257 -0.0076312836969258521 -0.007406172713343419 -0.0043680635123366698 0.020891249804687054 -0.0037982431776054865 -0.01347695362101028 0.0047410132957827998 -0.0038146814416588205 0.025904255267324441 0.014923511929640221 0.034508445532437322 0.0091451716189171299 0.0069335694939595951 0.0099456312572495254 0.0065782453272290424 -0.013450927254981357 -0.025086055452778606 0.014152327051849945 -0.01697763664063134 0.0053092153861578964 0.01944481066430484 -0.00056173102770241587 0.010573835101475262 0.010742573054213349 -0.0027747769704276589 -0.0048719584689053477 -0.024787798086987022 0.01005123577799414 -0.012970323631829714 -0.00062718434427192654 -0.0079180447091317368 -0.035700584501731358 -0.001834253400617946 0.0049846620837385933 -0.006574159421920427 -0.010046849976370634 0.016550055024315807 -0.022950526075934383 0.013971569583749592 -0.0025530683742503225 -0.0055138351833063856 -0.057605816270486589 -0.0070405015388911307 0.010749560682347064 0.010164556520986377 0.0078583110247288594 -0.00030111651760722356 -0.040149852963938262 0.0092123400593224162 -0.0090710592102876946 -0.016859300770657989 0.00073242135064951726 -0.0055248505223973628 -0.025954779135105549
leaf_weight=1836.6074777469039 1679.9652928709984 418.8313956707716 841.78035391122103 238.04258479177952 4121.1240579336882 1658.6242342591286 126.91163499653339 780.72449403256178 2886.4383353590965 859.64132662117481 308.42161577939987 2229.8366977497935 1015.0906354635954 506.43968154489994 6524.3334019705653 2721.8234347403049 1195.3058103397489 43.889156445860863 256.79066928476095 825.86759607493877 274.23045621812344 2026.0850143954158 2798.9280798509717 218.9945842474699 553.33653070032597 2301.4735149219632 455.14629732072353 246.35470472276211 163.75100873410702 1725.9931511133909 1039.7980700284243 6016.3091595172882 2526.2236749231815 2301.4321511387825 983.28048870712519 457.03125178068876 212.47659286856651 1277.2730877846479 2824.3467303067446 193.54890523850918 4431.0664472356439 296.74742242693901 1130.2796887308359 3130.7413349822164 304.38937279582024 248.57946173846722 530.32711009681225 2060.1512814760208 63.966016680002213 125.06679068505764 593.13756760954857 2906.8270093947649 1509.65633662045 3017.6204120665789 5656.2182642221451 367.92599253356457 1491.4000875800848 2475.6369151771069 818.02767331898212 692.77964656800032 2674.1414242684841 258.71518014371395
leaf_count=8736 8378 1866 3728 1131 17141 6996 611 3527 12187 4190 1370 11818 4587 2148 30846 11637 6116 221 1320 3447 1211 9882 13426 963 2670 10343 1928 1182 845 7659 4640 26995 10792 10314 4424 1982 984 5466 11950 877 18802 1477 4672 14370 1431 1105 2421 8968 296 580 2471 12654 7342 14044 25814 1623 6830 10368 3532 3080 11962 1187
internal_value=-7.92652e-05 -0.00278924 -0.00138965 -0.00325104 -0.0112507 -0.00183938 0.00382666 -0.000537374 0.00077419 0.00317138 0.000342987 0.00532839 0.00618417 0.00521105 0.00852094 -0.0100471 0.0139312 0.0160298 0.00458776 -0.00768913 -0.0146251 0.00153969 0.0122914 0.000180032 -0.00942705 0.00569426 0.00150247 -0.0117375 -0.00830583 0.00615695 -0.00086883 0.00822275 -0.00749252 0.00136454 -0.0146333 -0.0014085 -0.021277 3.01144e-05 -0.00541298 -0.0126349 0.00197014 0.0187185 6.3681e-05 -0.00724012 -0.00120777 -0.00261377 0.00400176 0.000833969 -0.0297129 -0.0401004 0.0054985 0.00727728 0.0165647 0.00492398 -0.00327562 -0.0302393 0.00630443 -0.0109461 -0.0104892 0.0110486 -0.0027036 -0.00733526
internal_weight=94455.9 55765.5 47851.6 37326.2 7913.88 30907.4 38690.4 26381.6 22196.7 36335.4 15721.5 20613.8 19396.9 10525.4 13062.8 6418.78 2355.03 2228.12 1032.81 6077.27 1163.05 14558.5 6538.42 12532.4 4525.86 6820.6 3826.35 479.277 1216.94 10019 2276.66 7742.3 4184.85 6334.14 3696.96 15376.1 888.824 12489.7 3281.38 1053.19 9208.3 553.538 1956.15 3972.52 10852.4 9142.04 3371.2 2590.48 232.922 189.033 4777.24 4184.1 3739.49 4032.71 8837.65 580.403 1710.39 2713.68 1236.86 2994.25 8589.07 2932.86
internal_count=425563 242731 208735 161895 33996 134335 182832 113567 95779 171029 72740 98289 92377 46840 63432 27560 11803 11192 5076 25260 5188 67552 32586 57670 20768 30267 16844 2279 5912 44692 10038 34654 17788 28945 15923 65512 3977 53325 13932 5067 39393 2797 8119 18098 49292 41499 14916 11389 1097 876 20591 18120 19160 18631 40068 2607 7793 11499 5398 13423 38963 13149
is_linear=0
shrinkage=0.05


Tree=64
num_leaves=63
num_cat=0
split_feature=4 4 207 180 190 102 132 129 183 23 203 182 0 125 1 114 163 212 4 91 105 23 199 199 187 182 34 182 182 234 229 25 78 109 196 198 82 102 262 65 134 137 235 22 124 7 193 234 217 75 156 25 129 29 211 203 156 175 257 78 212 62
split_gain=170.958 175.371 140.402 119.552 133.468 108.557 112.367 82.0994 73.6248 74.8067 73.5296 71.5801 69.2995 68.5402 66.352 63.2598 62.1976 57.4981 55.5301 53.9696 53.7499 53.2866 56.9051 52.6726 63.6012 54.1998 48.2192 47.6951 47.0591 44.8108 45.4562 44.7392 44.6902 44.4739 43.8211 43.2741 41.574 41.4258 51.4728 39.7438 51.3966 39.285 38.4283 38.1605 38.0871 37.9263 37.826 37.781 37.0268 36.5542 36.0304 35.9819 35.1281 51.4816 34.9098 34.8148 45.2666 34.4911 34.1786 34.1621 33.6054 33.3471
threshold=0.93648281693458568 0.057615090161561973 -0.077484130859374986 -0.055435180664062493 0.050796508789062507 0.032974243164062507 -0.037796020507812493 -0.058975219726562493 0.051040649414062507 0.020851135253906253 -0.072296142578124986 -0.028923034667968747 0.031250000000000007 -0.064544677734374986 -39499999.999999993 -0.092926025390624986 -0.0019626617431640621 0.086944580078125014 0.013615854084491731 -0.030479431152343747 -0.021675109863281247 0.0048084259033203134 0.010021209716796877 -0.015632629394531247 -0.016059875488281247 0.054611206054687507 0.068939208984375014 0.022834777832031253 -0.086090087890624986 -0.012165069580078123 -0.015331268310546873 0.012088775634765627 0.0042285919189453134 0.043350219726562507 -0.052902221679687493 0.0084190368652343767 0.024452209472656253 -0.023902893066406247 0.0012488365173339846 0.086639404296875014 0.062713623046875014 0.033676147460937507 -0.12197875976562499 0.045150756835937507 -0.0093803405761718733 0.057815551757812507 -0.13861083984374997 0.034286499023437507 -0.14764404296874997 0.089508056640625014 -0.0030679702758789058 -0.023628234863281247 0.048690795898437507 -0.080413818359374986 -0.063385009765624986 -0.037612915039062493 -0.023445129394531247 -0.022880554199218747 0.016883850097656253 -0.076629638671874986 0.034652709960937507 -0.11666870117187499
decision_type=2 2 2 2 2 2 2 2 2 2 2 2 2 2 2 2 2 2 2 2 2 2 2 2 2 2 2 2 2 2 2 2 2 2 2 2 2 2 2 2 2 2 2 2 2 2 2 2 2 2 2 2 2 2 2 2 2 2 2 2 2 2
left_child=1 18 14 7 5 8 33 11 10 -10 42 -4 13 26 32 20 27 21 -1 46 51 22 36 57 25 39 -6 45 -17 -26 -31 54 -3 49 -30 -20 -14 38 47 40 -25 -35 -5 -21 58 -12 -18 -36 -39 60 -13 -9 53 -34 -15 56 -40 -8 -23 -50 -7 -61
right_child=-2 2 3 4 12 6 23 15 9 -11 16 50 17 31 -16 28 19 -19 35 43 -22 44 -24 24 29 -27 -28 -29 34 30 -32 -33 52 41 37 -37 -38 48 55 -41 -42 -43 -44 -45 -46 -47 -48 -49 59 -51 -52 -53 -54 -55 -56 -57 -58 -59 -60 61 -62 -63
leaf_value=-0.028450374897898523 -0.011552434647257973 0.0095739595889316881 0.0028940552489234352 0.033485124027525792 0.0019105214589784385 -0.012070734124179285 -0.0017389144018380165 -0.000475008732703428 -0.004295620776604947 0.0075764876010020717 -0.0056367977811672826 -0.023596340877153885 0.010281875435587069 0.031612667027181782 0.025868141039466205 0.011516280064234866 0.037924228106692673 0.009761571848988574 -0.0041831029077470088 -0.0075562646764461422 0.0010106347579427607 0.0040886611520871297 -0.0078671629910388573 -0.011004466029513186 0.0017267531988722055 -0.025982151251170205 -0.036635618465573415 -0.014979689648266334 0.012149796502193069 0.020941931188918534 0.0037358225686960917 0.0052828093768983219 -0.027357336711911148 0.012415958489046501 -0.0019439130457492505 -0.016076886321843009 -0.0025873729223902862 -0.022524210133491408 -0.0087728045919917234 0.010376099442621389 0.0080494895971031204 -0.0082368325678469738 0.0022788901072261776 0.0029456841472521537 0.00059307991593703069 -0.014749335262496785 0.00058067809873369629 -0.018780426083976426 0.012961458550810529 0.0075757707980562295 -0.0066982837114996589 -0.027706567625306568 -0.011879942747670284 0.0071630397093817846 0.014208829473407276 -0.0021034975727671442 0.014651090711017773 0.01231841726471046 0.017806738505384227 0.030759839382818399 -0.0012545607838720238 0.0038466614810875668
leaf_weight=375.58936810493469 3144.8838701993227 3850.996915653348 1637.4870609119534 102.96044181287289 326.08688401430845 2510.6329674571753 530.32067546248436 195.93633402884007 2830.3503786996007 2496.1019511222839 7728.2945883050561 479.6976076066494 988.35766808688641 428.7293244600296 480.77302525937557 2917.4793497174978 67.982712149620056 1827.4327261224389 2259.3174047619104 5965.7577728703618 1778.5420692190528 1159.283752322197 3018.0729206129909 1237.2842929288745 2749.6040893420577 261.47295965999365 106.96670689433813 2349.1527647972107 1639.0956811085343 771.46093519032001 764.06881046295166 870.01032184064388 117.46749995648861 602.30558540672064 869.08563467115164 1155.9241774976254 1715.3104410842061 114.56164239346981 262.19787253439426 504.30955536663532 494.72296196222305 371.49988407641649 1937.1091342046857 1011.1061906218529 3304.9713888093829 1339.557317122817 3994.2268834188581 539.65095034241676 1426.6859347522259 367.67525021731853 921.29783140867949 317.62574590742588 459.73034009337425 1223.6969217509031 885.62833581864834 1323.8199538886547 955.89387994259596 2455.7330647334456 746.26576339453459 116.38712510466576 1006.0192022919655 5971.222810447216
leaf_count=1632 13598 17681 7565 467 1562 10849 2398 898 12504 11266 33491 2189 4495 2233 2457 13671 304 8622 9834 26199 8140 5197 13496 5498 12245 1174 506 10368 7649 3565 3384 4224 539 2731 3991 5007 7790 516 1226 2499 2205 1651 8879 4588 14922 5842 17337 2423 6757 1605 4144 1417 2028 5660 4560 6188 4578 11306 3331 533 4424 27573
internal_value=-9.25454e-05 0.000302679 0.000759246 0.00020886 -0.000939706 -0.00232874 0.00119945 0.00340977 -0.00405919 0.00126831 -0.00521761 -0.00420422 0.00307537 0.0104848 0.00805384 0.00466534 -0.00604328 0.00155475 -0.0102243 -0.00336673 -0.00310632 0.000182128 -0.00314881 0.00428977 0.00185317 -0.0044873 -0.00767306 -0.0086307 0.00576941 0.0055492 0.0123883 0.0140865 0.00653418 -0.00501432 0.00450025 -0.00821221 0.00211919 0.00341649 -0.000739242 -0.0019636 -0.00556047 0.0045367 0.00386947 -0.00603409 0.00383978 -0.00698443 0.00121482 -0.0084023 0.00556837 -0.00740932 -0.0124968 -0.0173382 3.22701e-05 0.0041214 0.0199055 0.00350928 0.00960597 0.0098221 0.00946756 0.00599961 -0.00897776 0.00436617
internal_weight=94361.9 91217 87426.2 81293.5 59826.8 44449.7 14627.1 21466.7 29822.6 5326.45 24496.1 3038.48 15377.1 2617.42 6132.66 18428.2 22456.1 12759.7 3790.83 11039.1 2292.1 10932.3 5721.74 9768.98 6782.92 2497.79 433.054 11417 16136.1 4285.13 1535.53 2184.37 5651.89 4858.13 13218.6 3415.24 2703.67 11579.5 3950.65 2236.32 1732.01 973.805 2040.07 6976.86 5210.52 9067.85 4062.21 1408.74 7628.86 3884.33 1401 513.562 1800.89 1341.16 1314.36 2541.91 1218.09 2986.05 1905.55 7514.3 3516.65 6087.61
internal_count=425611 412013 395540 367175 267717 196779 65534 99458 131245 23770 107475 13898 70938 13085 28365 85560 98129 57853 16473 48428 10455 49231 25781 44274 30570 11376 2068 49701 75105 19194 6949 11017 25908 21260 61434 14841 12285 53785 18406 10202 7703 4382 9346 30787 23450 39333 17641 6414 35379 16878 6333 2315 8227 6199 6793 11992 5804 13704 8528 34863 15273 28106
is_linear=0
shrinkage=0.05


Tree=65
num_leaves=63
num_cat=0
split_feature=3 3 4 3 4 203 111 3 190 121 78 201 44 88 247 80 230 141 164 3 37 3 80 129 205 129 156 121 176 60 143 73 184 112 125 4 233 80 225 78 170 106 125 3 4 179 58 216 227 56 45 253 135 101 230 3 18 135 4 168 96 136
split_gain=343.369 223.446 162.193 165.101 149.423 146.363 118.633 117.048 113.786 127.023 101.555 91.6748 91.0875 70.057 69.5538 67.7901 66.8471 62.091 66.4321 61.1656 60.6302 59.8562 57.425 62.3788 55.8888 55.1184 54.0629 53.9644 47.1758 46.4155 45.9294 44.875 46.7609 44.214 43.9267 43.7136 60.9316 43.6803 43.3536 43.3285 42.9261 42.4308 43.9731 42.2403 42.1773 41.7402 41.6546 41.5776 48.3534 41.2356 41.0961 40.9428 39.9113 39.7551 39.3706 42.4948 38.5673 38.434 37.448 37.217 37.1539 36.6142
threshold=0.072570700198411955 0.94494023919105541 0.93205398321151745 0.27426199615001684 0.079171039164066329 -0.069427490234374986 0.073699951171875014 0.8023095726966859 0.038162231445312507 0.016105651855468753 -0.096893310546874986 0.011173248291015627 0.00060057640075683605 0.096221923828125014 0.019935607910156253 -0.037399291992187493 -0.047836303710937493 -0.057327270507812493 -0.063934326171874986 0.47596007585525518 0.035903930664062507 0.013127712067216636 -0.013111114501953123 0.013721466064453127 -0.099212646484374986 -0.0048046112060546866 -0.058181762695312493 0.025978088378906253 0.051284790039062507 -0.00057196617126464833 0.041458129882812507 -0.091278076171874986 0.021080017089843753 -0.061294555664062493 -0.022956848144531247 0.72820815443992626 0.010379791259765627 0.10305786132812501 -0.025016784667968747 -0.10098266601562499 -0.0083808898925781233 0.026191711425781253 -0.017707824707031247 0.79448774456977855 0.013615854084491731 0.12860107421875003 0.0057582855224609384 0.015316009521484377 0.090911865234375014 -0.037551879882812493 -0.080474853515624986 -0.039108276367187493 0.076690673828125014 0.093170166015625014 0.10006713867187501 0.51126310229301464 0.018959045410156253 0.055801391601562507 0.97841215133667003 -0.0062541961669921866 0.031417846679687507 -0.024055480957031247
decision_type=2 2 2 2 2 2 2 2 2 2 2 2 2 2 2 2 2 2 2 2 2 2 2 2 2 2 2 2 2 2 2 2 2 2 2 2 2 2 2 2 2 2 2 2 2 2 2 2 2 2 2 2 2 2 2 2 2 2 2 2 2 2
left_child=21 2 3 6 44 19 10 8 9 12 13 37 15 52 -13 -7 -12 -14 -19 35 24 -1 23 46 -10 -8 29 -26 34 -24 -28 32 -9 -21 -29 56 -37 49 39 -20 -16 -27 -43 -35 -5 -33 -18 -48 -49 -11 -51 -46 -2 -3 55 -17 -6 -25 -4 -22 -53 -23
right_child=1 53 58 4 5 7 25 31 20 11 16 14 17 -15 40 54 22 18 38 33 59 61 26 57 27 41 30 28 -30 -31 -32 45 -34 43 -36 36 -38 -39 -40 -41 -42 42 -44 -45 51 -47 47 48 -50 50 -52 60 -54 -55 -56 -57 -58 -59 -60 -61 -62 -63
leaf_value=-0.031427884453051787 0.0067283374443646406 -0.013732982293431168 -0.0077358641917824036 -0.025107395565486686 0.00060017636524018251 0.002222417342465398 -0.0029647474161804102 -0.00072233991209286446 -0.009508253599671385 -0.011057702257659998 0.0040435950482941088 -0.0010701214635699325 0.0093265392591023785 0.029127862094948467 0.027250546901439732 0.0070666365121798899 -0.010610438041581755 0.0084219463020130877 0.024543544810275462 0.0023089450902570425 0.015684300603281211 -0.015354066730556027 0.016054659001170618 -0.00094680118332474855 0.0097683675302582262 0.019853211461675513 -0.0084021590434185979 -0.0071466261301040106 0.012398265049747875 -0.0046419461475286005 0.00089074296736207914 -0.0034630477178638876 0.025598434258968367 0.018640790978849908 0.0043188699177324919 0.01409456601219241 -0.022865596796175815 0.02275339669753567 -0.0061918402816127302 -0.00011350131345464871 0.0065641313649223033 -0.0044684596943664057 0.017127135734243289 0.0068194507893471245 0.0016196661080034526 0.020172674461433341 -0.014635133146513928 -0.038830696335402565 0.010638352421848227 0.0095296289431233434 -0.0048169510088332639 -0.0053214467836241687 -0.010536962962938334 0.0089160361414288986 -0.010253910353301849 0.015617464631448608 0.016327816754095548 -0.016918994520307814 -0.024798137748708732 0.0062426441230690119 -0.019771190178894147 -0.0067825169876022003
leaf_weight=373.16886381059885 1398.3466409370303 2933.9263783544302 2867.253681063652 270.74892430007458 907.02789928019047 3376.7255919352174 897.13637360185385 407.50492390245199 597.48032023757696 2487.1376779973507 1609.4574701189995 1517.8984730243683 1686.2538414001465 286.91054311394691 453.8136440217495 2622.4293189793825 1374.8757059946656 1368.1047892943025 224.07638023793697 729.82916031777859 2899.4842180088162 2289.8670178353786 567.06464530527592 1571.6550812795758 5037.3966403901577 908.01237987726927 4834.5455730333924 1444.1494144126773 889.74378199875355 517.17362865060568 1833.6326534375548 9254.8804914355278 286.93612414598465 3025.030064791441 1978.844170331955 171.95779050141573 313.42286230623722 135.13520590960979 4258.4841052442789 854.86273466050625 560.92757005989552 549.95401754230261 411.13300079107285 1009.3223797380924 1547.6376419663429 189.6552872210741 615.68763773143291 478.13077880442142 54.652969688177109 565.15702103078365 4220.8164896890521 1869.3886640071869 439.00304761528969 206.77523751556873 208.62791708111763 3265.2933420240879 682.64370745420456 494.40285611152649 361.59859499335289 1633.5533937588334 583.31991998106241 2737.6772409752011
leaf_count=1618 6303 12586 12398 1154 4256 15118 4131 1824 2698 10786 7265 7051 7715 1318 2265 12026 6097 6115 1074 3265 14081 9838 2576 6774 23457 4124 21412 6722 4359 2322 8461 41519 1390 14565 9333 810 1382 674 18715 3913 2612 2405 1851 4682 6698 868 2706 2241 241 2640 18451 8119 1911 884 947 15147 3272 2106 1567 7626 2510 11900
internal_value=0.00011188 0.00085683 0.00133744 0.00176836 0.00298732 0.00363828 -0.00234199 0.00274069 0.00389753 0.00202568 -0.00398783 -0.0025045 0.00454649 0.00619463 0.00570605 0.00790655 -0.00553857 0.000752998 -0.00140408 0.0105173 0.00749147 -0.0121274 -0.00678837 -0.0112207 0.00530655 0.00722049 -0.00416334 0.00625414 0.00214812 0.00618735 -0.00584702 -0.00208402 0.0101743 0.0136374 -0.000519059 0.00335044 -0.00976951 -0.00531182 -0.00392382 0.00502531 0.0158333 0.0121082 0.00477789 0.0156857 -0.00604399 -0.00298633 -0.0164941 -0.0235223 -0.0337457 -0.00583633 -0.00312118 -0.0047478 0.0025996 -0.0122395 0.0110541 0.0118107 0.00736003 -0.00477525 -0.00965375 0.012284 -0.00876464 -0.0106888
internal_weight=94147.7 88747 85606.3 82377.5 63535.7 59264.6 18841.8 52425.4 42286.4 27805.7 16075.5 9940.89 17864.9 2124.26 2532.64 9473.08 13951.3 8391.78 6705.53 6839.23 14480.7 5400.71 12341.8 4589.41 9947.61 2766.24 7752.42 9350.13 4312.74 1084.24 6668.18 10139 694.441 4764.18 3422.99 2075.05 485.381 7408.25 5337.42 1078.94 1014.74 1869.1 961.087 4034.35 4271.1 9444.54 2523.35 1148.47 532.784 7273.11 4785.97 4000.35 1837.35 3140.7 6096.35 5887.72 1589.67 2066.06 3228.85 4533.04 2452.71 5027.54
internal_count=424874 401518 388048 374083 289839 271358 84244 239126 193525 125249 71733 44479 80770 9532 11928 43238 62201 37532 29817 32232 68276 23356 54936 20165 46569 12511 34771 43871 20414 4898 29873 45601 3214 22512 16055 9720 2192 32551 23702 4987 4877 8380 4256 19247 18481 42387 11285 5188 2482 31877 21091 17327 8214 13470 28120 27173 7528 8880 13965 21707 10629 21738
is_linear=0
shrinkage=0.05


Tree=66
num_leaves=63
num_cat=0
split_feature=5 4 4 207 190 141 259 225 11 23 224 200 4 69 210 24 5 172 225 182 183 191 9 9 139 14 172 66 128 79 132 228 4 84 66 225 13 80 202 172 141 18 129 156 81 228 60 85 222 199 4 228 93 4 47 191 224 4 129 179 246 187
split_gain=159.051 129.082 116.789 112.659 122.908 111.08 110.968 71.5637 67.2895 67.0428 63.4728 63.4146 61.7137 58.5727 60.5607 55.8809 57.024 52.0802 49.6228 49.0313 49.4664 46.1462 63.2088 45.9628 45.1402 44.1791 43.9168 43.7492 55.4091 43.399 46.7615 43.3531 51.5487 50.3291 42.4675 41.7905 41.2217 40.7781 41.7609 37.4108 36.8972 40.6661 39.1415 71.8051 36.5453 36.329 36.3108 36.1163 34.9828 34.6515 34.3378 34.2785 33.8212 33.4979 39.4125 32.9742 32.4044 31.8861 31.6545 30.9762 30.9646 30.9185
threshold=1.0000000180025095e-35 0.1530733406543732 0.92741656303405773 -0.077484130859374986 0.030693054199218753 0.010181427001953127 0.0076808929443359384 0.067901611328125014 -0.089019775390624986 -0.061264038085937493 -0.027519226074218747 -0.016014099121093747 0.95094677805900585 0.031478881835937507 0.0057315826416015634 0.10653686523437501 0.17500000447034839 -0.14739990234374997 0.051040649414062507 0.054611206054687507 0.022285461425781253 -0.013332366943359373 0.023460388183593753 -0.097015380859374986 -0.0079612731933593733 0.045547485351562507 0.10763549804687501 0.020881652832031253 -0.052169799804687493 -0.016441345214843747 -0.021125793457031247 -0.077178955078124986 0.24888324737548831 -0.0074748992919921866 0.068817138671875014 0.034744262695312507 -0.027153015136718747 -0.014255523681640623 -0.050521850585937493 -0.047042846679687493 0.059249877929687507 -0.053512573242187493 -0.030509948730468747 -0.019294738769531247 -0.065155029296874986 0.10623168945312501 -0.063385009765624986 -0.025093078613281247 -0.093292236328124986 0.032485961914062507 0.62349414825439464 -0.099884033203124986 -0.096099853515624986 0.77258145809173595 0.034805297851562507 0.019355773925781253 0.019737243652343753 0.27592226862907415 0.097137451171875014 0.11630249023437501 0.16265869140625003 -0.0018086433410644529
decision_type=2 2 2 2 2 2 2 2 2 2 2 2 2 2 2 2 2 2 2 2 2 2 2 2 2 2 2 2 2 2 2 2 2 2 2 2 2 2 2 2 2 2 2 2 2 2 2 2 2 2 2 2 2 2 2 2 2 2 2 2 2 2
left_child=1 -1 3 17 5 19 9 12 58 35 11 34 24 14 27 16 23 -2 44 20 53 -18 -23 59 29 52 49 28 45 -3 -31 32 -12 -34 51 50 -15 48 -39 -29 42 -42 43 -33 -19 -11 -21 -27 -16 60 56 -10 55 54 -5 -22 -6 -24 -7 -8 -26 -48
right_child=2 7 -4 4 6 8 15 -9 10 13 31 -13 -14 36 37 -17 21 18 -20 46 25 22 57 -25 26 47 -28 39 -30 30 -32 40 33 -35 -36 -37 -38 38 -40 -41 41 -43 -44 -45 -46 -47 61 -49 -50 -51 -52 -53 -54 -55 -56 -57 -58 -59 -60 -61 -62 -63
leaf_value=-0.007163015203146438 -0.036895662811114102 -0.0014587537540258425 -0.010897319053289172 -0.0020739762361998053 -0.0092348237640691635 0.0081099408511158839 -0.014366196271157611 -0.0013075167208080705 0.021313415686350253 -0.004426227421728806 -0.012463479094749168 0.0014877253171981385 -0.0088394719557796896 0.019251311640592638 -0.02733287793926454 0.013682469917959048 -0.00030412316106962389 0.0031224593182572489 -0.0012404092136831012 0.01900610186457951 0.031406332038926003 -0.0081307208910507273 -0.0099856822085706842 0.00010240657419983869 0.015081209637684643 0.005775385296624652 -0.0089668964206287699 0.010570429233248123 0.015480484770924122 -0.00010984653440408354 0.012651444436738971 -0.040457230221489379 0.0053252265309970109 -0.017123683816025387 -0.021666113349221902 -0.015340146293868409 0.0073680189812293621 -0.0093596029754195332 0.0044800435816948437 -0.0013743315977007215 -0.0035327940397868749 -0.014170892609093603 -0.0049603073180834178 -0.0067698851121695885 0.013686483535709415 0.034308124408764899 -0.019882289905017933 -0.0063697516482977973 -0.004538022186463736 0.0059982015498217999 0.011780499864501071 -0.0075533292545852549 0.0058916619310379753 -0.0083487709329386935 0.0058076940245150206 -0.0017549167805018633 0.017057597748001668 -0.037871065870963096 -0.032470507129621351 0.012178072285517082 -0.01485905399996134 -0.0040651997566500701
leaf_weight=2096.422032803297 66.819073706865311 1712.9920717105269 2849.8958366364241 7022.9615566059947 769.06142384558916 1113.9835206791759 894.70400492846966 2655.6273881196976 115.03422470390797 635.48646380007267 867.00569370388985 4347.079024977982 532.94074836373329 1017.5655977204442 194.01360669732094 533.27778685092926 909.01660177111626 1227.7427913174033 1283.8425479531288 103.96648013591766 259.11065250635147 1211.6399362906814 147.94896506518126 8708.4714099243283 4362.997082836926 1075.9679526612163 254.70087414979935 992.06813011318445 2105.9013581126928 1078.0488826259971 2147.4570296779275 228.43721142411232 1735.508601590991 290.60860750079155 535.24265998601913 622.19306482374668 2583.1599615961313 651.60948540270329 3308.0556879267097 1927.9255499020219 1124.5952101871371 4480.2603158131242 5432.1602870896459 511.06829649209976 2460.4631494060159 65.897015169262886 591.98570547252893 1417.23139654845 1234.4124611094594 1648.0533345937729 439.18289870023727 905.18506966531277 3651.1071671918035 1504.0343718230724 2047.7723957002163 105.17277731001377 137.2777700945735 339.57814464718103 49.246698409318924 124.50760661065578 87.343390494585037 646.41509615629911
leaf_count=9156 298 7813 12311 31110 3538 5029 3893 11364 533 2800 3955 19412 2293 4906 839 2398 4049 5787 5619 461 1190 5517 677 39703 20645 4907 1149 5000 9756 4848 10004 1088 8037 1273 2340 2723 12362 3013 15435 8897 4786 19559 23694 2295 11592 298 2688 6380 5481 7621 2017 3919 16514 6556 9106 463 642 1587 211 563 403 2847
internal_value=-1.52748e-05 0.00443039 -0.00096495 -0.000586145 -0.00110803 -0.00290893 0.00133933 0.00610925 -0.00532994 0.00403012 -0.00599153 -0.00161279 0.00777493 0.00518912 0.00339318 -0.00214909 -0.00283454 0.00663301 0.0072253 -5.29098e-05 0.000670311 -0.00939827 -0.0142604 -0.00107389 0.00855981 0.00409947 0.011347 0.00697241 0.0114282 0.00497262 0.00838757 -0.00775314 -0.00226821 0.00209849 -0.0102733 -0.00463602 0.0107307 -0.000411955 0.00220078 0.00268613 -0.00910031 -0.0120374 -0.00643145 -0.0172167 0.0101717 -0.000743358 -0.00925047 -0.00112817 -0.00765105 0.0121968 0.00032148 -0.00428079 0.00734485 -0.00144047 -0.000294198 0.0218537 -0.00523806 -0.0294465 0.00636551 -0.0111148 0.0144904 -0.0116361
internal_weight=94179.4 16576.6 77602.9 74753 69714.1 40161.1 29553 14480.2 21735.4 16683.8 20572.2 5902.54 11824.5 14716.1 11115.4 12869.1 12335.9 5038.87 4972.05 18425.7 17083.4 2608.18 1699.17 9727.68 11291.6 6508.59 6353.09 5727.28 2807.28 4938.5 3225.51 14669.6 2893.12 2026.12 1555.46 1967.72 3600.73 5388.09 3959.67 2919.99 11776.5 5604.86 6171.67 739.506 3688.21 701.383 1342.37 2493.2 1428.43 6098.39 1345.52 1020.22 4015.39 10574.8 9070.73 364.283 906.339 487.527 1163.23 1019.21 4450.34 1238.4
internal_count=425350 75296 350054 337743 314447 178353 136094 66140 96131 77707 90891 26204 54776 68787 51519 58387 55989 23296 22998 82222 76226 11830 7781 44159 52483 29454 29818 26751 12854 22665 14852 64687 13265 9310 6792 8920 17268 24768 18448 13897 51422 24345 27077 3383 17379 3098 5996 11287 6320 28669 6197 4452 18167 46772 40216 1653 4180 2264 5240 4456 21048 5535
is_linear=0
shrinkage=0.05


Tree=67
num_leaves=63
num_cat=0
split_feature=3 3 3 5 213 129 6 256 4 4 6 6 9 31 0 6 132 205 144 127 3 21 233 4 6 142 5 174 136 121 27 113 137 256 143 121 159 91 31 4 212 90 112 231 31 98 222 168 6 64 155 159 23 44 183 6 0 183 205 21 185 159
split_gain=289.575 214.209 168.219 145.428 128.35 114.973 133.292 93.341 92.6118 88.3622 77.7585 72.3842 91.3313 71.162 70.3147 69.1128 67.4106 62.877 68.3581 62.6315 62.1862 57.7487 56.9077 56.7526 55.3877 69.5643 50.7172 50.4629 49.2016 49.1857 46.9238 47.8971 47.6402 46.2455 46.1371 45.9801 44.5431 42.7798 42.7277 48.0597 41.454 41.3491 43.8411 40.2618 40.0034 40.5944 39.1054 38.7888 44.2648 43.4532 38.6416 38.1344 38.0612 37.2772 37.8555 37.1863 37.4909 36.6367 36.631 36.5365 36.2942 36.0707
threshold=0.068426430225372328 0.91435948014259349 0.27051992714405065 0.12500000372529033 0.032577514648437507 -0.0048046112060546866 0.82499998807907116 -0.024909973144531247 0.10782293230295183 0.91791033744812023 0.89499998092651378 0.94499999284744274 -0.035140991210937493 -0.010997772216796873 0.015249999705702068 0.60500001907348644 0.050094604492187507 0.062530517578125014 -0.094879150390624986 -0.038711547851562493 0.013127712067216636 -0.079071044921874986 0.069427490234375014 0.426544800400734 0.90500000119209301 0.018974304199218753 0.17500000447034839 0.097137451171875014 0.0048274993896484384 -0.0056018829345703116 0.073638916015625014 -0.049636840820312493 0.037460327148437507 0.091461181640625014 0.079864501953125014 0.0083503723144531267 -0.046646118164062493 -0.064849853515624986 0.028846740722656253 0.18616852164268496 0.032943725585937507 -0.10226440429687499 -0.087066650390624986 -0.023521423339843747 0.089447021484375014 0.10855102539062501 -0.044418334960937493 1.0000000180025095e-35 0.14500000327825549 -0.043136596679687493 0.077789306640625014 -0.11343383789062499 0.036087036132812507 -0.098663330078124986 -0.037460327148437493 0.17500000447034839 0.14774999767541888 0.030616760253906253 -0.0071353912353515616 0.050338745117187507 0.050857543945312507 -0.10446166992187499
decision_type=2 2 2 2 2 2 2 2 2 2 2 2 2 2 2 2 2 2 2 2 2 2 2 2 2 2 2 2 2 2 2 2 2 2 2 2 2 2 2 2 2 2 2 2 2 2 2 2 2 2 2 2 2 2 2 2 2 2 2 2 2 2
left_child=20 2 5 4 8 10 7 -7 50 14 47 12 19 22 -10 -5 24 18 23 60 -1 -6 61 58 25 30 57 38 -18 -23 31 -16 -33 -22 -15 59 -9 -38 39 -20 -34 -40 -43 -21 45 -29 -46 -2 -49 -50 -4 -41 -44 -54 -55 -3 -57 -14 -17 -27 -8 -12
right_child=1 55 3 15 21 6 11 36 9 -11 13 -13 26 34 16 17 28 -19 27 43 33 29 -24 -25 -26 35 -28 44 -30 -31 -32 32 40 -35 -36 -37 37 -39 41 51 -42 42 52 -45 46 -47 -48 48 49 -51 -52 -53 53 54 -56 56 -58 -59 -60 -61 -62 -63
leaf_value=-0.031385689741414806 -0.0074335291243352144 -0.045344544126106598 -0.004750510744328449 -0.014543181794474372 0.0094792990171436425 -0.0015844495682127918 -0.024966389950929868 0.030019762577186776 0.016616061365900867 -0.0036053200598854364 -0.042180802007876009 0.0089640743441857275 -0.00086560566685212395 0.002392689724852546 0.0069589771993188616 0.024836696406257908 0.014892387225093727 -0.0061303618833211462 -0.012939763264986691 -0.014733186833776314 -0.011392465273249816 0.0023255379205777468 -0.040062268706808096 0.00059766266043046379 0.0097370151694823309 0.0085068843790111724 -0.014516392265215434 -0.013073287018018033 0.0066909649246093567 -0.0051874795543193136 0.012278784588436417 -4.8263373518478322e-05 -0.015182440673690643 0.0087102970230820195 0.034895829007635909 0.0026431238869558749 0.029491245721531112 0.0082031842065804755 -0.0087091159237289838 -0.024863540759695976 0.0025452263357822616 -0.0088964312462489863 0.0022932623025900857 -0.0014995352364503376 -0.016361927535374007 -0.055518662570926025 0.011289619446368485 0.02905949310890172 -0.0053003190661708999 -0.022033795485370142 0.012755239248768376 0.00072459301017474044 0.024837920379669039 -0.0030063513050141611 0.011277383844456208 -0.0056072118843806451 -0.014606248118873065 0.011042992782357864 0.0074265809327583969 0.02108998251222638 0.0025619813416388952 -0.0013409888679345046
leaf_weight=368.61349068582058 2589.3999030888081 66.950158506631851 2538.292272798717 859.80172973871231 1260.3806491196156 1723.9022827073932 908.46625103056431 350.53681237250566 1978.7298931330442 1901.8130876496434 60.470509834587574 1014.3756438866258 2245.1775231137872 1730.2842858731747 1423.9248064607382 638.80807472020388 3702.4793275222182 3588.7117140293121 994.51311938464642 945.16463575512171 4330.8885174021125 3824.3522973135114 163.91551745682955 1017.9900612384081 4711.7001435384154 2092.9547628983855 503.42849491536617 753.2020827382803 3618.2454879432917 5059.436478741467 722.03775102645159 3437.5935863107443 1209.7835539206862 305.60379079729319 115.54905652999878 2422.6519988700747 268.42660361528397 1917.9616099148989 739.41849881410599 151.51267098635435 452.8383157029748 652.99168992042542 5841.2766002342105 1464.7680764347315 200.50095862150192 60.049179047346115 348.8781865388155 50.919093698263168 522.32941058278084 1515.8097546473145 358.94368024915457 3214.5356030538678 345.03830774128437 647.67103587090969 1630.2430844902992 4143.2918737530708 1606.4049421995878 905.59794101119041 574.70411029458046 796.98708398640156 137.68410190939903 449.48551876842976
leaf_count=1602 11754 274 11065 3962 5871 7582 3889 1635 10378 8236 324 4575 10023 7756 6529 3252 17282 15871 4375 4073 18683 16915 768 4815 22742 9485 2189 3312 17323 22240 3310 15401 5261 1366 559 10982 1266 8724 3290 760 2057 2817 26255 6283 881 269 1583 207 2295 6850 1613 14690 1602 2866 7460 18099 6809 4116 2752 3793 591 2005
internal_value=5.95173e-05 0.000716419 0.0013638 0.0026085 0.00435688 -0.00268941 0.000231321 0.00739292 0.00593784 0.00680446 -0.00771427 -0.00352489 -0.00530762 -0.000632505 0.00754968 -0.000652157 0.00681951 -9.33964e-05 0.00112324 -0.0111333 -0.011642 -0.000532066 -0.014527 0.00930581 0.00511461 0.00337977 0.000203756 -4.9278e-05 0.0108403 -0.00195333 0.000193256 -0.00114595 -0.00340967 -0.0100658 0.00444518 0.0077252 0.0134915 0.010829 0.000831922 -0.00328867 -0.0103554 0.00265502 0.00357752 -0.00669367 -0.00923727 -0.0162717 0.00118654 -0.0115274 -0.0165958 -0.0177501 -0.00257804 -0.000434223 0.00454078 0.0095432 0.0072166 -0.00855969 -0.00812355 0.00255959 0.0166044 0.0119831 -0.0213444 -0.00625684
internal_weight=94178.4 89173.3 83356.6 63773 41513.1 19583.7 12385.5 4260.83 31369 28471.7 7198.16 8124.66 7110.29 2519.7 26569.9 22259.8 24591.2 21400 17811.3 3456.08 5005.11 10144.2 673.872 2231.5 17270.5 12558.8 3654.2 15579.8 7320.72 8883.79 7246.18 6524.14 5100.22 4636.49 1845.83 5312.59 2536.93 2186.39 14217.2 4360.56 1662.62 9856.64 9117.22 2409.93 1362.63 813.251 549.379 4678.46 2089.06 2038.14 2897.24 3366.05 8464.23 2622.95 2277.91 5816.65 5749.7 3150.78 1213.51 2889.94 1046.15 509.956
internal_count=425592 403941 378759 291295 190483 87464 54946 19207 145457 132779 32518 35739 31164 11412 124543 100812 114165 96850 80979 14836 21651 45026 3097 10819 79560 56818 16328 70160 34605 39155 32558 29248 22719 20049 8315 24260 11625 9990 64115 19825 7318 44290 41000 10356 6045 3581 2464 21106 9352 9145 12678 15450 38183 11928 10326 25182 24908 14139 6004 13278 4480 2329
is_linear=0
shrinkage=0.05


Tree=68
num_leaves=63
num_cat=0
split_feature=2 234 225 21 212 259 2 132 166 213 49 183 182 232 32 123 154 121 253 143 2 103 202 93 211 143 73 20 208 192 253 174 213 21 234 183 199 2 87 230 98 135 242 95 2 18 184 39 164 225 23 130 40 212 7 160 202 7 151 44 249 184
split_gain=360.312 164.938 145.028 123.267 120.501 153.98 119.876 146.912 114.301 109.725 91.3248 95.6893 90.2928 83.1593 80.5626 76.6222 74.9354 73.4031 72.5526 68.4338 66.8529 69.1696 70.7809 64.4251 60.3872 64.7891 60.3516 56.9917 55.4906 54.1155 59.7871 53.2454 51.9645 51.8479 51.4272 50.6647 60.6462 49.9909 49.6156 48.5416 48.4086 47.6219 45.4901 44.5028 44.1732 49.0184 43.9784 43.6684 43.5715 43.4056 43.2102 52.6386 45.4246 52.9441 42.4623 42.0619 41.8398 41.6419 41.5457 41.2905 41.1394 41.0161
threshold=1.9550755620002749 -0.097991943359374986 -0.013057708740234373 0.089080810546875014 0.027290344238281253 0.0064983367919921884 1.3416095376014712 0.019142150878906253 -0.051406860351562493 0.016014099121093753 0.10684204101562501 -0.050399780273437493 -0.10275268554687499 0.019721984863281253 -0.010814666748046873 0.060165405273437507 0.098175048828125014 0.0054759979248046884 -0.0086555480957031233 0.051162719726562507 2.6635866165161137 0.038833618164062507 -0.051742553710937493 -0.045455932617187493 -0.095245361328124986 0.079864501953125014 0.0077228546142578134 0.064971923828125014 -0.019874572753906247 -0.092071533203124986 -0.012241363525390623 0.078155517578125014 0.060501098632812507 0.058609008789062507 -0.014072418212890623 0.025398254394531253 -0.0086250305175781233 1.0692129135131838 -0.030036926269531247 0.031448364257812507 0.00067663192749023448 -0.097503662109374986 -0.049789428710937493 -0.094390869140624986 2.5222852230072026 0.028617858886718753 0.035537719726562507 0.0011801719665527346 -0.074432373046874986 0.012371063232421877 0.036758422851562507 0.051193237304687507 0.043350219726562507 0.00068688392639160167 -0.056716918945312493 -0.053756713867187493 0.14862060546875003 0.013103485107421877 0.030998229980468753 0.074310302734375014 -0.050460815429687493 0.070587158203125014
decision_type=2 2 2 2 2 2 2 2 2 2 2 2 2 2 2 2 2 2 2 2 2 2 2 2 2 2 2 2 2 2 2 2 2 2 2 2 2 2 2 2 2 2 2 2 2 2 2 2 2 2 2 2 2 2 2 2 2 2 2 2 2 2
left_child=1 32 23 6 8 9 10 16 59 19 11 34 -9 14 40 -11 18 43 35 44 21 29 41 26 31 60 -2 28 -25 -10 49 -7 37 55 -3 36 -8 57 -24 54 -14 -23 -40 -5 45 58 -20 -17 -39 -31 51 -13 53 -52 -30 -22 -57 -1 -6 -4 -26 -50
right_child=2 3 4 17 5 24 7 12 20 15 -12 50 13 -15 -16 47 -18 -19 46 -21 33 22 38 27 25 -27 -28 -29 39 30 -32 -33 -34 -35 -36 -37 -38 48 42 -41 -42 -43 -44 -45 -46 -47 -48 -49 61 -51 52 -53 -54 -55 -56 56 -58 -59 -60 -61 -62 -63
leaf_value=-0.0095283635880328548 0.0050740848241191076 0.0057395805302340175 0.0079892697174439569 0.032312533254331276 -0.0042155016145935314 -0.013024045869403457 -0.0020661457908340165 0.01687992226562304 -0.02211586947039337 0.0046945421544700022 -0.021623757863045365 -0.018645441359547845 0.0035136530996493598 -0.010095725486215248 0.0072210644291372944 0.0093715943029502573 0.010619459365415404 -0.0055131771787439625 -0.01884104743970251 0.024629436678945918 -0.014604575557849884 -0.039625739848921843 -0.0022724903330636329 -0.00052189749014553593 0.0068029596638296405 0.019070498752084879 0.017829806440847525 -0.0033644671908569681 0.00084133696530470968 0.0029492874475293852 -0.010917178953793192 -0.062649859096477092 -0.0089028187899044195 -0.0064403175136133854 -0.011528897804146607 0.0010613378977826246 -0.013619522286347181 0.022839644431297899 0.035635166337259418 0.0036807735209913768 -0.012251271846129608 0.0011417348223769826 0.0095570412062682582 0.0094736348430163406 0.01495146914759074 0.014526689032790417 -0.0071424309400727071 -0.022829928899068579 0.0026231932178827112 -0.0051557987263910216 0.0030507422178655702 -0.0059628893299364322 -0.022510171700853367 -0.010851928969814295 0.012604285891722812 0.004307415868959899 -0.030337504901679548 0.011351828946515378 0.015022254301168903 -0.0077185977663839882 -0.0060215271186902751 0.019742345203632147
leaf_weight=611.15276293456554 1741.8587207719684 1534.1900847479701 3841.9474883005023 296.23222067952156 1242.3778871521354 242.65854676067829 2088.2245911359787 851.35756108164787 497.92389960587025 2152.9417457431555 1518.589002892375 2671.1685798689723 860.19115486741066 1671.094913341105 3485.6582196354866 135.62716639041901 541.89673939347267 643.08229896426201 2109.673767760396 956.93568630516529 323.94160734117031 139.66212390363216 689.71205824613571 2781.9423932433128 793.48564836382866 353.63484282791615 1984.5969981774688 1985.9282367229462 922.09959193319082 2197.9299870878458 3430.2018941864371 68.850418403744698 528.14342111349106 1877.2195396572351 598.52170288562775 2077.5577266216278 2490.670524045825 659.96879050135612 212.59237679839134 4634.2350101098418 1120.1424045860767 145.86112459003925 776.59466971457005 760.39015328884125 2346.862369030714 934.84233239293098 1299.9811469763517 462.34438472986221 1185.5798689574003 6640.8372492343187 1247.1862544491887 1180.9956486225128 404.14324457943439 1516.6925401315093 4570.5864307582378 6358.373298831284 87.370088338851929 390.50219111889601 361.45535498857498 468.67583274841309 2937.7791327536106 495.60939545929432
leaf_count=2757 8161 6813 18233 1386 5470 1084 8834 3809 2112 9658 7162 12450 3746 7309 15155 639 2339 2753 8834 5162 1528 599 3034 12924 3597 1788 9639 8900 4344 9693 14492 306 2269 8473 2686 8770 10422 3023 972 22030 4757 636 3434 3448 11764 4289 5475 2098 5217 28120 5592 5285 1874 6807 22491 29573 397 1752 1649 2225 13236 2328
internal_value=-3.43792e-05 -0.00407004 0.0023366 -0.00528639 0.000663574 0.00463652 -0.00604665 -0.0036223 -0.00120037 0.00852994 -0.0102707 -0.00838486 0.0014988 -0.000338063 0.00264641 0.000295818 -0.00747857 0.0078006 -0.00845381 0.0124062 -0.00257986 -0.00462825 0.00410451 0.00599113 -0.00297392 -0.00135295 0.0118704 0.00451954 0.0057326 -0.00597216 -0.00531523 -0.0241578 0.0056596 0.000909998 0.000890243 -0.00541438 -0.00835216 0.00796235 0.00802028 0.00745064 -0.00540519 -0.0188682 0.015192 0.0159012 0.0100075 0.00543303 -0.0143842 -0.0155228 0.0119604 -0.00314021 -0.0112023 -0.0147598 -0.00687336 -0.00457958 0.0106301 0.00294887 0.00383318 -0.00138487 0.000126764 0.00628003 -0.0032932 0.0076786
internal_weight=94138.5 34838.6 59299.9 30967.6 40678.6 12989.8 29267.9 18596.4 27688.8 8593.39 10671.5 9152.9 7988.44 7137.09 5465.99 2750.91 10608 1699.7 10066.1 5842.47 23378.2 14731.3 1964.42 18621.2 4396.41 4084.9 3726.46 14894.8 12908.9 12766.9 12269 311.509 3870.96 8646.9 2132.71 6656.45 4578.9 3342.81 1678.9 10126.9 1980.33 285.523 989.187 1056.62 4885.54 2538.68 3409.65 597.972 2341.16 8838.77 7020.19 3852.16 3168.02 2763.88 5492.69 6769.68 6445.74 1001.65 1603.83 4310.62 3731.26 1681.19
internal_count=425802 153052 272750 135706 184261 60740 128119 79450 123521 40729 48669 41507 34776 30967 23658 12395 44674 7587 42335 28334 103063 63092 8675 88489 20011 18621 17800 70689 61789 54417 52305 1390 17346 39971 9499 28026 19256 15077 7440 48865 8503 1235 4406 4834 23172 11408 14309 2737 10568 37813 32008 17735 14273 12399 26835 31498 29970 4509 7119 20458 16833 7545
is_linear=0
shrinkage=0.05


Tree=69
num_leaves=63
num_cat=0
split_feature=3 3 3 78 242 4 3 203 88 213 259 6 3 205 135 247 4 6 174 6 132 239 197 69 68 121 4 106 4 6 249 141 1 46 37 6 16 87 49 82 121 21 125 11 242 36 171 72 188 165 185 141 215 4 23 135 215 218 7 87 84 198
split_gain=266.815 238.08 127.768 150.082 110.727 104.565 94.8778 94.4805 90.9269 77.5706 86.1049 80.947 73.2412 69.1754 68.7307 66.4452 64.2858 60.5092 58.5475 57.3307 56.9878 56.587 55.8698 54.6485 52.4191 51.9807 52.8923 51.0274 50.5339 50.4735 50.4508 49.9913 49.7891 49.7056 49.4227 49.4019 46.4664 45.6347 45.3398 44.6892 50.2367 51.0242 44.2596 43.354 43.0008 41.3666 40.9894 40.6371 41.1051 39.7976 38.8103 38.3987 37.7644 37.6972 36.7222 36.4864 42.0655 39.5256 36.4269 36.2309 36.2104 56.2719
threshold=0.17123846709728244 0.82998365163803112 0.49005511403083807 -0.094329833984374986 0.084197998046875014 0.068065583705902113 0.036557415500283248 -0.034469604492187493 0.043197631835937507 0.034133911132812507 0.072601318359375014 0.94499999284744274 0.95874175429344188 0.062530517578125014 0.068023681640625014 -0.093292236328124986 0.91791033744812023 0.91500002145767223 -0.020957946777343747 0.23499999940395358 -0.12301635742187499 0.017082214355468753 -0.057754516601562493 -0.077117919921874986 0.081878662109375014 -0.092864990234374986 0.12899261713027957 0.077606201171875014 0.93205398321151745 0.82499998807907116 -0.079620361328124986 0.011646270751953127 -26499999.999999996 -0.065765380859374986 0.018898010253906253 0.90500000119209301 0.080902099609375014 -0.030036926269531247 0.17193603515625003 0.050521850585937507 0.014636993408203127 0.028541564941406253 0.049606323242187507 0.013828277587890627 -0.078643798828124986 -0.076019287109374986 -0.029029846191406247 -0.0063724517822265616 0.016944885253906253 -0.099334716796874986 0.035964965820312507 -0.019538879394531247 -0.10739135742187499 0.79757124185562145 0.0077648162841796884 0.076690673828125014 -0.075897216796874986 0.066192626953125014 0.011951446533203127 -0.032882690429687493 -0.038925170898437493 0.076080322265625014
decision_type=2 2 2 2 2 2 2 2 2 2 2 2 2 2 2 2 2 2 2 2 2 2 2 2 2 2 2 2 2 2 2 2 2 2 2 2 2 2 2 2 2 2 2 2 2 2 2 2 2 2 2 2 2 2 2 2 2 2 2 2 2 2
left_child=6 2 3 8 9 -4 50 16 -2 10 24 20 19 35 15 29 23 -16 51 -3 -11 34 -12 -7 27 37 -27 28 36 53 -24 -15 46 -29 -6 38 55 -21 39 49 41 -41 52 -35 -32 -37 -25 48 -22 -9 -1 -17 -20 -8 -51 56 57 -5 -58 -47 -28 -62
right_child=1 12 5 4 21 7 14 13 -10 11 22 -13 -14 31 17 18 -18 -19 42 25 47 -23 30 32 -26 26 60 33 -30 -31 44 -33 -34 43 -36 45 -38 -39 -40 40 -42 -43 -44 -45 -46 59 -48 -49 -50 54 -52 -53 -54 -55 -56 -57 58 -59 -60 -61 61 -63
leaf_value=-0.0117934623654326 0.0040566636151933419 -0.027160207707605695 -0.0075504931293080418 0.0040221555026873539 -0.0091100486182031232 -0.0054169782935953974 0.028852751376295546 -0.0047836920560010848 0.020348495255256505 -0.031610644588983085 0.0061358359430111623 0.009399050320483741 -0.013911522661415208 0.0026272011248455567 -0.016756536060900187 -0.0040716356862059077 -0.0047155474441913474 0.00061868478890771529 0.0066441725441989318 0.026124695088635415 -0.021278929908230451 0.013698444590177964 0.009948264999233021 0.0026266974402424322 0.0093821508628580547 -0.013526683320962411 0.0020443459545869506 0.0068522221768070437 -0.015084619823573632 -0.0014050522304099493 -0.032359750600413024 -0.0087737768909534625 0.022543861683512134 -0.0052519716927659074 0.0087457145155673734 -0.0053695677133571013 0.012317931348534452 0.0015375658875864684 -0.0068602678156705317 -0.0028144081371805048 -0.0095743072930905629 0.016885269802000238 0.0083774038237413636 -0.020648780803444785 -0.01265152668329895 0.0026309505832511917 0.011286735143364741 -0.0046810806027388473 -0.0067608706719009858 0.0024966302596116196 -0.027150571695976362 -0.014931703415824227 -0.0050267374890534591 -0.0052999375574692108 0.0094818734039040457 -0.0062714952688430435 -0.002850087585481604 0.019820160438750723 0.0044890852351241765 0.012563831078818314 -0.0064239772644570222 0.0097503771569227224
leaf_weight=1328.3792565986514 2797.1532122343779 248.68420411646366 1726.3992102220654 1539.1483829319477 719.00061620026827 552.3915519118309 366.04631693661213 857.36199262738228 1233.8159896731377 270.98247483372688 404.83762270212173 646.92170722782612 1970.5668193697929 1967.665772728622 1847.8624128177762 1609.248510286212 813.90992440283298 687.26329243183136 825.47253470867872 258.4054112136364 948.35410594940186 1696.8825107589364 185.05075603723526 1683.430174164474 1478.1946813464165 1268.5889929831028 2834.7257711812854 525.63048905879259 476.43212302029133 506.11649851500988 372.60242700576782 1878.6646059453487 818.08769461512566 1379.7652187421918 838.25839202105999 484.74861325323582 915.80318360775709 693.09759742021561 1118.8250801712275 906.28704741597176 1196.2624913528562 514.55287031829357 994.23610053956509 683.54600545763969 1079.0046220198274 1245.6352656334639 7270.5376455560327 3232.6105798110366 1005.1130244284868 3231.2014770656824 597.22239348292351 1648.0711949244142 4297.7652783617377 103.24579240381718 4506.4936790689826 1640.6540486365557 4358.8733275160193 532.39919826388359 2760.6342120543122 3496.6111024916172 5397.3694376125932 596.34892089664936
leaf_count=5725 12709 1039 7434 7017 3269 2562 1740 3815 5897 1159 1775 2948 8422 8922 7986 7162 3515 2981 3637 1152 4077 7959 859 7611 6872 5562 13050 2486 2080 2166 1739 8317 4352 6137 4086 2318 4223 3086 4732 4095 5446 2296 4413 2948 4896 5907 34508 14162 4370 14597 2616 7370 18982 469 20473 7306 19737 2519 12839 16852 24006 2626
internal_value=-5.88024e-05 0.00109233 0.0023211 3.43594e-05 -0.00127792 0.00443779 -0.00621859 0.00507399 0.00904715 -0.00243178 -0.000806113 -0.00731336 -0.00501897 0.00313029 -0.00467079 -0.00286291 0.00880853 -0.0120478 -0.00415536 -0.00346675 -0.00929593 0.00738494 -0.0104834 0.00987503 0.000407156 -0.00293104 -0.00398402 -0.000489042 0.000861646 0.00955059 -0.0145955 -0.00294222 0.0107399 -0.00686432 0.000500991 0.00446065 0.00150959 0.00823526 0.0027335 0.00369136 -0.00202864 0.00432663 -0.00127157 -0.0103602 -0.0177291 0.00853386 0.00965904 -0.00812408 -0.0138163 0.00543307 -0.0165681 -0.00956928 -0.00314535 0.0213438 0.00656559 0.000594712 0.00182092 0.00808993 -4.04599e-06 0.00995589 -0.00261142 -0.00481334
internal_weight=94069.5 79258.5 65990.7 31721.7 27690.7 34269.1 14810.9 32542.7 4030.97 24436.6 18332.6 6103.98 13267.8 21404.3 12885.3 10350.2 11138.4 2535.13 9374.79 11297.2 5457.06 3254.14 2041.5 10324.4 16291.1 11048.5 10097 14812.9 12223.9 975.409 1636.66 3846.33 9772.06 2588.94 1557.26 17558 11747.5 951.503 12331 11212.2 2617.1 1420.84 6117.47 2063.31 1451.61 5226.99 8953.97 5186.08 1953.47 8595.06 1925.6 3257.32 5123.24 469.292 7737.7 10831.7 9191.06 2071.55 7119.51 4742.25 8828.44 5993.72
internal_count=426011 360764 301821 144069 125463 157752 65247 150318 18606 110149 83433 26716 58943 97770 56906 45939 52548 10967 41564 50521 23768 15314 9269 49033 74164 49482 45244 67292 55721 4375 7494 17239 46471 11571 7355 80531 53641 4238 55454 50722 11837 6391 27032 9085 6635 25077 42119 22609 8447 38885 8341 14532 22619 2209 35070 49418 42112 9536 32576 22759 39682 26632
is_linear=0
shrinkage=0.05


Tree=70
num_leaves=63
num_cat=0
split_feature=2 4 234 113 141 21 5 4 2 5 0 2 132 4 115 2 184 4 169 145 2 4 2 151 2 2 254 23 254 147 154 228 151 145 19 169 98 77 242 104 134 217 54 46 84 49 197 141 255 2 14 4 208 200 202 26 110 128 2 129 10 260
split_gain=338.838 366.069 156.328 132.194 130.302 122.449 121.022 98.1615 96.674 95.9585 95.1568 83.4613 80.3317 78.1962 75.1537 74.61 87.7957 83.6666 74.4613 74.0045 73.4257 87.7626 73.3619 72.021 68.3202 66.2306 64.7884 64.187 61.2735 61.0025 59.2853 59.229 59.0806 56.0203 55.8735 54.7451 59.1148 53.3951 52.9077 66.6695 52.8309 64.3141 52.0145 80.8271 54.6051 51.6518 48.2676 46.2441 45.9533 45.7179 45.419 45.2256 44.8879 53.9338 43.9595 42.5796 42.3693 42.2603 41.3091 47.2921 41.2087 40.7595
threshold=1.938910245895386 0.36617362499237066 -0.046920776367187493 -0.057418823242187493 -0.037216186523437493 0.079803466796875014 0.075000001117587103 0.91791033744812023 1.6098284125328066 1.0000000180025095e-35 0.088250000029802336 3.4507313966751103 -0.088287353515624986 0.35933779180049902 0.098724365234375014 1.1422427892684939 0.045211791992187507 0.45936642587184912 -0.019721984863281247 -0.021018981933593747 2.7990897893905644 0.6043040156364442 1.5088402628898623 -0.047714233398437493 1.5344280004501345 1.280011057853699 -0.0065517425537109366 0.035415649414062507 -0.10952758789062499 -0.045242309570312493 0.0086097717285156267 -0.073822021484374986 0.051284790039062507 0.032943725585937507 0.058425903320312507 -0.045669555664062493 0.012088775634765627 -0.075225830078124986 -0.0026350021362304683 -0.042221069335937493 0.091827392578125014 0.0088081359863281267 -0.056594848632812493 0.010707855224609377 0.044967651367187507 -0.10214233398437499 -0.089813232421874986 0.11148071289062501 0.072540283203125014 1.6600863933563235 0.0033464431762695317 0.18616852164268496 0.012760162353515627 0.041976928710937507 0.050491333007812507 -0.041732788085937493 0.0028638839721679692 0.044937133789062507 3.0871285200119023 0.090484619140625014 0.020393371582031253 -0.0089607238769531233
decision_type=2 2 2 2 2 2 2 2 2 2 2 2 2 2 2 2 2 2 2 2 2 2 2 2 2 2 2 2 2 2 2 2 2 2 2 2 2 2 2 2 2 2 2 2 2 2 2 2 2 2 2 2 2 2 2 2 2 2 2 2 2 2
left_child=1 4 7 14 24 9 10 15 31 22 32 13 50 18 38 37 17 -17 27 -20 52 26 -4 -7 -1 -11 42 30 -27 -25 56 -6 61 55 58 36 -30 -3 -2 -40 41 -12 43 44 -22 -37 -10 -39 -33 -19 -13 -21 -15 54 -54 -18 -8 -43 59 -29 -36 -5
right_child=3 2 5 6 8 23 11 -9 46 25 40 12 -14 20 -16 16 33 49 19 51 21 -23 -24 29 -26 28 -28 34 35 -31 -32 48 -34 -35 60 45 -38 47 39 -41 -42 57 -44 -45 -46 -47 -48 -49 -50 -51 -52 -53 53 -55 -56 -57 -58 -59 -60 -61 -62 -63
leaf_value=-0.010010771928370707 0.0024614431384717399 0.011518052352291806 -0.0037147360106864293 0.0037023539967394807 -0.0099079257791209185 -0.046041864195350266 -0.0070645038837291816 -0.0084913647466720726 -0.027130415056718593 -0.013901435496788649 -0.0022994124532709731 0.019019532034369787 0.013738990516721948 -0.0080669474613427519 -0.0078846486270035664 -0.014180986249205338 -0.0058443395241670618 0.012377069836221567 0.0027538103465221302 -0.01908703915529111 -0.032026963033043747 0.0074660445571197061 0.01156384734518065 -0.0063300731748532207 0.0047023626664743729 -0.028030221702779093 0.00086408675881074451 0.01381525549402058 -0.00045363764772503003 0.020300310930610192 0.0066421221106808502 -0.021893602393459125 0.01813016259176432 0.030590369760761172 0.01411621629109543 -0.042188392860592241 -0.013828925395335057 -0.0082971585619375145 0.021281244521209455 0.0088657553288075883 0.012739091240313156 0.0027915652991524868 -0.008629717491578202 -0.073842048985160433 0.033437097010670873 0.0019708535911570758 -0.0078040596541482168 0.027549913115337457 -0.040094327236277524 -0.0001879294204230847 -0.038304154887968685 -0.0035782357752647724 -0.00023952508889332085 0.010776849863316756 -0.011799296065155354 0.016789894334612317 0.0031479496714460924 0.014131064389620092 0.031562074486246004 -0.015570762778226985 -0.0047746430137719613 0.012461881416150884
leaf_weight=1672.8440977036953 1825.1328220814466 596.31457920372486 2018.2425454258919 3750.8298114910722 916.89065784215927 51.337521687150002 2408.3596586883068 1216.2032824978232 355.44261719286442 2937.9885217621922 6663.5365361720324 47.228730261325836 1565.6240848004818 7105.736193113029 652.67579126358032 482.32354468107224 255.65955214202404 2137.8796429410577 1813.3945861458778 947.67607678472996 117.91037894040346 2822.2462465018034 1285.1443586796522 282.32246233522892 1491.7035655677319 273.54338602721691 1347.9440232366323 1733.7786841541529 1415.1840103119612 896.09389206767082 2805.6744234710932 2369.1261737644672 1436.5505371689796 628.22410191595554 422.39237286895514 66.734542325139046 1983.7868865579367 1452.0050157606602 1496.4043718054891 3902.7454842850566 1020.4178156107664 3696.359466150403 577.1012082695961 89.132336780428886 42.601587027311325 2959.4802385270596 3477.9369837194681 94.939317002892494 407.74601071327925 1094.2860940694809 122.78040066361427 932.90079535543919 2461.326126344502 728.20814872533083 1234.1551710814238 1098.5835213959217 1754.9244351685047 1055.7682046294212 296.73614551872015 147.82581037282944 906.39997496455908 2056.1156130731106
leaf_count=7544 8259 2640 8865 17822 4113 217 10832 5138 1477 13514 29551 229 7862 30909 2908 2065 1125 9408 8104 4175 614 13420 5717 1225 6331 1340 6515 7994 5927 4126 12413 11342 7132 3092 1940 282 8209 6553 7733 18490 4701 16778 2908 419 219 12652 14617 442 1865 4654 556 4279 11161 3353 5457 4950 8120 4978 1507 628 3942 10269
internal_value=5.95128e-05 -0.00393469 -0.000410284 0.00231789 -0.0115902 -0.00368958 0.00140527 0.00472042 -0.0151689 -0.00512265 0.00449841 -0.000471712 0.010192 -0.00107497 0.0083546 0.0067707 0.00976197 0.00522494 0.00165031 -0.00445271 -0.00341165 0.00165053 0.00223092 0.0113817 -0.003076 -0.00764336 -0.00589663 0.00380252 -0.00489697 0.0139203 0.00102567 -0.0209414 0.00905365 0.018256 0.00931847 -0.00390789 -0.00826181 -0.0011812 0.00982262 0.0123101 0.00184465 0.000869795 -0.0169072 -0.0359313 -0.0145527 0.000983433 -0.00960267 -0.00608077 -0.0245796 0.00812431 -0.0223615 -0.0113996 -0.00560559 -0.001651 -0.00410221 0.0125158 -0.00275999 0.00531328 0.0142457 0.0114995 0.00123642 0.00680553
internal_weight=93906.6 33918 23226.3 59988.6 10691.7 14169.9 52111.6 9056.42 7527.14 12940.1 19679.6 32432.1 1735.63 30696.4 7876.96 7840.22 5696.96 3714.49 14170.1 3693.97 16526.4 4996.94 3303.39 1229.75 3164.55 9636.72 2174.69 10476.1 6698.73 1178.42 6968.96 3693.76 7243.5 1982.47 3507.13 6425.19 3398.97 2143.26 7224.28 5399.15 12436.1 11415.7 826.746 249.644 160.512 3026.21 3833.38 1546.94 2776.87 3232.17 170.009 1880.58 11529.4 4423.69 3695.48 1354.24 4163.28 4752.13 2178.34 1881.6 1328.79 5806.95
internal_count=425607 149430 102141 276177 47289 62074 238787 40067 33414 56506 91231 147556 8647 138909 37390 34929 25294 16127 63934 16558 74975 24095 14582 5568 13875 41924 10675 47376 28410 5351 31365 17320 35223 9167 16011 27070 14136 9635 34482 26223 56008 51307 4160 1252 833 12934 16094 6995 13207 14062 785 8454 50880 19971 16618 6075 18952 21756 10129 8622 5882 28091
is_linear=0
shrinkage=0.05


Tree=71
num_leaves=63
num_cat=0
split_feature=0 5 31 102 88 103 66 8 49 187 10 7 262 69 9 259 27 78 234 5 254 62 254 106 212 7 221 78 254 22 49 24 86 114 231 114 72 93 0 239 138 211 245 187 185 95 117 160 48 234 27 168 95 187 180 127 102 153 13 201 171 210
split_gain=157.471 128.72 70.863 69.4958 60.7805 86.0164 63.7057 53.7258 52.3632 57.8811 55.0377 51.3622 51.0889 50.5174 50.1514 47.519 52.8414 43.6974 53.9631 43.0603 42.1506 40.8693 39.4513 38.8474 38.2172 36.9484 39.6485 35.9304 38.5375 41.8467 36.7381 35.7833 50.9769 35.4991 35.4542 35.3471 35.2152 35.0661 39.8705 34.9925 39.0965 34.8522 34.8465 36.637 33.3512 33.0595 33.0295 32.6863 32.3333 32.1628 30.8811 30.7775 30.6559 35.8451 30.455 33.224 29.9657 40.5857 29.8818 29.7187 29.1111 29.0469
threshold=0.15074999630451205 0.12500000372529033 0.0049343109130859384 -0.025138854980468747 -0.0047550201416015616 -0.046920776367187493 0.056198120117187507 0.081573486328125014 0.093536376953125014 0.00059270858764648448 -0.081024169921874986 0.081390380859375014 0.032455444335937507 -0.010219573974609373 0.033859252929687507 0.068695068359375014 -0.066375732421874986 -0.077667236328124986 0.028312683105468753 1.0000000180025095e-35 0.093841552734375014 0.060043334960937507 0.014438629150390627 -0.0044193267822265616 0.066070556640625014 -0.081390380859374986 -0.083526611328124986 -0.0060901641845703116 0.095184326171875014 -0.040206909179687493 0.14862060546875003 0.10653686523437501 0.015953063964843753 -0.13031005859374997 -0.040847778320312493 0.023277282714843753 -0.093536376953124986 -0.045455932617187493 0.0032500000670552258 0.025886535644531253 -0.10128784179687499 0.056869506835937507 1.0000000180025095e-35 0.096343994140625014 0.15545654296875003 0.011425018310546877 0.035537719726562507 -0.00053000450134277333 0.11532592773437501 0.025901794433593753 0.047164916992187507 0.012302398681640627 -0.029029846191406247 0.029716491699218753 -0.098602294921874986 0.16009521484375003 0.013027191162109377 1.0000000180025095e-35 -0.086212158203124986 0.059341430664062507 0.041702270507812507 0.096649169921875014
decision_type=2 2 2 2 2 2 2 2 2 2 2 2 2 2 2 2 2 2 2 2 2 2 2 2 2 2 2 2 2 2 2 2 2 2 2 2 2 2 2 2 2 2 2 2 2 2 2 2 2 2 2 2 2 2 2 2 2 2 2 2 2 2
left_child=1 3 15 12 8 6 34 11 9 10 21 24 17 23 39 41 -17 42 44 -2 -11 60 -13 47 31 26 -12 28 29 -7 -29 37 -33 50 -6 48 -27 46 -39 40 -10 52 43 -1 58 -38 -4 -9 -31 -25 -21 -44 61 -54 55 -35 -40 -58 -19 -60 -5 -3
right_child=19 2 7 4 5 27 -8 13 14 20 25 22 -14 -15 -16 16 -18 18 -20 33 -22 -23 -24 49 -26 36 -28 30 -30 35 -32 32 -34 54 -36 -37 45 38 56 -41 -42 -43 51 -45 -46 -47 -48 -49 -50 -51 -52 -53 53 -55 -56 -57 57 -59 59 -61 -62 -63
leaf_value=0.012893060963628928 0.00031021638847778758 0.0051169124632783579 0.0047709147142224323 -0.014896101773829351 -0.0028491198997638895 0.01749260237382616 -0.0069183322120000184 -0.056587964403049418 0.0091321121252680073 0.0076259995440816023 -0.029093563458450589 -0.0023741047961563788 0.0034947798612183448 0.013311937193101267 0.017393920717525307 -0.0034964724063791587 -0.025851633900278538 0.030052741605529877 -0.012859015510504819 -0.018187660585572939 -0.0060993596232398542 -0.025007107493693434 -0.018509623633486398 0.0084093045675249205 0.0065740909203351339 0.015607627768722774 -0.0023030689351675676 0.0066388869934896873 0.00016139179307595646 0.0065526381727814892 -0.0070353826680118331 0.016327512229596466 -0.0029016117810272551 0.0033196018793489228 0.0066631193362863125 0.015721271351467642 0.0035445269579719146 0.019125111143978586 -0.0065129721631624216 0.0022722890521415049 -0.010323903279270323 -0.020082802937045761 0.0058084055215741406 -0.01452690834137447 -0.035257994615730585 -0.0089694220465674473 -0.011210839045007054 -0.001050001715743125 -0.019596906645064416 -0.0087335944425106487 0.0059384383330768438 -0.020034376964579687 -0.014802589256772851 2.1181431220560822e-05 -0.0049330488606952501 -0.031656631067794171 0.0033536548185272431 -0.0057571509921866652 -0.0035134742777787813 0.015376663789560041 0.0093660811151463769 -0.026881761346523998
leaf_weight=836.79086693376303 5457.3266219496727 1156.4387387633324 2447.1779628619552 247.11645425856113 1338.2103301137686 2246.4799190163612 1774.1673661619425 53.892205826938152 290.00204605609179 6036.0139700174332 180.46091748774052 768.14823250472546 3728.9864225313067 1264.7942048832774 269.12449914216995 449.80669642239809 641.30675834417343 75.475499920547009 1884.6835875883698 791.15882490575314 615.74831363558769 357.54594737291336 747.07271382957697 711.7197223752737 1618.40730971843 507.49226140230894 578.85005679726601 4603.3871299549937 756.98034974932671 2196.4209696426988 549.02580887824297 649.85861851274967 732.08526690304279 1722.6112664267421 3649.4812398031354 1199.0327082574368 3506.2221866175532 188.4881489276886 5604.4429734274745 1168.456910431385 2304.1220952942967 323.7302772551775 218.93037588894367 141.69472529739141 70.91206518560648 620.28619182854891 371.51460142433643 51.28085646033287 123.97634990513325 443.11695204675198 158.8049580603838 241.36274490505457 803.78979586809874 826.72024592757225 15827.95583473891 69.68388344347477 2468.5131468847394 2419.4869868680835 2163.6439893841743 229.37671641260386 245.48040597140789 74.561616003513336
leaf_count=3875 24360 5239 10994 1151 5977 10686 7937 250 1355 28419 793 3524 17268 5992 1236 2254 3081 364 8493 3419 2746 1652 3266 3320 7724 2389 2628 21963 3435 10187 2397 2873 3254 7851 16526 5744 16083 904 25067 5113 10004 1427 1014 661 311 2807 1628 235 548 2029 700 1091 3562 3729 69498 329 11102 10831 9755 1094 1176 327
internal_value=-0.000103355 0.00109886 -0.00179161 0.00269445 0.00371825 0.00570434 0.00121647 -0.000572337 0.00155476 0.0031097 -0.000348015 -0.00152974 -0.00108019 0.00625693 -0.00341818 -0.00764645 -0.0166475 -0.00399012 -0.00645144 -0.00359432 0.00635473 -0.0121644 -0.0103366 -0.000829806 -0.000720417 0.00151649 -0.0087001 0.00830321 0.0107685 0.0121608 0.00518072 -0.0015141 0.00614614 -0.00474172 0.0041109 0.00875342 0.00319207 -0.00229867 -0.00360771 -0.00491103 -0.0081462 -0.00455887 0.00357738 0.00891159 -0.00169271 0.00166174 0.00266123 -0.0297734 0.00514766 0.00182962 -0.0141525 -0.00775676 -0.0027962 -0.00729106 -0.00423358 0.00194284 -0.00401787 -0.00115631 -0.000714598 -0.00169714 -0.00281082 0.00315851
internal_weight=93799.8 69772.3 24816.4 44955.9 35364.1 18437.2 6761.86 20540 16926.9 12895.2 6243.45 18015.2 9591.86 2524.8 4031.71 4276.35 1091.11 5862.87 4424.09 24027.5 6651.76 850.143 1515.22 1260.01 16500 5393.31 759.311 11675.3 6522.89 5765.91 5152.41 14881.6 1381.94 18570.2 4987.69 3519.43 4634 13499.6 10680.9 3762.58 2594.12 3185.24 1438.78 978.486 2539.41 4126.51 2818.69 105.173 2320.4 1154.84 949.964 460.293 2861.51 1630.51 17620.3 1792.3 10492.4 4888 2468.5 2393.02 492.597 1231
internal_count=425647 319490 112612 206878 162952 85400 30440 92993 77552 59844 28679 81167 43926 11826 17708 19619 5335 26658 20017 106157 31165 3979 6790 5834 74377 24700 3421 54960 30600 27165 24360 66653 6127 81797 22503 16479 21279 60526 47904 16472 11359 14284 6641 4536 11524 18890 12622 485 10735 5349 4119 2105 12857 7291 77678 8180 47000 21933 11213 10849 2327 5566
is_linear=0
shrinkage=0.05


Tree=72
num_leaves=63
num_cat=0
split_feature=2 4 82 1 234 240 6 2 98 141 183 2 4 6 2 2 6 2 2 197 109 69 6 2 144 6 214 2 6 156 135 254 109 4 183 6 6 211 4 162 6 144 51 212 123 122 6 2 211 123 183 6 6 201 249 156 208 4 141 6 52 141
split_gain=298.849 325.385 192.309 130.859 120.064 112.35 107.882 104.005 97.1291 91.2428 90.7647 89.6587 87.4474 80.9466 73.6375 71.8246 84.1956 84.2247 69.5418 69.2454 67.9988 74.2954 66.5925 66.3264 64.7984 59.5127 69.4042 57.3181 86.5326 57.7893 56.6974 65.869 56.5198 55.4882 54.5257 54.2319 51.4128 50.4672 49.4211 46.5343 46.3235 46.1119 45.5035 50.2126 50.4467 44.7301 44.109 44.4832 43.6489 43.3722 42.8606 42.5163 42.4477 42.0166 42.398 41.7855 41.6648 40.6348 47.4974 41.3497 40.5063 40.4349
threshold=1.9550755620002749 0.39059448242187506 0.035110473632812507 -289499999.99999994 -0.048324584960937493 -0.0038576126098632808 0.81499999761581432 1.4556125998497011 -0.026618957519531247 -0.099273681640624986 -0.0036668777465820308 1.5469805002212527 0.91791033744812023 0.32500000298023229 2.7263709306716923 1.1422427892684939 0.82499998807907116 1.8037317395210268 1.4957965612411501 0.042526245117187507 0.0094108581542968767 -0.0079460144042968733 0.85500001907348644 0.53903713822364818 -0.11019897460937499 0.32500000298023229 0.055007934570312507 1.3261731266975405 0.82499998807907116 0.081146240234375014 -0.019432067871093747 -0.075714111328124986 -0.017326354980468747 0.89950752258300792 0.051895141601562507 0.50499999523162853 0.9350000023841859 -0.024284362792968747 0.43383960425853735 0.034713745117187507 0.42499999701976782 0.091766357421875014 -0.094757080078124986 0.077850341796875014 -0.0050258636474609366 -0.11727905273437499 0.5249999761581422 0.75054961442947399 0.033584594726562507 -0.0057430267333984366 -0.0026235580444335933 0.60500001907348644 0.7749999761581422 0.039779663085937507 -0.061050415039062493 -0.045455932617187493 0.019157409667968753 0.27945753931999212 -0.0022344589233398433 0.72500002384185802 0.032394409179687507 -0.039901733398437493
decision_type=2 2 2 2 2 2 2 2 2 2 2 2 2 2 2 2 2 2 2 2 2 2 2 2 2 2 2 2 2 2 2 2 2 2 2 2 2 2 2 2 2 2 2 2 2 2 2 2 2 2 2 2 2 2 2 2 2 2 2 2 2 2
left_child=1 2 6 51 12 10 11 36 20 -7 32 13 15 -1 42 25 17 19 52 55 33 -22 -20 -15 -12 -3 35 28 29 -10 31 -29 56 -6 -9 -27 -8 -13 -18 -16 -25 -26 -11 44 57 -34 -37 -48 -41 -30 -33 -2 -4 54 -47 -17 -5 -44 59 -59 -60 -31
right_child=3 4 18 5 8 9 7 34 27 14 24 37 -14 23 39 16 38 -19 22 -21 21 -23 -24 40 41 26 -28 30 49 61 -32 50 45 -35 -36 46 -38 -39 -40 48 -42 -43 43 -45 -46 53 47 -49 -50 -51 -52 -53 -54 -55 -56 -57 -58 58 60 -61 -62 -63
leaf_value=0.0026508157397270599 -0.0180543675300101 0.0075716371595399047 -0.019425171831680146 -0.0058244069891164188 0.001496827341007723 0.014661681169631145 -0.032065626124239327 -0.011153971929982225 -0.0092977775801573216 -0.011824241261053421 0.025882977636865329 0.017539958536555086 -0.0081085701514669439 -0.034972538541067237 0.0020423304215072828 0.024479839258486721 -0.025134673052404778 -0.0094557242006128982 -0.0072379561113614186 0.030790903801498071 0.020094913629137914 -0.0017515317165126987 -0.024515564996023611 0.040882450129110584 0.010200027805647365 -0.046249384149184718 0.012053684176822149 -0.016181167292558103 -0.033847927973075335 0.025592510111608204 -0.0069567205636519224 -0.0035092934372317492 0.021291806368824329 -0.020787175692392221 0.0066746303383907997 0.036408290633460509 0.0034471017750939957 0.00059888843030903363 0.0045832040747623834 0.013330008953950791 -0.011159101468900284 -0.021632377763621109 0.001000236761217004 0.0088846681314981493 0.0019650234537685585 0.011725622424794684 -0.043695000499002538 -0.0086080177428557256 -0.0011210707491083581 -0.01218425493620965 0.0097882379405914727 -0.0012161670410948168 -0.038820006610228816 0.01233296874825995 7.8651238161135374e-05 0.0078342485582400256 0.0059206656040689054 -0.040962820868277613 -0.0062907358174731989 0.00099967393146912402 -0.018258163853429838 -0.0036047926553928987
leaf_weight=1225.4705591201782 382.80033725500107 936.74048428237438 502.09200065582991 2108.2562374025583 1716.3830469995737 1265.5254294872284 780.36002998799086 2413.2942077815533 2363.9069490209222 931.93130706250668 677.7372822612524 733.28888481855392 1205.0559169128537 316.07502377033234 5786.7386560291052 539.10106522589922 147.1599293500185 306.71670697629452 1195.0404430031776 769.03107567876577 993.39825059473515 639.16847617924213 1046.6950981616974 43.441146396100521 6146.8497083634138 131.39267075806856 275.39480911195278 417.78572770953178 491.85834994912148 217.87116049230099 3643.4022987484932 930.10168930888176 469.22073868662119 332.63413082063198 520.77860051393509 44.415829792618752 116.99281046539545 1095.6182109862566 2511.4846757650375 2164.9691992774606 1151.9725041985512 115.00590412318707 2554.2319890335202 1315.2231917008758 6279.029828697443 1015.2401045262814 108.12947393208742 529.34017834067345 688.47681801021099 438.16433054208755 1735.6510742306709 16164.302927955985 654.15241038054228 1554.458642333746 3381.0048180818558 1254.2147911190987 1175.1750549972057 59.719684913754463 1985.0080156326294 1770.1132855415344 1098.8515752851963 258.31712600588799
leaf_count=5266 1613 4120 2470 9875 7557 6035 3741 10132 10839 4045 3749 3200 5093 1739 27750 2488 619 1337 5044 3787 4481 2805 4421 211 30162 685 1242 1941 2255 974 15276 3988 2324 1419 2182 197 544 4663 10777 10745 5379 515 10943 6047 27939 4870 519 2348 3313 1910 7563 71794 3213 7919 16054 5615 5776 254 8591 7809 4594 1147
internal_value=2.52823e-06 -0.00367814 -0.0104264 0.00216599 -0.000207547 0.00363342 -0.00636382 -0.0125493 -0.00305062 0.00157358 0.00683866 -0.00117168 0.00439494 -0.00689822 0.000900648 0.00639061 0.00934157 0.0152803 -0.0204613 0.0182438 0.00393647 0.0115459 -0.0153124 -0.0146369 0.0112046 -0.0016637 -0.00960984 -0.00550131 -0.0104359 -0.00609684 -0.00273461 0.00225473 0.00371543 -0.0021291 -0.00798832 -0.0169514 -0.027437 0.00739718 0.00292944 0.00461973 -0.00923533 0.00961203 -0.0011086 -0.000444859 -0.00133803 0.00644414 -0.0112465 -0.0146187 0.00984409 -0.0236655 0.00514905 -0.00160677 -0.030422 0.00527 0.00277038 0.012849 -0.0016202 -0.00411513 -0.00677386 -0.000391469 -0.0105595 0.00977953
internal_weight=93822 34732.1 11795.3 59089.9 22936.8 42542.8 8397.29 3831.43 14178.6 25899.8 16642.9 4565.87 8758.18 2736.96 24634.3 7553.12 5527.71 2869.06 3397.98 2562.35 3681.58 1632.57 2241.74 1511.49 6939.59 2025.41 1088.67 10497.1 3770.12 2840.1 6726.94 3083.54 9703.36 2049.02 2934.07 813.278 897.353 1828.91 2658.64 8640.18 1195.41 6261.86 15994.1 15062.2 13747 6419.92 681.885 637.47 2853.45 930.023 2665.75 16547.1 1156.24 5950.7 4396.24 1793.32 3283.43 7467.92 4913.69 1829.83 3083.86 476.188
internal_count=425903 153187 52205 272716 100982 199309 37057 16599 62155 118065 81244 20458 38827 12595 112030 33734 24623 13227 15148 11890 16262 7286 9465 7329 34426 9111 4991 45893 17125 12960 28768 13492 46818 8976 12314 3749 4285 7863 11396 41808 5590 30677 70222 66177 60130 31167 3064 2867 14058 4165 11551 73407 5683 28843 20924 8103 15651 32191 21248 8063 13185 2121
is_linear=0
shrinkage=0.05


Tree=73
num_leaves=63
num_cat=0
split_feature=3 3 3 180 259 88 125 109 52 5 20 106 148 200 107 60 31 3 3 253 103 3 90 174 115 169 181 160 228 198 253 132 5 205 112 9 69 185 24 61 183 155 62 217 73 5 174 190 62 107 89 115 250 142 262 253 8 38 175 10 259 88
split_gain=248.138 152.278 185.269 130.346 109.922 112.33 110.137 91.2062 85.1927 79.7405 77.0558 71.2147 64.7925 61.3346 60.8237 59.78 59.0026 56.5435 56.2996 55.4683 54.6317 53.8842 52.6282 58.1762 51.6912 64.9712 50.5903 49.5424 49.4039 49.1584 47.6667 46.9225 46.2403 44.5562 45.5491 44.3152 44.7201 43.9354 43.9022 43.6659 43.2001 42.1423 41.6065 40.8273 40.7312 40.469 40.189 38.6442 36.7704 36.758 36.4304 35.8214 38.0838 35.632 35.5718 34.3118 34.21 33.9824 33.7903 33.5785 33.3163 33.15
threshold=0.072570700198411955 0.84240129590034496 0.49005511403083807 -0.083953857421874986 0.081939697265625014 -0.010379791259765623 0.013744354248046877 0.033309936523437507 0.021369934082031253 0.12500000372529033 -0.055770874023437493 0.033370971679687507 -0.035659790039062493 0.0084800720214843767 0.079925537109375014 -0.039108276367187493 0.026100158691406253 0.013127712067216636 0.98232102394104015 0.10061645507812501 0.017478942871093753 0.73320952057838451 -0.053482055664062493 -0.022331237792968747 -0.0068531036376953116 -0.039688110351562493 -0.031265258789062493 0.047531127929687507 -0.022499084472656247 0.079498291015625014 0.035415649414062507 -0.10867309570312499 0.17500000447034839 0.056137084960937507 0.0037431716918945317 0.044937133789062507 0.044723510742187507 0.078460693359375014 0.015483856201171877 -0.010303497314453123 -0.053787231445312493 0.070587158203125014 0.076507568359375014 0.0088081359863281267 -0.061080932617187493 0.17500000447034839 0.065704345703125014 0.063385009765625014 -0.0095252990722656233 0.015647888183593753 -0.096832275390624986 0.079803466796875014 0.094696044921875014 -0.016960144042968747 0.031181335449218753 -0.039108276367187493 0.038436889648437507 0.071380615234375014 -0.0027399063110351558 -0.026252746582031247 0.018806457519531253 0.17523193359375003
decision_type=2 2 2 2 2 2 2 2 2 2 2 2 2 2 2 2 2 2 2 2 2 2 2 2 2 2 2 2 2 2 2 2 2 2 2 2 2 2 2 2 2 2 2 2 2 2 2 2 2 2 2 2 2 2 2 2 2 2 2 2 2 2
left_child=17 2 4 30 5 8 11 22 15 10 40 28 53 14 39 27 45 -1 29 51 47 33 -8 60 25 -6 -9 38 58 37 -4 -10 -19 34 41 36 -17 43 -2 49 44 -18 -26 -3 -5 -11 54 -14 -34 -12 -32 59 -53 -13 -33 -51 -39 -42 -7 -15 -24 -30
right_child=1 18 3 9 24 6 7 26 31 16 13 12 20 19 -16 35 21 32 -20 -21 -22 -23 23 -25 42 -27 -28 -29 61 -31 50 46 48 -35 -36 -37 -38 56 -40 -41 57 -43 -44 -45 -46 -47 -48 -49 -50 55 -52 52 -54 -55 -56 -57 -58 -59 -60 -61 -62 -63
leaf_value=-0.029356745222211253 0.013616702455013986 -0.0068153384903605358 0.012518538839097995 0.042452739427611103 -0.0030864820331062311 -0.010523182365781 -0.0056816906793207157 0.0080519965668889703 -0.018656577403769407 -0.0012087003984698891 0.0086088922170699626 -0.019435545400550397 -0.0057053133946050414 0.0025148377147454722 -0.012748779215653977 -0.0062459203511179145 -0.00032639306185517633 -0.0072565530069061334 -0.023077992369143985 -0.026205925676285727 0.0091646078381521674 -0.0052488044522143451 0.0033202177744062946 0.010506554081214677 -0.0041013036458177185 -0.028995251514469435 0.021926765198743956 -0.011588161039435448 0.0052995408063893565 0.0061449150063740583 -0.029453085111576044 -0.0078693970477728692 -0.012670549987287822 -0.005179321553650233 0.011087029449970288 0.0066821255638803839 0.0037568652478291529 -0.020721836178613964 -0.00098029458810505862 -0.0024174305279214968 0.0067075496260340668 0.02597326307257497 -0.046553208446924225 -0.00014120894179894681 0.015035701202584193 -0.01336679067778291 -0.017006676682105055 0.014099264523643008 -0.037588292076587995 0.0091619655241761272 0.003209846775527696 0.0058522042107391611 -0.01230359468268925 -0.0039139493048120505 0.00051572836539899992 -0.0071622535244684456 -0.0050833840373632165 0.026265631499908754 0.0020624180967103293 0.012974836347890741 -0.012509476950968344 0.030222051879818142
leaf_weight=369.65278431773186 1548.0030669420958 5066.155803270638 5125.8185737878084 167.78426702320576 389.68052780628204 901.63134085386992 1282.4372401982546 1416.7577301561832 829.62975255399942 1425.8020303845406 2644.1169131323695 935.24146933853626 3382.8562729731202 1045.2534717395902 820.08482273668051 5197.5640792325139 2372.6751724779606 4361.3026084303856 399.7472895309329 122.4363439977169 954.71983268857002 2197.9399689435959 1013.3189129605889 2566.4677807167172 1926.2783924043179 638.50192879885435 1227.1375757306814 342.40612994134426 4265.6764873340726 1079.4428433179855 100.79712411761284 3089.9852131456137 416.92276027053595 1096.400065369904 2293.0980416163802 1113.193355999887 1422.578574962914 735.52969667315483 771.55604939162731 3624.5843894034624 3434.5758147016168 161.76839312911034 58.516346111893654 4183.0518267452717 699.61421009898186 1315.6972841769457 723.37553922832012 264.70736705511808 230.07998565584421 496.86984799057245 528.09513877332211 1102.3450453132391 390.26611950993538 612.09201700240374 2140.6330008208752 909.79361356049776 667.48572351038456 236.63638034462929 1302.8125446215272 2889.6070760712028 493.44357033073902 136.79638443887234
leaf_count=1623 7298 22230 24735 878 1793 4112 5676 6551 3576 6458 12324 4096 14889 4986 3621 23507 10610 18965 1698 550 4490 9847 4674 11878 8614 3220 5909 1517 19441 4753 460 13501 1780 4890 10776 5204 6548 3263 3476 16397 16127 768 272 18940 3285 5940 3153 1274 1048 2258 2522 4993 1693 2759 9477 4137 3032 1168 5994 13274 2249 652
internal_value=-8.10078e-05 0.000554248 0.00138311 0.00404298 -0.00090356 -0.000173357 0.00230187 0.00690083 -0.00316396 0.00269777 0.00468698 -0.000582439 -0.00445433 0.00285638 0.000185634 -0.000319432 -0.000705294 -0.0105072 -0.00464828 0.00694383 -0.0014774 0.0014357 0.00314854 0.00592941 -0.0100941 -0.0191884 0.0144977 0.00614185 0.00302158 -0.00401839 0.0109249 -0.00752225 -0.00911034 0.0039163 0.00598268 -0.00254404 -0.00409622 -0.00504877 0.00876297 0.00156911 0.0103501 0.00136184 -0.0053757 -0.00379723 0.0203819 -0.00704634 -0.00596792 -0.0042646 -0.0215759 0.00513593 -0.00206373 0.00769633 0.00110003 -0.013302 -0.00443834 -0.00139371 -0.0132907 0.00797502 -0.00308761 0.0101976 -0.00186864 0.00608064
internal_weight=93659.4 88281.5 76150.1 35202.1 40948 37935 20756.1 7999.56 17178.9 29447.3 18584 12756.5 6149.62 14045.4 8495.45 10395.3 10863.4 5377.96 12131.4 5549.91 4602.28 8121.88 5355.67 4073.23 3012.98 1028.18 2643.9 2661.97 6606.92 11731.7 5754.71 6783.62 5008.31 5923.94 4827.54 7733.34 6620.14 10652.2 2319.56 7675.36 4538.61 2534.44 1984.79 9249.21 867.398 2741.5 5953.99 3647.56 647.003 4050.78 628.892 5427.47 1492.61 1547.33 5230.62 1406.66 1403.02 3671.21 2204.44 3934.86 1506.76 4402.47
internal_count=425829 402413 348497 162697 185800 171901 94644 36937 77257 134980 85691 57707 27508 64233 38737 47550 49289 23416 53916 25496 20653 36891 24477 18801 13899 5013 12460 12291 30199 52218 27717 29707 21793 27044 22154 35259 30055 47465 10774 35116 21458 11378 8886 41170 4163 12398 26131 16163 2828 18719 2982 24946 6686 6855 22978 6395 6295 17295 10106 18260 6923 20093
is_linear=0
shrinkage=0.05


Tree=74
num_leaves=63
num_cat=0
split_feature=2 4 5 61 5 113 2 211 189 2 147 2 4 14 169 182 27 158 129 4 203 146 2 113 180 94 177 166 114 24 4 2 40 95 176 2 155 154 227 2 4 4 257 97 148 213 148 219 253 154 120 83 252 4 88 19 202 41 29 186 13 262
split_gain=320.698 163.315 154.482 100.472 99.0461 97.242 85.9634 77.702 86.4351 76.6288 73.1343 79.0521 67.9228 70.0915 85.4436 82.661 63.6664 61.9823 61.0017 59.6692 58.7057 58.6562 57.8109 55.4369 54.4386 53.9077 53.8671 52.7721 76.7944 52.5651 51.3005 86.7157 50.8351 50.44 49.6919 49.6496 49.4787 48.9208 48.1475 49.2796 49.6404 48.3754 53.8883 46.3914 46.2633 45.5601 44.46 43.2271 42.9627 42.9369 46.3378 42.1343 42.1262 57.1815 42.2703 41.8046 41.5773 47.9325 41.5042 41.0404 40.6684 40.5176
threshold=2.3223110437393193 0.11496601626276971 1.0000000180025095e-35 0.071563720703125014 0.17500000447034839 -0.056503295898437493 1.2613752484321596 -0.071502685546874986 0.059402465820312507 1.4556125998497011 0.020195007324218753 2.7990897893905644 0.85948753356933605 0.0040302276611328134 -0.026069641113281247 -0.093475341796874986 0.076873779296875014 0.028160095214843753 -0.013607025146484373 0.61982765793800365 -0.037094116210937493 0.041183471679687507 1.0692129135131838 0.086395263671875014 -0.0049610137939453116 -0.062957763671874986 0.028022766113281253 -0.0072727203369140616 -0.14691162109374997 -0.049880981445312493 0.31572239100933081 1.8328939080238345 0.062713623046875014 -0.15106201171874997 -0.025321960449218747 1.3261731266975405 0.067657470703125014 0.040267944335937507 0.084991455078125014 1.9224792718887331 0.58865386247634899 0.53603285551071178 -0.023200988769531247 -0.044357299804687493 0.067291259765625014 0.014080047607421877 0.047714233398437507 0.054275512695312507 -0.0096855163574218733 -0.027122497558593747 -0.074066162109374986 0.055526733398437507 0.016029357910156253 0.55489683151245128 0.011646270751953127 -0.079315185546874986 -0.048141479492187493 -0.040817260742187493 0.13067626953125003 0.029014587402343753 0.057388305664062507 -0.0012106895446777342
decision_type=2 2 2 2 2 2 2 2 2 2 2 2 2 2 2 2 2 2 2 2 2 2 2 2 2 2 2 2 2 2 2 2 2 2 2 2 2 2 2 2 2 2 2 2 2 2 2 2 2 2 2 2 2 2 2 2 2 2 2 2 2 2
left_child=1 9 22 5 6 24 17 32 12 -1 11 27 13 15 16 -9 38 34 21 -19 36 47 -3 44 -2 -6 35 28 -7 -10 31 -24 -8 -17 60 -27 56 48 39 41 -41 -15 -43 -26 -11 51 52 -5 -35 -29 -51 55 -36 -54 -55 -12 57 -13 -20 -45 -4 -57
right_child=3 2 4 18 25 10 7 8 29 23 45 20 -14 14 -16 33 -18 19 58 -21 -22 -23 30 -25 43 26 -28 49 -30 -31 -32 -33 -34 37 46 -37 -38 -39 -40 40 -42 42 -44 59 -46 -47 -48 -49 -50 50 -52 -53 53 54 -56 61 -58 -59 -60 -61 -62 -63
leaf_value=-0.022136004119514566 0.016773135981039907 -0.0029405022855162003 -0.0089509843456206089 -0.015328664588321781 -0.020030993325086569 -0.027676990165904615 0.0090055763728877896 0.017852024764470221 0.0025530742562567222 -0.011489779969338162 -0.00305394615575952 -0.031926829482881655 -0.0090443534522312852 -0.017488646542540998 0.006138787534012053 0.031904239675179927 0.016240292950790432 -0.027157051319362142 0.0010841659205920726 -0.0074031953693628793 0.0021397972789720145 0.01013869742921011 -0.017206862393594376 0.012592605056722909 0.018572994274358857 -0.026581074049020964 -0.0011446040062180636 0.0017648989553688073 0.0047566061693695427 -0.011221671004840814 0.0077135826031421136 0.0071041399150343371 -0.0073654493238562661 0.0045084443885259583 -0.003061496846365331 -0.0084961112970023886 0.023707496008301944 0.01087421162381948 0.0086769960445035339 0.00087715535569640702 -0.012107183375661829 -0.01681065385684688 0.0048020639779331343 0.0064873374498446634 0.0037145834125718404 0.0016220447588254751 -0.011172643522334614 -0.043991958587484552 -0.0056687471080356065 0.013270485386682691 -0.0083929781970084449 0.001971432883818733 -0.0064395052062759424 0.025562478744965578 -0.0022048633832763846 0.0066062102537027259 0.0094251183789353706 0.020686831467293502 -0.036199673769124904 -0.010354734070524035 -0.034402612220156635 0.015305606206747008
leaf_weight=1145.5955438911915 2190.7625080347061 2429.910696297884 1051.4565540328622 613.89940120279789 872.70383019000292 191.39898747205734 2963.8430072069168 1041.6006794571877 886.37514014542103 3297.9608882665634 515.27458298206329 130.79972483217716 1909.5265499204397 1591.7019216567278 2539.2658201083541 140.86219595372677 350.43772628903389 653.40305315703154 1969.6171340793371 921.95038096606731 6673.0504826679826 179.42724531888962 601.42189985513687 315.12609061598778 562.19625910371542 434.4877440854907 2499.135089725256 1966.8462028354406 3552.1709300726652 3161.3995293229818 6730.4150407537818 936.88764430582523 563.68458191305399 1978.4545786604285 1590.0192731171846 2973.0864340886474 580.94290894269943 1137.6873459890485 544.56570389866829 2523.6470580473542 1038.1477474942803 491.24149987101555 695.72898334264755 1436.5896282792091 589.2577640414238 3371.8153085634112 830.97820207476616 167.24186064302921 2177.0221041738987 261.49806331843138 4168.2261243611574 1861.2270959988236 357.24415942281485 511.2108563631773 186.92699051648378 2233.9827431887388 2104.1754404529929 63.632092922925949 76.582016423344612 482.34929516166449 183.80735576152802 3347.2223499268293
leaf_count=5718 11275 10920 4799 2789 3929 840 13268 4742 3766 13769 2504 590 7968 6679 11195 659 1591 3213 9058 4205 31489 810 2572 1300 2838 2182 10701 8839 17155 13336 30479 4148 2499 8694 7212 12563 3145 4981 2402 10872 4430 2054 2927 6893 2440 15588 3756 742 9351 1220 18441 9061 1667 2322 828 10824 10588 300 334 2239 918 16957
internal_value=8.16676e-05 -0.00237743 -0.00148053 0.00356674 -0.00294723 0.00430617 -0.00178475 -0.00050421 -0.00159926 -0.0106772 0.00329318 0.00145165 -0.0001264 0.000922011 -0.00175072 0.00495605 -0.00451998 -0.00702561 -0.00520969 -0.0156085 0.0047153 -0.015597 0.00383867 -0.00754897 0.0110304 -0.00843706 -0.00672097 -0.00162306 0.00309141 -0.00820541 0.00583096 -0.00240556 0.00638821 0.0024813 -0.0041532 -0.0108092 0.010681 0.00169242 -0.00557885 -0.00680442 -0.00290969 -0.011794 -0.00414923 0.00595512 -0.00918461 0.00649368 -0.0010911 -0.0215139 -0.000823389 -0.00438224 -0.00711142 0.00855741 0.00207875 0.00981852 0.0181352 0.0105674 0.00737979 -0.0146901 -0.000328238 0.00225068 -0.012763 0.0118253
internal_weight=93549.1 54848.2 49500.2 38700.9 38801.6 35694.2 32022.2 25735.2 22207.7 5347.94 31022.3 19692.7 18159.9 16250.4 9774.74 6475.63 7235.47 6287 3006.77 1575.35 9552.6 960.569 10698.6 4202.34 4671.9 6779.41 5906.71 10140.1 3743.57 4047.77 8268.72 1538.31 3527.53 5434.03 4711.64 3407.57 2879.55 5293.16 6885.03 6340.47 3561.79 2778.67 1186.97 2481.14 3887.22 11329.5 3476.38 781.141 4155.48 6396.57 4429.72 7957.71 2645.4 1055.38 698.138 6096.48 2298.61 194.432 2046.2 1918.94 1235.26 5581.21
internal_count=425574 241055 217828 184519 169709 170786 140334 111414 95647 23227 147541 92607 78545 70577 42150 28427 30955 28920 13733 7418 46112 4341 48119 17509 23245 29375 25446 46495 17995 17102 37199 6720 15767 23685 21502 14745 14623 23026 29364 26962 15302 11660 4981 11970 16209 54934 15785 3531 18045 28500 19661 39346 12029 4817 3150 30285 11478 890 9392 9132 5717 27781
is_linear=0
shrinkage=0.05


Tree=75
num_leaves=63
num_cat=0
split_feature=3 3 3 180 6 9 3 6 132 227 22 183 31 4 206 228 4 100 256 253 247 4 95 178 3 76 36 227 161 134 198 217 199 241 189 124 22 156 159 9 6 99 132 256 118 181 6 3 16 215 51 143 152 18 51 127 256 227 93 127 36 4
split_gain=225.944 172.766 134.285 116.954 102.037 144.112 88.9818 90.2249 78.2829 78.9222 75.8958 72.6345 71.0573 75.0811 70.3069 70.0909 64.0986 61.8279 59.5384 56.7467 55.2317 52.7137 52.3825 52.1049 51.4976 47.9302 47.7882 45.9314 45.7902 45.7641 44.8246 45.3397 44.6633 43.6844 43.6302 47.225 42.6563 52.2396 42.5616 42.6558 42.3345 43.3957 42.0631 41.4887 41.3483 43.7289 40.981 39.9121 39.8937 39.6645 39.4169 38.6164 38.6107 38.1312 37.9151 37.0257 36.5015 36.3714 35.6542 35.2446 40.0256 35.0706
threshold=0.084899779409170165 0.87926039099693309 0.47953478991985327 -0.063018798828124986 0.94499999284744274 -0.091827392578124986 0.71805924177169811 0.90500000119209301 -0.13336181640624997 -0.019218444824218747 0.034347534179687507 -0.0031509399414062496 0.012966156005859377 0.63078761100769054 -0.093841552734374986 -0.010456085205078123 0.31572239100933081 -0.097076416015624986 0.029136657714843753 0.0079154968261718767 0.043441772460937507 0.92741656303405773 -0.073699951171874986 0.032760620117187507 0.98232102394104015 0.11416625976562501 -0.063507080078124986 0.16668701171875003 -0.083770751953124986 -0.021415710449218747 0.084869384765625014 0.011577606201171877 -0.062774658203124986 0.0049037933349609384 0.0036840438842773442 0.0062046051025390634 -0.032150268554687493 -0.056106567382812493 -0.11856079101562499 -0.017799377441406247 0.23499999940395358 0.028236389160156253 0.059280395507812507 0.079803466796875014 0.10604858398437501 -0.0058116912841796866 0.84499999880790722 0.032292593270540244 0.079376220703125014 0.074676513671875014 0.011951446533203127 0.034317016601562507 -0.021522521972656247 0.037246704101562507 -0.042984008789062493 -0.0051441192626953116 0.068878173828125014 -0.12579345703124997 0.015041351318359377 0.019340515136718753 0.010784149169921877 0.12556985020637515
decision_type=2 2 2 2 2 2 2 2 2 2 2 2 2 2 2 2 2 2 2 2 2 2 2 2 2 2 2 2 2 2 2 2 2 2 2 2 2 2 2 2 2 2 2 2 2 2 2 2 2 2 2 2 2 2 2 2 2 2 2 2 2 2
left_child=18 2 4 19 5 32 7 10 20 14 15 27 26 -14 -10 28 29 -16 47 59 -7 23 46 38 30 48 -6 36 -5 -9 31 -3 -2 -15 35 -28 -11 -38 -13 -40 -8 43 53 61 45 -17 -20 -1 -19 57 -34 -39 -31 -30 -25 -12 -35 -21 -44 60 -4 -42
right_child=1 24 3 6 12 8 40 16 9 11 55 21 13 33 17 44 -18 25 22 49 -22 -23 -24 54 -26 -27 34 -29 42 52 -32 -33 50 56 -36 -37 37 51 39 -41 41 -43 58 -45 -46 -47 -48 -49 -50 -51 -52 -53 -54 -55 -56 -57 -58 -59 -60 -61 -62 -63
leaf_value=-0.020622377449133755 0.0028151210319684586 -0.0096450034367773115 0.0098914535190095468 -0.0076054866222045108 -0.028326839207994933 -0.022328017900246563 -0.027175301414701869 -0.0080421067583565879 0.012429165910001655 0.0035830312727185803 0.015458359626888874 -0.024686023249406976 0.018512558353040675 0.012160694090402192 0.012462559134319833 -0.010157580908454646 0.012865708363940107 -0.0050130478108186887 0.021787676743764327 -0.03797895590691977 0.0086773789641237681 -0.011315823170875705 -0.0073318082502799352 0.00055335777643392993 -0.023459371481080706 -0.024362522979016667 0.0073833811825979416 0.034519409792886833 -0.00062568135699362206 0.01792120223630007 0.0071106388938883261 -0.0018960165821833815 -0.016063308297905973 -0.016076951757273483 0.014095665486960183 -0.024849979109208015 0.0050107466752133956 -0.009258297174058237 -0.00078462747010152084 0.008322669346036593 -0.013355836857995891 0.0028296194276965538 0.0052473861412768996 -0.017565967266029606 0.016421237725695859 -0.00081140075104107155 -0.0038848604228358787 -0.0095422309731228467 0.0060925947196861551 -0.0096076195744524296 -0.0064315658938037716 0.0012345952325601571 -0.00048315470439441889 0.010147303460947412 0.015089074300199713 0.0030812163207953741 0.030884735322808915 0.0064159629764052196 0.024426504479824519 0.0071243140020407969 0.021002294133244431 -0.00130801382019212
leaf_weight=1056.4125435575843 643.90174078941345 4318.5944167599082 2086.189762853086 735.05626019835472 163.65337020903826 640.58145940303802 158.23154407739639 739.95775135606527 705.74507489800453 3063.5176362544298 1292.9064165130258 128.0511494576931 1594.1546996161342 380.27094227820635 553.85971802473068 2339.4149444997311 3912.7402809262276 9730.0113771632314 344.43868342041969 46.343910194933414 184.47250299155712 433.59921557456255 1307.4993752241135 563.32917319238186 402.41664686053991 298.86893725395203 221.11529286950827 90.070959955453873 2245.2156207561493 522.07963039726019 681.95777626335621 3353.9863167852163 2153.4354067742825 385.25814627856016 363.03667428344488 231.9934875741601 1313.3181615844369 3168.2058236449957 2266.2138377949595 2970.0801597982645 672.56825545430183 4168.5542461201549 474.41996342688799 494.02881003916264 231.23968844115734 2690.3955431133509 282.15906670689583 3533.9044153019786 881.0918302834034 584.621790535748 2099.6282851919532 1211.9408093616366 625.93444603681564 1294.1394408345222 2203.6487487107515 1134.7536151483655 45.411145009100437 1828.3008653074503 495.80409827083349 3598.5831179842353 1328.5777354612947 5854.9590192735195
leaf_count=4605 2796 18881 10140 3179 760 2769 688 3417 3253 13712 6108 689 7554 1811 2536 10315 19086 44302 1582 222 817 1910 5834 2558 1713 1287 1032 413 10021 2484 2989 15034 9240 1780 1707 1102 6037 14270 10308 14152 2915 19129 2166 2320 1036 11899 1198 15273 3989 2672 9115 5645 2872 5946 10152 5220 214 8790 2403 17267 6324 26333
internal_value=-2.28089e-05 0.000650235 0.00139566 0.00344418 -0.000698782 -0.00149395 0.0019184 0.0040348 -0.000211824 0.000212111 0.00171069 0.00237116 0.00759261 0.012215 -0.00287695 -0.000130821 0.00921547 -0.00382024 -0.00899631 0.00828895 -0.0153935 0.005653 -0.00163681 0.00655914 -0.00600954 -0.00464792 -0.00375479 -0.000806309 0.00395921 0.00164769 -0.00516632 -0.00625831 -0.00945336 -0.000172351 0.00120103 -0.00913861 -0.00117356 -0.00373314 0.00368339 0.00438173 -0.00157545 -0.00121106 0.00584551 -0.00361 -0.00420807 -0.00515956 0.0102395 -0.0120961 -0.0040904 0.00175275 -0.011311 -0.0063554 0.00789486 0.00331514 0.012131 0.0096766 -0.0110651 0.00529879 0.0150634 0.0105803 0.0142192 -0.00255123
internal_weight=93524.9 87000.4 78243.5 39555 38688.5 35303.6 30082.4 18734.1 30406.6 29581.6 12933.3 17412 3384.89 2405.09 12169.6 10505.7 5800.71 11463.8 6524.41 9472.62 825.054 8564.92 1934.1 8131.32 8756.96 10910 979.799 8847.05 5244.64 1887.97 8354.54 7672.58 4896.97 810.94 816.145 453.109 8756.98 5693.46 5364.35 5236.29 11348.3 11190.1 4509.58 7021.56 5261.05 5029.81 626.598 4590.32 10611.1 2459.27 4253.06 4380.15 1148.01 3539.36 2766.98 2427.66 430.669 1874.64 970.224 7013.35 3414.77 6527.53
internal_count=425971 397479 358862 182952 175910 159950 137537 86152 138799 135213 58293 79846 15960 11359 55367 46965 27859 52114 28492 45415 3586 39769 8614 37859 38617 49578 4601 40077 23715 8773 36904 33915 21151 3805 3841 2134 39664 25952 25149 24460 51385 50697 20536 31568 23250 22214 2780 19878 48291 11684 18355 19915 5356 15967 12710 11328 1994 9012 4569 33731 16464 29248
is_linear=0
shrinkage=0.05


Tree=76
num_leaves=63
num_cat=0
split_feature=2 78 132 136 2 113 254 157 16 2 132 185 2 143 22 213 254 129 2 48 51 183 222 157 2 153 24 169 66 219 156 48 187 229 117 154 190 67 66 145 249 47 132 114 17 141 180 190 107 129 86 112 16 7 78 49 125 146 219 211 106 241
split_gain=257.376 167.296 103.778 101.463 92.2885 90.1221 83.0791 82.1951 77.6661 73.9404 87.1486 74.0522 72.6599 89.2548 70.7907 62.6527 62.0981 61.9635 62.8373 79.8569 61.591 58.2381 57.0667 56.9713 55.3086 54.481 55.08 53.4109 52.3445 54.3619 69.3779 53.3962 51.7929 51.6836 60.2944 51.5761 51.3771 51.11 50.7324 49.9744 52.6258 46.3565 48.172 46.3088 46.0337 45.7806 44.9637 47.0359 44.3484 43.135 42.7744 41.8911 41.3921 50.0704 41.2246 40.5164 40.5114 40.3847 41.8366 39.7752 39.6833 39.0951
threshold=2.4074375629425053 0.041122436523437507 0.060348510742187507 0.001364707946777344 1.280011057853699 -0.042678833007812493 -0.034988403320312493 0.054183959960937507 0.026252746582031253 3.4507313966751103 -0.10671997070312499 0.11294555664062501 1.7413566112518313 0.070037841796875014 -0.065887451171874986 -0.046218872070312493 0.065765380859375014 -0.060256958007812493 1.0105349421501162 0.066864013671875014 0.056961059570312507 -0.087554931640624986 0.036697387695312507 0.069183349609375014 1.412795424461365 -0.046371459960937493 -0.0018463134765624998 -0.095794677734374986 0.090850830078125014 0.0094718933105468767 -0.0074977874755859366 0.022392272949218753 -0.028968811035156247 0.075469970703125014 0.0059509277343750009 0.026649475097656253 -0.081451416015624986 -0.010845184326171873 -0.076751708984374986 0.0064144134521484384 0.040725708007812507 -0.0052776336669921866 -0.082977294921874986 -0.11386108398437499 0.084625244140625014 0.16094970703125003 -0.049118041992187493 0.032028198242187507 -0.024528503417968747 -0.020240783691406247 -0.054672241210937493 0.0042934417724609384 -0.088104248046874986 -0.13055419921874997 -0.034347534179687493 0.082916259765625014 0.0025701522827148442 0.044815063476562507 0.11477661132812501 -0.083709716796874986 -0.039321899414062493 -0.032546997070312493
decision_type=2 2 2 2 2 2 2 2 2 2 2 2 2 2 2 2 2 2 2 2 2 2 2 2 2 2 2 2 2 2 2 2 2 2 2 2 2 2 2 2 2 2 2 2 2 2 2 2 2 2 2 2 2 2 2 2 2 2 2 2 2 2
left_child=1 2 3 4 32 15 7 -4 25 11 -11 23 39 37 -13 -2 17 -5 -19 20 33 -17 -22 28 36 26 -6 -26 29 52 31 -31 -1 34 56 -28 -8 -14 -12 40 -3 -10 -43 -39 -38 -34 -23 -48 -49 -29 -45 -18 -7 -54 -44 61 -20 58 59 -33 -46 -41
right_child=5 12 6 16 8 9 24 -9 41 10 38 14 13 -15 -16 21 51 18 19 -21 22 46 -24 -25 27 -27 35 49 -30 30 -32 57 45 -35 -36 -37 44 43 -40 55 -42 42 54 50 60 -47 47 48 -50 -51 -52 -53 53 -55 -56 -57 -58 -59 -60 -61 -62 -63
leaf_value=-0.0020350030595785423 0.017368401723871399 -0.025290922947386996 0.0017018879929726208 -0.0071895590060194739 0.0088344709277734437 0.020404223430331686 -0.040693924486919657 -0.021005810113454152 -0.0026935297849592023 -0.031635988678405572 -0.0097239227226501232 0.011747071749294673 -0.00074711460305914407 0.013141707093134232 -0.012399116258248265 -0.011496255380636623 -0.0082553786961705039 -0.0043135481752668127 -0.0028846417241054009 -0.0055591473153246661 0.0087715057997945489 0.016736145706694596 0.026872391543583819 -0.0042504355813616753 -0.00044660820747212404 -0.0075592747219079036 -0.01138811797681745 0.0023797270073694587 -0.0049380163305888869 -0.00040169522743373844 0.0045685358309355481 -0.055189743571452399 -0.017000125814588728 -0.01158209225236722 0.0148256302077908 0.0042798376750487763 -0.0019827535729014709 -0.023916378622620933 0.015683431876045626 0.0084888221887321393 -0.0085614075751434329 -0.0097169347755525579 0.01332481961144125 -0.01647745269348716 -0.01198952137276945 0.024796590639767399 -0.0021471522889671708 0.00057177915668092704 0.014911570304378211 0.013287440425416778 -0.0036899492823273777 0.0021013728612370537 -0.023839291607235129 0.0059720215265396141 0.0018126988482798142 -0.020912291338158907 0.0081518328613544352 -0.00054465103977471385 -0.062114616951263371 -0.01331130118211908 0.02295985383896957 -0.010439848249551327
leaf_weight=950.04225933551788 1549.7014662027359 1250.5140311047435 1072.4365087449551 1355.1534226685762 1149.5230224356055 491.01835666596889 75.729990363121033 633.03324218839407 3961.2223973721266 113.90820467472076 218.28242973983288 372.23280067741871 2132.1699566245079 620.47854193300009 1627.7151918262243 438.89910968393087 2548.5440929755569 1791.8187389671803 1569.7191792279482 1268.790314540267 1093.4728479683399 1034.6292538121343 724.28700858354568 3050.8067113012075 1449.213441632688 8554.9594520255923 1233.4355677813292 1216.3764555454254 1851.4687769785523 2140.3484680280089 4804.4345968291163 62.100901871919632 2332.0923182666302 415.30925339460373 1575.7751928269863 913.53844950348139 2453.8465720191598 547.83110867440701 1912.7563831806183 490.18860971927643 755.17535252124071 472.00889006257057 1512.8640280067921 994.18525697290897 103.96671710908413 66.559144139289856 1432.7360359504819 874.74882743507624 1404.8437395021319 3560.9866553172469 1909.6805978864431 1581.7956512123346 141.92608785629272 9865.9451567158103 1599.8348817452788 381.56592804938555 1766.0765622183681 359.53899146616459 56.450419470667839 575.16359444707632 361.72779279947281 612.55612284690142
leaf_count=4409 8377 5544 4910 5961 4990 2581 327 3523 16878 511 1037 1797 9100 2898 7649 2040 11075 8116 6779 5477 4835 5327 3304 13890 6234 36523 5241 5456 9153 9845 22982 280 11169 1776 7250 3897 10928 2294 9903 2229 3301 1972 6590 4255 459 314 6654 4472 6839 16106 8234 7004 639 47094 6835 1686 7912 1640 246 2616 1730 2752
internal_value=-7.56476e-05 -0.00207781 -0.000898436 -0.0021208 -0.00425436 0.00336369 0.00340102 -0.00673409 -0.00293072 0.0020999 0.0107958 0.0013309 -0.00808253 -0.00483469 -0.00790137 0.00854948 0.00097219 0.00285232 0.00418635 0.00599688 0.00804956 0.00591126 0.0159946 0.00212029 0.00527591 -0.00545511 6.19877e-06 0.00796121 0.00307561 0.00387797 0.000772186 -0.00493866 -0.0119184 0.00533588 0.00676848 -0.00472251 -0.00030709 -0.00683422 0.0130776 -0.0138533 -0.0189994 0.00103423 0.00515312 -0.010593 0.00075408 -0.0158305 0.00752283 0.00495125 0.00941162 0.0105113 -0.00807212 -0.00428951 0.00624365 0.00554691 0.00741041 -0.00689159 0.00295911 -0.0141492 -0.0211893 -0.0174724 0.0151484 -0.00202567
internal_weight=93438.1 59058.5 49364.1 38436.8 22746.1 34379.7 10927.3 1705.47 19397.4 27644.1 2244.95 25399.2 9694.35 6204.35 1999.95 6735.56 15690.7 11560.4 10205.2 8413.43 7144.64 5185.86 1817.76 23399.2 9221.85 11851.5 3296.5 6226.58 20348.4 18496.9 7998.04 3193.6 3348.69 5326.88 4911.57 2146.97 2995.27 5583.87 2131.04 3490 2005.69 7545.93 3584.71 3451.7 2919.54 2398.65 4746.96 3712.33 2279.59 4777.36 2903.87 4130.34 10498.9 10007.9 3112.7 1484.31 3335.8 1053.25 693.715 637.264 465.695 1102.74
internal_count=425845 260273 217980 168307 98818 165572 49673 8433 82926 131863 11451 120412 42293 26781 9446 33709 69489 51410 45449 37333 31856 25332 8139 110966 41240 50651 14128 27796 97076 87923 37609 14627 15892 23717 21941 9138 13444 23883 10940 15512 8845 32275 15397 14783 13117 11483 23292 17965 11311 21562 12489 18079 50314 47733 13425 6667 14691 4782 3142 2896 2189 4981
is_linear=0
shrinkage=0.05


Tree=77
num_leaves=63
num_cat=0
split_feature=3 3 5 150 3 225 179 108 61 31 141 3 80 72 247 32 53 70 109 114 3 21 10 3 132 165 64 231 125 213 163 254 106 80 31 42 247 229 207 20 239 171 239 68 111 43 103 222 213 90 192 216 163 228 114 141 91 125 97 224 58 64
split_gain=194.367 164.374 128.258 86.3409 75.5548 73.8326 71.5467 60.5785 56.8072 55.2878 54.2456 50.4252 50.0741 76.8993 55.9336 53.5288 48.8285 46.2111 45.0204 44.329 44.0952 44.0744 44.1229 40.4213 39.8296 39.5722 39.3778 46.4532 39.1969 37.7419 36.0998 39.5902 36.0212 35.7501 35.5181 46.0361 38.3745 36.492 35.5778 35.2468 34.5205 34.1481 33.3165 38.252 33.2325 40.5199 33.0126 32.6553 34.8946 32.0531 31.8287 35.7252 31.5877 31.4913 43.5721 31.2288 31.1508 31.1045 33.8928 31.1997 30.8958 30.731
threshold=0.056805245578289039 0.94082602858543407 0.075000001117587103 -0.022819519042968747 0.47596007585525518 0.073089599609375014 0.085235595703125014 0.063140869140625014 0.0064716339111328134 0.085662841796875014 -0.018821716308593747 0.67406266927719127 0.0021696090698242192 0.041946411132812507 -0.035293579101562493 -0.090240478515624986 0.078948974609375014 -0.010723114013671873 0.045425415039062507 -0.10647583007812499 0.30857127904891973 -0.080169677734374986 -0.059555053710937493 0.013127712067216636 -0.11068725585937499 0.12155151367187501 0.080169677734375014 0.032089233398437507 0.072113037109375014 0.010974884033203127 0.039718627929687507 0.061904907226562507 -0.025703430175781247 -0.038131713867187493 -0.010997772216796873 0.033187866210937507 0.013416290283203127 -0.071014404296874986 -0.0011105537414550779 -0.045455932617187493 -0.062957763671874986 -0.045394897460937493 -0.011623382568359373 0.065093994140625014 -0.0063419342041015616 0.054061889648437507 -0.067230224609374986 -0.033248901367187493 0.053085327148437507 0.071685791015625014 -0.10189819335937499 -0.084625244140624986 0.081207275390625014 -0.062026977539062493 0.061813354492187507 -0.044784545898437493 0.050735473632812507 0.0019030570983886721 0.068389892578125014 0.034317016601562507 -0.0033349990844726558 0.10159301757812501
decision_type=2 2 2 2 2 2 2 2 2 2 2 2 2 2 2 2 2 2 2 2 2 2 2 2 2 2 2 2 2 2 2 2 2 2 2 2 2 2 2 2 2 2 2 2 2 2 2 2 2 2 2 2 2 2 2 2 2 2 2 2 2 2
left_child=23 2 3 5 10 18 7 11 16 25 30 17 14 15 24 40 33 -6 39 -15 34 -9 49 -1 -12 -10 27 29 32 52 -4 61 -7 -5 35 36 -16 38 -36 -2 -14 -20 43 -26 -17 -46 -35 48 -21 -23 -41 -52 -13 -24 -55 60 -47 59 -59 -57 -29 -32
right_child=1 -3 4 8 6 28 -8 21 9 -11 12 26 13 19 20 44 -18 -19 41 47 -22 22 53 -25 42 -27 -28 55 -30 -31 31 -33 -34 46 37 -37 -38 -39 -40 50 -42 -43 -44 -45 45 56 -48 -49 -50 -51 51 -53 -54 54 -56 57 -58 58 -60 -61 -62 -63
leaf_value=-0.026883118600641805 0.01107470060404547 -0.010104408434182784 -0.0024926380545685733 -0.00088487372000693092 0.005857214442703265 0.0088895009813334345 0.007753183521662519 0.018094918397698858 0.0011484121389923013 -0.0096807172178433702 -0.021995901687413083 0.0016993839043033731 -0.018350426057413508 -0.017321889801123924 -0.011554877710248219 -0.011667353809214088 -0.01060781353475895 -0.0016294918768724423 -0.0078806269220502555 0.020642021582962643 -0.0049399978136479249 -0.00047810709392665857 0.011726835370694803 -0.0093590628315743281 -0.01102241890114849 -0.012732337049639704 0.0066772226985871777 0.012461887085867963 0.014190299541531531 -0.0073868966891715224 0.0093155037772230751 -0.0056884897311129112 -0.0062400447672876728 0.00057544221617090497 0.030237934013514017 -0.0018085078564296997 -0.042419652695172512 -0.013061572052689947 -0.014733944123179799 -0.0088751296731499132 0.010900218343487193 0.015079003124198801 0.0056401793855671775 0.032340471542680889 0.00029674493176554156 -0.018018459030960977 0.0075199477299893241 0.0025059459090272787 -0.0026855059183269478 -0.024921548259871012 0.016331605709030968 0.0040590451508949023 -0.011903393918983015 -0.0014911417126593539 0.016421930379991786 -0.014909183786486034 0.006044880202420882 -0.011542195863524765 0.020303228876432294 -0.037733163165152961 -0.011781523393406969 -0.010208025320653544
leaf_weight=363.09020629525185 2646.6847799941897 3523.8414474204183 3900.893610753119 2810.488678060472 3648.5543605238199 483.88345170021057 3470.0025223344564 575.38836294412613 6400.1119454875588 1853.5875808298588 202.59203524142504 3937.8100689128041 116.06541741639376 180.59155385196209 148.4556939676404 2013.4767380729318 600.50623494386673 4734.8676483184099 173.17341427505016 711.13840191811323 2299.9372765049338 363.25091563910246 1266.1054641678929 3462.8535461723804 654.03354270011187 557.2349161580205 848.49033182859421 249.17719227075577 360.72764113545418 2578.3482095897198 2297.1225683391094 719.49066969007254 2085.8357815593481 2360.0323428809643 98.946759581565857 163.3203999325633 318.48791693150997 2275.0415308773518 77.706994101405144 426.64163322746754 730.8143499866128 2378.7566612139344 1397.3003930002451 54.175487548112869 2123.0591986477375 630.28268522769213 6226.814497128129 1058.1760822832584 206.60639935731888 211.65715508908033 650.83277712762356 6589.1839296668768 477.64034380018711 1815.9063405320048 416.49383506178856 454.00984697788954 170.36586385965347 903.55501916259527 91.142615422606468 224.32968313992023 275.84163004159927 220.11763303726912
leaf_count=1605 12701 15177 17741 12596 16848 2115 16226 2991 29222 8184 865 18021 550 799 765 9072 2698 21695 809 3385 10185 1831 6021 15091 2887 2620 3800 1127 1613 11347 10612 3217 8957 10721 414 713 1612 9836 334 1952 3569 11385 6088 236 9533 2923 29226 4825 926 1012 3040 30869 2172 8228 1911 2010 844 4101 411 985 1272 1000
internal_value=5.90054e-06 0.000478048 0.000912203 0.0031544 -0.000752258 0.00594145 0.00106042 5.35651e-05 0.00103859 -0.0020098 -0.00286538 -0.00123344 -0.00451451 -0.00172916 -0.00739002 -0.00473347 0.00327723 0.00162911 0.00757282 0.00632728 -0.0101822 0.00515328 0.00332122 -0.0110287 -0.000877908 3.4991e-05 -0.00362351 -0.00457499 -0.00122075 -0.00258153 0.00074615 0.00464909 -0.00338877 0.00400968 -0.0140913 -0.0246754 -0.0326525 -0.0113614 0.010484 0.00610046 0.00687448 0.0135185 0.00116354 -0.00766439 -0.00672558 -0.00331949 0.00561159 0.00849639 0.0153932 -0.00950481 0.00438204 0.00516438 0.000225544 0.00543103 0.00185672 -0.0109137 -0.012897 -0.0142506 -0.00860679 -0.0225016 -0.000273633 0.00760491
internal_weight=93265.1 89439.1 85915.3 36604.5 49310.8 15795.7 26542.6 23072.6 20808.8 8810.93 22768.2 18423.8 15630.6 7940.58 7690 5784.06 11997.8 8383.42 12865.3 2156.51 5381.9 4648.8 4073.41 3825.94 2308.1 6957.35 10040.3 9191.85 2930.45 6993.8 7137.62 3236.73 2569.72 11397.3 3081.96 630.264 466.944 2451.7 176.654 10313.3 846.88 2551.93 2105.51 708.209 4937.18 2923.71 8586.85 1975.92 917.745 574.908 7666.66 7240.02 4415.45 3498.51 2232.4 2198.06 800.649 1673.04 994.698 678.34 525.019 2517.24
internal_count=425521 408825 393648 168708 224940 73441 122009 105783 95267 40026 102931 83789 70361 36426 33935 26491 55241 38543 60756 9935 23859 21994 19003 16696 10076 31842 45246 41446 12685 31540 32570 14829 11072 52543 13674 3090 2377 10584 748 48562 4119 12194 9211 3123 22372 13300 39947 9136 4311 2843 35861 33909 20193 16160 10139 9906 3767 7507 4512 2995 2399 11612
is_linear=0
shrinkage=0.05


Tree=78
num_leaves=63
num_cat=0
split_feature=2 4 2 4 106 151 17 132 61 144 2 93 182 158 190 46 11 163 77 136 253 255 238 114 2 75 46 220 27 182 4 92 4 185 186 115 83 254 122 154 15 165 211 59 2 134 77 184 34 136 262 45 166 194 166 166 98 229 192 141 76 205
split_gain=249.704 159.884 126.23 85.1265 81.0493 84.9536 89.7252 85.0209 79.3159 75.9422 68.4972 67.3614 67.1499 58.2079 61.5024 58.0988 55.5356 55.2343 53.5199 50.247 49.6968 48.8699 55.6768 63.8639 56.4579 50.5269 47.6781 49.9799 47.5323 46.3861 45.3605 55.8211 45.352 45.3225 44.2425 45.6113 43.8528 43.5688 42.5895 41.4797 40.8195 41.1469 52.4688 40.1451 39.87 39.1744 41.2873 48.6945 39.9324 39.0893 38.8629 37.6035 38.2455 36.5605 36.2234 36.1381 52.1356 42.376 36.6286 35.8597 35.8112 35.7363
threshold=2.4074375629425053 0.19271381199359897 1.8526903986930849 0.94108700752258312 0.076690673828125014 0.015132904052734377 -0.065460205078124986 0.076202392578125014 0.071563720703125014 -0.084686279296874986 1.0950251221656802 -0.0094871520996093733 0.0074062347412109384 -0.0094947814941406233 0.054794311523437507 -0.010204315185546873 -0.085784912109374986 0.020622253417968753 -0.11532592773437499 -0.034896850585937493 -0.022514343261718747 -0.076812744140624986 -0.026069641113281247 -0.014095306396484373 3.0618563890457158 -0.013095855712890623 -0.12442016601562499 -0.081939697265624986 0.017784118652343753 0.0054836273193359384 0.32909253239631658 -0.047714233398437493 0.85497337579727184 -0.041427612304687493 -0.11831665039062499 0.18280029296875003 -0.047744750976562493 -0.034988403320312493 0.066802978515625014 0.033859252929687507 0.14923095703125003 -0.001374244689941406 -0.10671997070312499 -0.026847839355468747 2.6722609996795659 0.10775756835937501 0.056381225585937507 0.017845153808593753 1.0000000180025095e-35 -0.067718505859374986 0.056716918945312507 -0.059555053710937493 -0.040176391601562493 0.0088005065917968767 0.041610717773437507 -0.011981964111328123 -0.011165618896484373 0.083587646484375014 0.12591552734375003 -0.010417938232421873 -0.13641357421874997 0.10910034179687501
decision_type=2 2 2 2 2 2 2 2 2 2 2 2 2 2 2 2 2 2 2 2 2 2 2 2 2 2 2 2 2 2 2 2 2 2 2 2 2 2 2 2 2 2 2 2 2 2 2 2 2 2 2 2 2 2 2 2 2 2 2 2 2 2
left_child=1 2 12 4 5 7 10 16 9 19 59 28 49 14 -6 20 -3 60 -11 51 -4 30 24 25 33 -24 27 -18 53 -9 54 -32 55 43 37 44 -15 -10 -26 -17 41 42 -25 -23 -36 46 47 -28 -47 -1 -38 -2 -53 -12 -20 56 57 -8 -57 -7 -13 -21
right_child=8 3 15 -5 13 6 32 29 34 18 11 17 -14 36 -16 39 26 -19 21 61 -22 22 23 40 38 -27 45 -29 -30 -31 31 -33 -34 -35 35 -37 50 -39 -40 -41 -42 -43 -44 -45 -46 48 -48 -49 -50 -51 -52 52 -54 -55 -56 58 -58 -59 -60 -61 -62 -63
leaf_value=-0.020581994230380877 0.017093364831265844 0.0054377302617398451 0.0079389270892891144 -0.010773642430416062 -0.0028197274480944038 0.0027215757631308458 0.007696240034073926 0.0068315680337291892 -0.054007561766060301 -0.0092291133912088593 0.015168265802903674 0.024945467632971709 -0.024300605729429825 0.0033735191753327246 0.015345628134047147 -0.011059688989018678 -0.040155101586223013 0.012690282017030478 0.01114749795587475 0.01412846324054207 -0.0048562526574273488 -0.0093835908887623561 0.0091247662815362573 -0.048231155991514299 0.0043904406322960192 0.00057003690169249595 -0.0060913213402697579 0.0072145676481815552 0.0044474912496296265 -0.0046100241629978191 -0.023486377905609063 -0.0026352365145759006 -0.0092160764978937628 -0.0036761112704260706 -0.011233647934134984 -0.047557701380455078 -0.0078968821419669842 0.00062141182490015566 0.020949712855911684 0.0014748073062867419 -0.020085875951896981 0.013433361244944181 0.0060843497475931412 0.010858108623153765 0.0022346743461465449 0.01333213601336667 -0.010254928219124798 0.00049549789185696763 -0.021818672494449937 -0.0074595563812284412 -0.020582878187480641 0.017577014870467651 -0.0093892152268957065 0.031617477205855796 -0.005932597477655302 0.0055837383098443754 -0.0091468700480124825 -0.030011617428918388 -0.01297750234118279 -0.019046580101136679 -0.0064535555517886284 -0.020550408287470203
leaf_weight=719.52312128245831 274.63001876324415 1901.0665589943528 1670.25427236408 1996.1492447629571 2431.6359513103962 1114.0888954475522 1079.8951863124967 4277.4940162077546 86.302763596177101 841.99643598496914 642.01083359122276 101.01275256276131 1131.5490058287978 705.30058503895998 575.35387675464153 2310.6074475944042 57.104639202356339 1411.6352960392833 829.04972352087498 3230.6160049587488 1389.1965611279011 312.39281959831715 2525.9935178160667 44.408533036708832 2102.3274416550994 5446.0570592209697 7395.9059899672866 1343.0862302705646 409.75303825736046 1116.3775378055871 414.99290506541729 1406.7690148949623 1028.342538908124 4797.9747001305223 819.14498700946569 55.722296044230461 3499.7509629577398 62.679473698139191 475.50971116125584 923.49365277588367 110.10913324356079 4141.3664155304432 2152.3704048469663 1122.7462654411793 1664.319708570838 524.45179845392704 2889.2280653789639 4520.4959655478597 94.549369283020496 2684.7680795118213 729.43520614504814 162.01569518446922 679.45552276074886 720.09213846176863 495.05732491612434 4600.9127566292882 1437.3694199472666 79.044025123119354 281.15386990457773 226.8537282794714 826.56645229458809 75.1909059882164
leaf_count=3359 1425 8475 7123 8482 10604 5023 4973 19279 382 3867 2898 491 5392 3071 2700 9674 260 6418 3914 17592 5901 1407 12467 203 10123 25707 32036 6062 1878 5114 1903 6598 4514 22106 3656 237 14875 292 2294 3866 589 21258 10154 5253 7760 2320 12420 20104 413 11926 3096 810 3043 3397 2206 20617 6511 350 1368 1067 3616 356
internal_value=7.14076e-05 -0.00190559 -0.00739322 -0.000667804 -0.000229232 0.000729058 0.00383336 -0.00106757 0.00346025 0.00416079 0.00884007 0.0120402 -0.013751 -0.00482364 0.000659956 -0.00280963 -0.00266079 0.00646554 0.00317324 0.0102376 0.00212937 0.00356947 0.00436143 0.00627469 0.00122978 0.00328146 -0.00357612 0.00525539 0.019392 0.00446307 -0.00227842 -0.00739535 0.000623872 -0.00134431 -0.00478393 -0.00322392 -0.0081647 -0.0311733 0.00745192 -0.00748113 0.00997417 0.0104995 0.0049649 0.00644855 -0.00221045 -0.0043781 -0.00489346 -0.00359277 0.00793649 -0.0102383 -0.0100893 0.00106331 -0.00418247 0.0238812 0.00476193 0.001978 -0.0027875 0.00510077 0.00451237 -0.000972497 -0.00301104 0.0133337
internal_weight=93174.7 58845.5 10829.4 48016.1 46020 38078.5 13958.7 24119.8 34329.2 31641 5452.01 4111.07 4535.84 7941.48 3006.99 6293.55 18725.9 2339.21 27219.1 4421.91 3059.45 26377.1 23231.3 14420.3 8810.95 7972.05 16824.8 1400.19 1771.86 5393.87 3145.87 1821.76 8506.72 6233.11 2688.17 2539.19 4934.49 148.982 2577.84 3234.1 6448.25 6338.15 2196.78 1435.14 2483.46 15424.6 14805.6 11916.4 619.001 3404.29 4229.19 1116.1 841.471 1362.1 1324.11 7478.38 2596.31 1158.94 4882.07 1340.94 927.579 3305.81
internal_count=425275 259673 47241 212432 203950 169604 63121 106483 165602 153275 24788 18698 20677 34346 13304 26564 82090 10525 130049 23226 13024 126182 111561 70378 41183 38174 73615 6322 8173 24393 14621 8501 38333 28766 12327 11653 21042 674 12417 13540 32204 31615 10357 6660 11416 67293 64560 52140 2733 15285 17971 5278 3853 6295 6120 33819 11834 5323 21985 6090 4107 17948
is_linear=0
shrinkage=0.05


Tree=79
num_leaves=63
num_cat=0
split_feature=2 5 2 3 3 2 6 2 6 95 6 9 253 3 2 6 3 6 6 2 6 63 190 6 2 0 6 6 6 150 127 54 180 215 22 152 260 115 6 2 217 167 6 187 180 261 150 12 6 2 15 3 2 6 2 146 214 3 220 54 250 259
split_gain=233.975 139.014 112.013 110.378 165.434 162.923 374.443 162.577 101.109 133.405 102.35 102.819 77.5785 70.2816 255.286 122.525 109.866 104.65 100.991 85.1454 80.6227 73.7496 72.3586 70.2685 68.5114 63.8183 63.4285 63.7522 96.1666 59.1174 57.7097 56.4586 55.6937 75.4981 55.6284 54.596 56.8423 51.8022 52.8016 53.4292 50.7918 49.59 47.7442 47.6632 47.6745 47.3056 46.9177 48.0896 45.6547 45.1826 44.6953 45.1869 43.7708 44.4235 45.5007 42.2855 47.7056 41.4775 41.3072 43.5934 41.2972 44.7166
threshold=2.5222852230072026 0.12500000372529033 1.311547636985779 0.47953478991985327 0.81808942556381237 1.0950251221656802 0.24499999731779101 0.11821687221527101 0.79500001668930065 -0.056808471679687493 0.89499998092651378 -0.071563720703124986 -0.039108276367187493 0.74446684122085582 3.0618563890457158 0.85500001907348644 0.16345492005348208 0.86500000953674328 0.95499998331069957 3.2340722084045415 0.64499998092651378 -0.013843536376953123 0.028556823730468753 0.7150000035762788 1.6951137185096743 0.028250000439584259 0.19000000506639483 0.20499999821186068 0.21499999612569812 0.011844635009765627 -0.023750305175781247 0.0078105926513671884 -0.036087036132812493 0.027000427246093753 0.017372131347656253 0.043930053710937507 -0.050918579101562493 0.13739013671875003 0.82499998807907116 1.7413566112518313 0.015846252441406253 -0.027244567871093747 0.16499999910593036 -0.0091743469238281233 0.064727783203125014 0.11196899414062501 -0.012447357177734373 -0.13323974609374997 0.86500000953674328 0.41292415559291845 -0.054122924804687493 0.036557415500283248 0.97507533431053173 0.32500000298023229 0.11821687221527101 0.0082206726074218767 -0.0028409957885742183 0.8023095726966859 0.10464477539062501 -0.10433959960937499 -0.029823303222656247 -0.033554077148437493
decision_type=2 2 2 2 2 2 2 2 2 2 2 2 2 2 2 2 2 2 2 2 2 2 2 2 2 2 2 2 2 2 2 2 2 2 2 2 2 2 2 2 2 2 2 2 2 2 2 2 2 2 2 2 2 2 2 2 2 2 2 2 2 2
left_child=1 3 23 5 32 6 7 26 9 24 11 -10 45 15 17 19 18 30 41 20 -2 -16 48 49 29 -14 -1 -28 -29 -7 -15 -26 -5 34 -34 36 -23 38 -13 -40 -11 -17 -6 -19 -45 -4 47 -44 -18 -3 -12 -52 53 -8 -55 -32 -57 -51 59 -24 -61 -62
right_child=13 2 12 4 42 8 52 -9 10 40 50 37 25 14 21 16 22 43 -20 -21 -22 35 58 -25 31 -27 27 28 -30 -31 55 -33 33 -35 -36 -37 -38 -39 39 -41 -42 -43 46 44 -46 -47 -48 -49 -50 57 51 -53 -54 54 -56 56 -58 -59 -60 60 61 -63
leaf_value=0.0034209944632301089 -0.01081298624320598 -0.03109179081059666 0.00064858330538726636 0.009047253127566976 -0.036888642250810753 0.014237956749451712 -0.015301596716411398 0.034603018503230908 -0.015988179327658041 -0.0080636497056602204 -0.0084702693199188214 0.0058720758175945355 0.0028992398718544195 -0.0051617068334449444 0.0015984169392768124 -0.02426296044803497 -0.014724611331305008 -0.0087278970982813363 0.017635352138820042 0.022595027767188334 0.010402312915653165 0.010736895491542223 -0.0045475526771911702 -0.024524145279591913 -0.0075466566872497186 -0.0086095183053851998 -0.076018621918911233 0.052318354093397225 -0.027253224363776876 0.037885975313335832 -0.030787721923880525 0.016883651660253358 0.0019369670654321919 -0.0071202477137831677 0.011066742211960969 -0.0024942158732568337 0.031842156420639235 -0.022599210122089208 -0.013283687025381383 -0.0016268563770526238 0.0059290143531069012 -0.0065083497928506749 0.024311592871574573 0.0078680436400146748 -0.014481417130362571 -0.020299168912374904 -0.0084050383577627241 -0.0012272592124287951 0.0023690745238340691 0.0065429713731232188 -0.014760198496879182 0.0049096099176706076 -0.013736200865859678 -0.055360218585194958 -0.030655156923137153 0.0070601442425190942 -0.024608713321561341 -0.021643090768699823 -0.0072980727384446805 0.019899100640239083 0.017011800281142086 0.0048484096948930707
leaf_weight=920.72243370115757 500.60104689747095 142.70573947578669 7236.1978178694844 5973.6601154953241 108.67611572146416 666.81490787863731 347.90881286561489 371.95094195008278 2058.4513347446918 1450.1463414132595 858.68346686661243 1524.4694355279207 1411.9951745122671 738.41457786411047 970.7853092700243 603.09762048721313 410.94878870993853 1225.6143048927188 325.10966926813126 1300.3854317441583 4188.1208378970623 543.59271642565727 456.07980237156153 1146.0887333638966 448.11036667227745 8181.4151195064187 46.725607201457024 45.340463697910309 210.04453863203526 439.10686895251274 704.72623784840107 498.74011500179768 5128.7863591387868 1574.0463737696409 2472.3486727848649 245.68699561059475 776.30760999768972 328.27907855808735 1342.2828703522682 3666.4748661071062 1171.624411739409 1130.224929459393 193.65713354945183 1438.5618704780936 285.07049789279699 278.93641598522663 2872.4541228488088 3472.376043766737 7546.2515948265791 534.08867515623569 308.56363748013973 5150.776379711926 486.90839994698763 235.99751744419336 919.34590434283018 200.95290859043598 289.01889455318451 171.63170450925827 361.85263305902481 1139.0542175993323 1132.0809671729803 2272.0148167461157
leaf_count=3903 2141 888 30929 27364 447 3085 1572 1626 8673 6408 3736 6867 6315 3327 4674 2674 1913 5899 1472 6372 20239 2741 2377 5736 1998 34881 203 199 923 2083 3333 2257 22550 6888 11433 1167 4065 1394 5773 16129 5265 5024 837 6933 1287 1171 12403 15131 36693 2692 1295 22681 2238 1450 4891 923 1313 871 1805 6206 6309 11687
internal_value=8.54353e-06 -0.00166655 -0.00524356 -0.000157822 0.00240492 -0.002535 -0.0123458 0.00570454 -0.000768186 0.0056638 -0.00274156 -0.00619001 -0.00393573 0.00375597 -0.000436814 0.00521176 0.00284836 -0.00712163 -0.00789953 0.0112782 0.0081354 0.0124288 0.00450999 -0.0164542 0.0152063 -0.00691549 -0.00310665 -0.0229462 -0.0129773 0.0236532 -0.0161601 0.0053259 0.00529033 0.0028436 0.00490759 0.0191391 0.0231648 -0.00324866 -0.00227304 -0.00475277 -0.00181069 -0.0126964 -0.00417072 -0.00119378 0.00416543 -0.000131524 -0.00362135 0.000128085 0.00148453 -0.00553701 0.00212727 0.00379537 -0.0268057 -0.031027 -0.0357451 -0.022948 -0.0116324 -0.000332824 0.00899941 0.0101803 0.0116595 0.00889733
internal_weight=93181.1 64396.5 19103.1 45293.5 21796 23497.5 3584.94 1594.78 19912.5 4674.54 15238 8919.96 17108.5 28784.6 7418.73 21365.8 15376.7 4882.36 2058.43 5989.11 4688.72 2536.37 13318.3 1994.51 2052.77 9593.41 1222.83 302.111 255.385 1105.92 1933.11 946.85 15148.8 9175.18 7601.14 1565.59 1319.9 6861.51 6533.23 5008.76 2621.77 1733.32 6647.16 2949.25 1723.63 7515.13 6538.49 3666.03 7957.2 848.426 6318.02 5459.34 1990.16 1503.25 1155.34 1194.7 489.972 705.72 5361.08 4999.23 4543.15 3404.1
internal_count=425759 285185 83483 201702 97053 104649 17005 6854 87644 21096 66548 38836 73296 140574 35662 104912 76160 23015 9170 28752 22380 12647 66990 10187 9423 41196 5228 1325 1122 5168 8896 4255 68235 40871 33983 7973 6806 30163 28769 21902 11673 7698 28818 14119 8220 32100 28371 15968 38606 4451 27712 23976 10151 7913 6341 5569 2236 3563 28384 26579 24202 17996
is_linear=0
shrinkage=0.05


Tree=80
num_leaves=63
num_cat=0
split_feature=2 0 4 156 141 21 82 128 2 170 21 95 34 141 141 74 193 69 2 78 207 220 2 23 8 51 4 241 141 148 156 68 20 88 207 84 182 223 82 225 4 165 43 1 155 2 20 191 61 72 163 69 261 103 227 78 187 67 224 69 23 113
split_gain=221.505 166.408 142.49 106.817 103.792 102.354 97.1941 77.9764 84.1195 75.5326 74.0252 71.6613 75.6168 67.389 63.7603 61.5746 55.9556 53.9821 53.9592 73.6152 54.7474 52.2371 55.7197 51.3663 49.9503 46.6055 45.5863 44.6132 44.1142 40.5052 40.4491 39.8868 39.1412 37.8217 37.4035 37.3489 37.2573 38.2507 36.6947 36.4436 35.6739 35.5559 35.0855 36.7078 36.6541 34.378 46.6677 33.8529 33.5261 33.372 33.0964 32.6232 36.8282 32.5686 32.5311 32.4819 32.385 31.9769 31.8197 31.6931 33.3283 31.4817
threshold=1.3261731266975405 0.12725000083446505 0.50574335455894481 0.076629638671875014 -0.053909301757812493 -0.10446166992187499 0.021766662597656253 0.011821746826171877 2.391125082969666 -0.072174072265624986 0.013935089111328127 0.018302917480468753 -0.043075561523437493 0.057449340820312507 0.15447998046875003 -0.0081748962402343733 -0.033645629882812493 -0.096405029296874986 2.6553853750228886 0.065460205078125014 -0.020179748535156247 0.062591552734375014 3.5796049833297734 -0.022865295410156247 0.048812866210937507 0.00065350532531738292 0.66866442561149608 -0.019737243652343747 -0.028480529785156247 0.10928344726562501 0.0018677711486816408 0.081878662109375014 -0.090728759765624986 -0.0082511901855468733 -0.082550048828124986 -0.040420532226562493 0.020591735839843753 -0.033218383789062493 -0.085052490234374986 -0.021858215332031247 0.057615090161561973 0.048294067382812507 -0.059280395507812493 -17499999.999999996 0.11770629882812501 1.0950251221656802 0.022560119628906253 -0.092559814453124986 0.050216674804687507 0.0083732604980468767 -0.054275512695312493 0.015506744384765627 0.024040222167968753 -0.024101257324218747 -0.13067626953124997 -0.036453247070312493 0.015983581542968753 -0.026908874511718747 -0.014263153076171873 -0.031135559082031247 0.036087036132812507 0.077423095703125014
decision_type=2 2 2 2 2 2 2 2 2 2 2 2 2 2 2 2 2 2 2 2 2 2 2 2 2 2 2 2 2 2 2 2 2 2 2 2 2 2 2 2 2 2 2 2 2 2 2 2 2 2 2 2 2 2 2 2 2 2 2 2 2 2
left_child=2 4 6 5 42 25 23 8 13 15 -5 14 -13 24 16 -9 45 50 19 20 33 22 29 -1 41 28 -24 38 -4 -10 -23 32 -18 35 -29 -3 37 -15 -19 53 -22 -6 -2 44 -44 56 -47 -20 -40 -43 -11 -49 -53 -25 -36 -35 -7 -17 -59 -26 -61 -42
right_child=1 18 3 10 7 11 -8 9 21 17 -12 12 -14 36 -16 57 31 27 47 -21 40 30 26 39 59 -27 -28 34 -30 -31 -32 -33 -34 55 54 -37 -38 -39 48 -41 61 49 43 -45 -46 46 -48 51 -50 -51 -52 52 -54 -55 -56 -57 -58 58 -60 60 -62 -63
leaf_value=-0.022633920414544192 0.0024283705759937466 0.0084967420469342393 -0.010915368447175514 0.00061828403723718185 -0.0038362624926891959 0.0001712070794143448 -0.024712491932646283 0.015493273896527923 0.0036938647887814133 -0.026744196910547691 0.025734757384801518 -0.04114468530549284 -0.0097524020025671135 -0.0095078090781205507 0.037691935885098005 0.015546774947772408 0.0061552459948609074 0.021674135010609611 -0.0098131359360645615 -0.011404608432238859 -0.016426614998816404 -0.011102136197727128 0.032661648429201877 0.0087281041641790284 -0.0006407241489828951 -0.0070822346782483322 0.00038977454065169308 0.017655129710048994 0.027701800542499572 0.028051710058893644 0.0017040007578423009 0.005022491706710275 -0.013712288018102731 0.0097168714865186658 -0.017446538799606288 -0.0059619551643896882 -0.01913617065481886 0.0010623518159586735 0.008252818052354732 -0.01034405735066792 -0.0044626176519210166 -0.0026096310281203145 0.0080399554504851766 0.024041612565877356 0.029094979396255161 -0.0020121298490125713 0.026699155917574144 -8.6696352125009372e-06 -0.0050358311320791386 0.01185842567021211 -0.0037786985062308737 0.010917572219479314 -0.00123189817298089 -0.008928474398455101 0.0011722825284390549 0.00043684863468397285 -0.022790362331224417 0.0034852361111870171 -0.016552351488818482 0.0050528830765852054 0.020878612838293682 0.0029679024256838195
leaf_weight=542.57881324365735 2086.4868067502975 563.65188500285149 88.569074675440788 660.35642067342997 6281.0998705253005 1213.8434903994203 1294.7462549060583 2423.6175019666553 8306.9659322574735 183.27507005631924 526.9346309453249 281.19793456047773 601.90796726197004 2406.4188607558608 87.589036613702774 306.75487706810236 276.54301515221596 430.96771161258221 609.466014996171 2430.2684482336044 555.70952621102333 948.44621354341507 318.44698173552752 627.90393679589033 1045.9506037086248 202.575723297894 166.47963430732489 331.99349954724312 433.21131060272455 173.28702989965677 1758.3474536016583 416.61276042461395 2350.8412030860782 1779.5873507112265 242.76353465020657 2137.0380800068378 603.28789941966534 1327.7401452735066 3195.1953107491136 1717.6862263530493 10891.655877605081 807.6998637765646 5282.0524028018117 429.12713284045458 214.31386503577232 292.28375750780106 273.16786026954651 4965.0855375826359 556.72117207944393 785.27411417663097 1058.7387746945024 1822.8319520056248 947.64930063486099 445.67875202745199 6242.4446753039956 2004.606590859592 174.79882872104645 598.79453635215759 294.91198183596134 918.76505580544472 521.33710246533155 1639.4029693603516
leaf_count=2715 9588 2487 403 2908 26814 5480 6726 12572 40051 797 2457 1300 2912 10216 396 1445 1220 2102 2787 10408 2333 4363 1748 2823 4582 903 837 1591 2194 840 8380 1836 10431 8025 1106 9230 2604 5707 15389 8293 46756 3476 25076 2331 1063 1255 1244 22971 2595 3485 4832 8878 4437 2042 29061 8810 809 2973 1457 4035 2288 7075
internal_value=6.21691e-05 0.001023 -0.00612797 -0.00203763 0.00278862 -0.00448969 -0.0130901 0.00179878 0.000132277 0.00456832 0.0117776 -0.00664405 -0.0197835 -0.00238427 -0.004359 0.010908 -0.00510331 0.00269083 -0.00190047 -0.00319889 -0.00217944 0.00330109 0.00513892 -0.00857027 -0.000193404 0.0132473 0.021606 0.00380661 0.0211384 0.00419485 -0.00278564 -0.009341 -0.0116196 0.00157707 0.00131197 -0.0029423 -0.00761596 -0.00575014 0.00787105 -0.00582938 -0.00404088 -0.00214426 0.00800579 0.00996897 0.00886607 0.00149936 0.0118808 0.00152282 0.00628019 0.00452552 -0.00718634 0.00241711 0.00676287 0.0013968 0.000472734 0.00480237 -0.00273346 0.00164548 -0.00313803 0.00598392 0.0107925 -0.00349034
internal_weight=93103.7 80594.7 12509 7880.43 50247.7 6693.14 4628.59 42235.7 26369.5 15866.2 1187.29 5968.79 883.106 14697.6 5085.68 3624.08 4998.09 12242.1 30347 22001.9 19571.7 11672 8965.18 3333.85 10360.1 724.356 484.927 11000.1 521.78 8480.25 2706.79 3044 2627.38 6484.88 6817.2 2700.69 4337.45 3734.16 4182.88 2791.27 13086.8 7874.07 8011.98 5925.49 5496.37 1954.09 565.452 8345.03 3751.92 1592.97 1242.01 7735.57 2770.48 1073.58 6485.21 3784.19 1388.64 1200.46 893.707 2486.05 1440.1 12531.1
internal_count=425948 367601 58347 35748 233404 30383 22599 195346 119426 75920 5365 26883 4212 63207 22671 18447 22275 57473 134197 95124 84716 56219 43476 15873 44680 3500 2585 51844 2597 40891 12743 13487 11651 28552 31758 11717 18527 15923 20086 13158 56164 33775 38058 28470 26139 8788 2499 39073 17984 6961 5629 36286 13315 4865 30167 16835 6289 5875 4430 10905 6323 53831
is_linear=0
shrinkage=0.05


Tree=81
num_leaves=63
num_cat=0
split_feature=3 3 3 78 200 242 6 9 72 181 259 179 15 228 34 203 61 227 9 23 80 6 239 6 75 262 210 63 3 121 6 93 95 242 247 25 179 37 3 170 32 135 25 19 95 117 28 3 237 11 72 39 48 256 7 225 6 225 160 200 9 160
split_gain=171.044 127.502 132.535 133.447 115.112 92.7908 88.5916 95.6281 78.7323 73.4085 71.9364 68.2231 74.5887 69.416 62.7951 61.8931 65.3849 60.6224 64.1851 59.0715 58.3537 53.6001 53.088 51.0484 53.7561 50.9462 49.4235 48.2702 48.0623 47.8091 47.0038 48.7406 46.7841 47.3229 46.6204 46.0553 40.9164 40.513 40.2843 40.232 39.6472 39.0587 37.7082 37.4471 36.613 36.3335 38.6559 36.2721 37.5162 36.4518 35.7121 35.6769 35.1213 39.1894 36.9819 34.8395 34.8271 34.8189 33.7868 33.6896 38.1155 33.0892
threshold=0.072570700198411955 0.81808942556381237 0.49005511403083807 -0.094329833984374986 0.010463714599609377 0.080535888671875014 0.94499999284744274 -0.065582275390624986 0.032485961914062507 0.10409545898437501 0.053970336914062507 0.092987060546875014 0.093719482421875014 -0.070770263671874986 0.0036439895629882817 -0.089324951171874986 0.017097473144531253 -0.016807556152343747 0.027076721191406253 0.040237426757812507 -0.039657592773437493 0.80500000715255748 -0.039779663085937493 0.90500000119209301 0.040847778320312507 0.0024576187133789067 -0.062530517578124986 -0.049545288085937493 0.62769693136215221 0.048812866210937507 0.16499999910593036 -0.074310302734374986 -0.0014514923095703123 -0.041519165039062493 0.0048427581787109384 0.029487609863281253 0.11392211914062501 0.040267944335937507 0.013127712067216636 0.059555053710937507 -0.035537719726562493 0.081329345703125014 0.033370971679687507 -0.10903930664062499 -0.081207275390624986 -0.13690185546874997 -0.014171600341796873 0.94494023919105541 0.035446166992187507 -0.010936737060546873 0.0032510757446289067 0.11502075195312501 -0.043991088867187493 0.082916259765625014 0.060592651367187507 0.046340942382812507 0.80500000715255748 0.086090087890625014 0.042526245117187507 -0.030128479003906247 -0.12945556640624997 -0.019935607910156247
decision_type=2 2 2 2 2 2 2 2 2 2 2 2 2 2 2 2 2 2 2 2 2 2 2 2 2 2 2 2 2 2 2 2 2 2 2 2 2 2 2 2 2 2 2 2 2 2 2 2 2 2 2 2 2 2 2 2 2 2 2 2 2 2
left_child=38 2 3 8 11 6 7 21 41 15 17 12 13 14 -4 26 -17 22 42 40 -10 44 -9 24 29 39 -6 -11 -18 43 -3 36 -8 35 -26 -34 -32 -31 -1 -12 58 -2 -19 -15 57 -24 -47 48 -33 -50 -30 -20 -27 54 -54 59 -42 -5 -7 -23 -61 -25
right_child=1 30 4 5 9 19 32 10 20 27 25 -13 -14 23 -16 16 28 18 51 -21 -22 55 45 61 34 52 -28 -29 50 37 31 47 33 -35 -36 -37 -38 -39 -40 -41 56 -43 -44 -45 -46 46 -48 -49 49 -51 -52 -53 53 -55 -56 -57 -58 -59 -60 60 -62 -63
leaf_value=-0.024916107229476167 0.0042336106991710037 -0.035709839856446234 0.00019199531916360557 0.015734525984310958 0.037123742270268906 0.01004265483344991 0.0098491236801052252 -0.012369181529916137 -0.00083035387377299779 -0.033675289754194475 -0.011178627325469035 0.010863773194822388 0.011031261218299905 -0.032507433615957516 0.014103195166327444 0.0099338256354305054 0.0078058593312236762 0.0019866640713108305 0.0075073781567895573 0.01587404680272592 0.017934065351137243 -0.023331730583462051 0.022597283435784953 -0.0065353062104835588 -0.015751244806639024 0.015654406020098849 0.013171510481841082 -0.00091862706300705377 -0.0066986533346334951 -0.013588502465288824 0.0029608255710575487 -0.0052776370181782384 -0.0011845755543711367 0.0037105461086036659 -0.0014426747701145794 -0.045212162290798649 0.036254975486209186 0.0025822636318152902 -0.0075958243992247368 -0.031771983039671929 0.0081032049474776841 -0.010322878860723979 -0.0063072976475803946 0.0015032278104414041 -0.0059312777116413331 0.0018598164500073068 -0.0062780116983996576 -0.0095445722256230249 0.0055190499063891858 -0.0052673687642778577 0.0050546922101624356 0.032360139420993937 -0.0010407876654118392 -0.042550393824102417 -0.031341382830086313 -0.0069589492404252967 -0.0091550135241595422 -0.010513989291312632 -0.0036437344154409573 -0.029088760464763577 -0.0084588101117864228 0.0047366466558009272
leaf_weight=359.44159907102585 2292.2981093600392 113.86949568986893 2109.6013790667057 476.92400917410851 276.39326895773411 1602.1543241813779 2005.1486966460943 1449.8137521743774 536.75652923434973 162.96272978186607 1270.8472008444369 1654.074437469244 1464.4613379463553 81.543918818235397 1317.0829022526741 6936.0883967578411 2254.7939596176147 5062.8018555566669 2408.7145925760269 967.34206392616034 1814.1254735067487 790.83673670142889 148.91383054852486 829.85273619741201 1640.1771263331175 229.96727135032415 974.2154441177845 358.26842969655991 1642.021714836359 1303.2586086988449 1263.2805992662907 6690.8816190510988 118.76240959018469 519.28079728782177 871.94642484933138 117.9394955560565 98.574874773621559 550.52952732890844 4946.9800533354282 291.33835323154926 402.72741958498955 575.73912169039249 1877.9001632854342 4149.0011298432946 1202.8497279882431 2832.3288979381323 3008.423954218626 2831.3733587637544 1979.5231001079082 1294.7068909853697 1064.4556870386004 152.75708819925785 1236.7150304690003 66.520759373903275 108.63381309807301 3219.6140902489424 1059.2446311935782 170.95005452632904 626.80135039240122 256.39475332945585 1736.640846401453 3008.7867954671383
leaf_count=1606 10581 469 10197 2142 1347 7837 9385 6549 2416 713 6059 7972 6903 363 6464 32668 10477 23304 11335 4575 8611 3435 669 4014 7169 1048 4726 1611 7560 5759 5635 30331 559 2493 3951 554 453 2527 21688 1342 1866 2553 8395 18740 5303 13089 13433 12214 9017 5750 5044 732 5617 324 482 13721 4961 731 2790 1101 7657 14313
internal_value=-5.78063e-05 0.000470489 0.00131249 -0.000593371 0.00368462 -0.00169325 -0.00268917 -0.00353183 0.0068701 0.00718286 -0.00170714 0.00116501 0.000238534 -0.000758553 0.00554147 0.00791261 0.00679924 -0.000407606 0.00223878 0.00488249 0.0136512 -0.00821124 -0.00378759 -0.00249493 -0.00463551 -0.00857633 0.0184906 -0.0112049 0.00241581 -0.00209415 -0.00385296 -0.00359424 0.00585416 -0.004741 -0.0107874 -0.0232198 0.00539558 -0.00878738 -0.00877352 -0.015037 0.00199823 0.00130891 -0.000257964 0.000840144 -0.000771357 -0.00170867 -0.00233213 -0.00455132 -0.00313178 0.00125354 -0.00207591 0.00900156 -0.00242364 -0.00537722 -0.00350895 -0.0105043 -0.00439863 0.00880298 0.00619402 -0.0146005 -0.011126 0.00229876
internal_weight=92866.4 87559.9 73287.7 40638.2 32649.5 35419.3 30761 27999.9 5218.92 13669.2 20145.7 18980.3 17326.2 15861.8 3426.68 13148 11897.4 16941.7 9502.17 4658.27 2350.88 7854.21 7439.48 12435.1 8596.46 3204.02 1250.61 521.231 4961.27 6084.33 14272.2 14158.3 2761.13 755.983 2512.12 236.702 1361.86 1853.79 5306.42 1562.19 3690.93 2868.04 6940.7 4230.55 1850.72 5989.67 5840.75 12796.5 9965.11 3274.23 2706.48 2561.47 1641.84 1411.87 1345.35 6003.49 1461.97 647.874 2228.96 2783.87 1993.04 3838.64
internal_count=425330 402036 338167 185649 152518 161488 139459 126468 24161 64146 92378 88372 80400 73497 16661 61822 55749 77506 43766 22029 11027 34090 33740 56836 38509 14872 6073 2324 23081 27389 63869 63400 12991 3606 11120 1113 6088 8286 23294 7401 17454 13134 31699 19103 8176 27191 26522 57312 45098 14767 12604 12067 7471 6423 6099 25914 6827 2873 10627 12193 8758 18327
is_linear=0
shrinkage=0.05


Tree=82
num_leaves=63
num_cat=0
split_feature=5 0 6 78 102 96 248 31 253 119 23 132 138 82 23 16 48 147 78 27 84 13 229 31 47 252 66 147 158 16 213 19 152 132 136 104 82 5 80 78 183 235 63 200 185 164 208 229 138 194 63 208 159 260 48 148 194 117 66 135 164 199
split_gain=124.548 87.6103 74.9464 65.9565 63.5615 54.9044 54.8631 51.9504 61.5615 49.3864 48.2152 47.434 49.2489 44.9248 44.5011 63.2364 52.5101 51.2295 43.3629 40.4895 39.1657 37.5848 43.724 37.0269 36.48 36.4512 35.4216 35.6762 34.4398 35.1528 40.9021 34.4027 34.2655 33.9428 34.7374 33.9256 37.8648 33.7146 33.228 33.0035 32.9959 35.4381 32.6739 32.189 31.6361 31.551 42.8387 31.5221 31.2619 35.3061 30.9845 36.1327 30.8463 30.7563 30.7289 30.1434 30.1287 33.1584 30.0676 29.7255 30.6513 29.4283
threshold=0.075000001117587103 0.029249999672174457 0.9650000035762788 -0.096893310546874986 0.010807037353515627 -0.088104248046874986 -0.065887451171874986 -0.023170471191406247 0.040847778320312507 0.048507690429687507 -0.038803100585937493 0.088226318359375014 -0.13568115234374997 0.038864135742187507 0.035415649414062507 0.083953857421875014 0.052200317382812507 0.041549682617187507 0.11801147460937501 0.049118041992187507 0.043228149414062507 0.068084716796875014 -0.037063598632812493 0.18463134765625003 -0.00052881240844726552 -0.11434936523437499 -0.015140533447265623 -0.027458190917968747 -0.052780151367187493 -0.026908874511718747 0.016654968261718753 -0.039901733398437493 -0.026863098144531247 -0.076751708984374986 -0.053024291992187493 0.028022766113281253 0.049697875976562507 0.17500000447034839 -0.013111114501953123 -0.053298950195312493 0.0038633346557617192 -0.078582763671874986 0.056350708007812507 -0.013301849365234373 -0.066192626953124986 -0.044815063476562493 -0.018241882324218747 -0.071014404296874986 -0.047866821289062493 -0.084075927734374986 0.010173797607421877 -0.027427673339843747 0.036911010742187507 0.049301147460937507 -0.049819946289062493 0.014049530029296877 -0.076812744140624986 0.053543090820312507 0.16802978515625003 0.019416809082031253 0.037124633789062507 -0.059707641601562493
decision_type=2 2 2 2 2 2 2 2 2 2 2 2 2 2 2 2 2 2 2 2 2 2 2 2 2 2 2 2 2 2 2 2 2 2 2 2 2 2 2 2 2 2 2 2 2 2 2 2 2 2 2 2 2 2 2 2 2 2 2 2 2 2
left_child=2 5 3 6 10 38 24 8 37 18 31 12 55 -12 15 23 17 50 33 -7 48 22 -10 45 -1 -8 -11 -28 -13 30 -30 61 -20 35 43 36 -6 44 -2 -33 41 42 -18 -35 -3 46 -14 -47 -19 -50 -16 -52 -27 -34 -39 -9 -49 58 -58 -17 -61 -5
right_child=1 7 -4 4 9 19 25 11 21 26 13 28 14 -15 16 59 40 20 32 -21 -22 -23 -24 -25 -26 52 27 -29 29 -31 -32 39 53 34 -36 -37 -38 54 -40 -41 -42 -43 -44 -45 -46 47 -48 56 49 -51 51 -53 -54 -55 -56 -57 57 -59 -60 60 -62 -63
leaf_value=0.0051959615852275685 0.001315591071205267 0.013769926531592896 0.014276994885966702 -0.00038468899424827269 -0.0043429039831411323 7.9654928618341152e-05 -0.021446639790315299 -0.0041739438888888838 -0.023191825346775038 -0.00067745109495924514 0.0021186616750086085 0.017717540980259062 -0.0081849377724502997 -0.0043912449493345032 -0.004469002250632125 0.00085163119808396356 0.026361973534815449 0.014293524810609956 0.0043350632456708995 0.012884015925052198 0.01468521498354433 -0.035681427306679302 -0.0024234030427176924 0.012118044702853249 0.022100928215188193 0.0017170986989908498 0.017376137982415642 0.0060354649771669593 0.00078395160178757113 0.0055124295213117474 -0.020860573348510481 0.0087197171515124971 -0.021839451113460206 0.002349540119758194 0.0018683016248303562 0.006158518751538368 -0.026439574758782641 0.010125725716727887 0.018686018992574129 -0.0058275062998214677 0.0010272036053992166 -0.0091660156912517863 -0.019784512466626495 0.014007054236863811 -0.0033754832011679797 0.002868032199938884 0.00018848244535731872 -0.011916525718516651 -0.045128933106051337 -0.0017709519856054211 0.0085283546710527725 -0.0026730580544994578 0.01264320730791965 0.020380497915104552 -0.016537131108002152 0.021489812241914819 -0.0046480582137633673 -0.014109367424994341 -0.040863323708810316 0.019872393574230304 -0.018001056154433284 -0.017156467221349288
leaf_weight=515.93500048667192 416.64196294546127 298.32355593889952 1205.2827038615942 353.95420207828283 1250.5461215674877 6285.1909276917577 136.82088766992092 171.78235971927643 512.48202233761549 900.59542009979486 8413.2663106918335 381.87256922572851 2172.7869377955794 3867.6832853257656 2428.2419465333223 1052.6291578412056 134.08424344658852 299.90463858097792 268.85479402542114 683.65605047345161 1227.3606491088867 221.12713000178337 500.90844485163689 321.09458629786968 838.88695747405291 2274.6002666428685 1175.7325693368912 1692.9798681437969 729.06475388258696 2135.3301098644733 310.49339712411165 492.3972040489316 448.91393580287695 1099.8036964014173 9352.7797325700521 619.15173690021038 228.5863606184721 125.24851662665606 811.53314036875963 1858.3173248842359 1721.2404425814748 2709.4048599079251 52.732073873281479 1283.0957139208913 2659.7376681119204 868.59694418311119 5137.1952874585986 2489.0371433719993 50.149162515997887 573.38265009224415 1510.8071313425899 1373.7718787416816 901.40429390221834 46.927425026893616 760.32003615424037 339.93222387135029 9509.8450988829136 1079.43600936234 56.678990975022316 457.81696631014347 59.675258934497833 1001.3039177134633
leaf_count=2442 1918 1364 5909 1608 5631 30112 646 795 2447 4087 38466 1820 9458 17626 10844 4661 595 1413 1320 3323 5677 1049 2290 1400 4163 10579 5691 8053 3525 9649 1403 2233 2125 4960 42953 2753 987 572 4432 8242 7771 11946 238 5797 12262 3902 23026 10917 230 2669 6691 6256 4208 255 3629 1624 42925 4998 254 2043 260 4477
internal_value=-9.22387e-05 -0.00169318 0.00200224 0.00162275 0.000864957 0.00305614 0.00719891 -0.00256939 -0.0073284 0.00287132 -0.00144026 -0.00195514 -0.00250232 6.82829e-05 -0.00272579 -0.00400695 -0.00026487 0.00232782 0.00155366 0.00133745 0.00883644 -0.017038 -0.0129387 -0.00471016 0.0156719 0.00373011 0.00797289 0.0106878 0.0035512 0.00184225 -0.00569463 -0.00643799 -0.0100291 0.0021946 0.00324184 -0.00366139 -0.0077733 -0.00420621 0.0127992 -0.00277793 -0.00445527 -0.00771277 0.0133004 0.00862989 -0.00164228 -0.00496424 -0.00230118 -0.00635411 0.00105521 -0.00532481 -0.000308235 0.00319464 0.00482112 -0.0178107 -0.012759 0.0128832 -0.00696413 -0.00580524 -0.00486687 0.0056793 0.0154787 -0.0127797
internal_weight=92857.3 52629.5 40227.8 39022.5 34354.9 8197.02 4667.65 44432.5 5078.15 18368 15986.9 39354.3 35797.6 12280.9 35285.9 23204.8 12081.1 7463.62 14598.7 6968.85 2150.8 1234.52 1013.39 21634.7 1354.82 3312.83 3769.31 2868.71 3556.76 3174.89 1039.56 3705.97 764.696 13834 11735.7 2098.28 1479.13 3843.63 1228.18 2350.71 4617.46 2896.22 186.816 2382.9 2958.06 21313.6 7309.98 14003.6 923.436 623.532 5312.82 2884.58 3176 495.841 885.569 511.715 13135 10646 9566.52 1570.12 517.492 1355.26
internal_count=425599 240388 185211 179302 157264 39785 22038 200603 23613 84612 72652 176990 160593 56092 158174 103844 54330 33780 66781 33435 9989 5786 4737 96880 6605 15433 17831 13744 16397 14577 4928 16560 3700 63081 53710 9371 6618 17827 6350 10475 20550 12779 833 10757 13626 95480 32484 62996 4312 2899 23791 12947 14787 2380 4201 2419 59094 48177 43179 6964 2303 6085
is_linear=0
shrinkage=0.05


Tree=83
num_leaves=63
num_cat=0
split_feature=2 6 6 1 199 2 170 3 3 151 17 123 3 3 49 3 2 6 2 103 261 2 6 6 6 6 200 2 68 175 63 75 6 6 2 6 30 6 242 21 151 2 196 211 125 203 217 6 121 125 6 200 140 23 65 6 146 96 2 13 248 6
split_gain=188.382 166.452 137.048 132.219 111.032 110.259 73.6612 72.0837 64.7263 68.4881 66.2527 64.0273 59.4687 61.2993 59.2888 64.2415 145.521 278.594 143.488 84.237 78.7641 69.0846 69.951 60.3981 63.1185 101.969 57.749 54.103 55.2797 54.2919 56.6493 53.9954 50.1344 49.9275 59.6291 58.157 45.5971 44.4704 43.7386 43.3126 52.2149 52.7793 43.2588 41.6843 41.4232 41.1908 40.836 44.6694 51.8541 48.586 44.5503 43.3364 44.4598 42.1479 40.7909 40.4394 40.326 39.9176 48.3166 39.8387 39.7406 39.5196
threshold=1.3416095376014712 0.82499998807907116 0.23499999940395358 -273499999.99999994 -0.045608520507812493 0.9337160885334016 -0.040237426757812493 0.10837652906775476 0.93205747008323681 0.067535400390625014 -0.095428466796874986 -0.0057430267333984366 0.88766717910766613 0.060740118846297271 0.14556884765625003 0.51126310229301464 1.1422427892684939 0.24499999731779101 0.11821687221527101 -0.00066828727722167958 0.010669708251953127 1.0105349421501162 0.67500001192092907 0.19000000506639483 0.20499999821186068 0.21499999612569812 -0.0050983428955078116 2.8104374408721928 0.081878662109375014 -0.013774871826171873 -0.055862426757812493 0.038040161132812507 0.9350000023841859 0.32500000298023229 0.18044797331094745 0.30500000715255743 -0.082489013671874986 0.61500000953674328 0.0033578872680664067 0.095855712890625014 -0.087005615234374986 1.0950251221656802 0.031028747558593753 0.012882232666015627 0.074859619140625014 -0.061874389648437493 0.090606689453125014 0.89499998092651378 0.058090209960937507 0.087310791015625014 0.88499999046325695 0.041152954101562507 0.072967529296875014 -0.041213989257812493 0.019401550292968753 0.9650000035762788 -0.071685791015624986 0.042465209960937507 2.6150549650192265 -0.0015735626220703123 0.067840576171875014 0.13499999791383746
decision_type=2 2 2 2 2 2 2 2 2 2 2 2 2 2 2 2 2 2 2 2 2 2 2 2 2 2 2 2 2 2 2 2 2 2 2 2 2 2 2 2 2 2 2 2 2 2 2 2 2 2 2 2 2 2 2 2 2 2 2 2 2 2
left_child=1 14 -2 12 6 -3 -5 -6 9 27 -11 32 13 -4 15 16 17 18 23 45 39 33 -23 61 -25 -26 -8 28 36 56 -31 -13 38 35 -35 -19 -9 -21 59 40 -17 42 -42 -30 -22 -18 47 48 50 -50 51 52 -38 -49 -32 57 -29 58 -15 -7 -59 -1
right_child=2 5 3 4 7 11 26 8 -10 10 -12 31 -14 55 -16 20 19 21 -20 37 44 22 -24 24 25 -27 -28 29 43 30 54 -33 -34 34 -36 -37 46 -39 -40 -41 41 -43 -44 -45 -46 -47 -48 53 49 -51 -52 -53 -54 -55 -56 -57 -58 60 -60 -61 -62 -63
leaf_value=-0.010530239276748619 -0.052416051557307143 -0.040886185050133389 -0.012272646086329123 0.013692368729635749 -0.0051366193303081717 0.0031552026468778145 0.00050212027214396762 0.0063625434871138024 -0.0071145401683812273 0.019784864547902365 0.0049133061718386823 0.0017040921621409447 -0.0096325652411274124 -0.003821282443782624 -0.019673471520725631 0.023148679475471334 -0.020032695207616195 -0.021836860936873637 0.030161496094058438 0.034416648305389388 -0.0039496716669598728 0.02450176285243004 -0.016805549969162652 -0.071478012850840544 0.052469832847066147 -0.026066634298401965 0.0088772917313553103 -0.020798452919007632 0.01369386698023353 -0.010250222537763615 -0.002109553713290475 -0.019780781014221625 -0.054150435301675792 -0.050868979878109746 -0.025501992161155607 0.023553221152263302 -0.0037764781289235782 -0.018737887234326716 -0.031205249502303224 0.028890005339286207 0.011910262311228548 -0.009852597237056086 -0.0045814415451056528 -0.0072385981513893582 -0.03023641514040333 0.023106028437993326 0.0092558398958085455 -0.0056717167469530344 -0.010626957457714923 0.018699045601469049 -0.012274111437037032 0.005076571107384212 0.0094806247732338225 0.0041205704235848621 0.0085988782417057933 0.0095423978357320714 0.011252958186496267 0.0050783538279540524 0.0020333703225281501 -0.021567762650235075 -0.0071202240740464986 0.010560721105230863
leaf_weight=343.2026083022356 118.93658016622066 387.68409003317356 1168.9801794886589 2955.8791795894504 3916.4581517726183 310.5324380621314 4319.0553352832794 2470.0988462492824 1859.8661543726921 995.78184277564287 3016.0925794690847 943.3877571746707 2237.2897020876408 12071.08869690448 475.49700797349215 366.97264585644007 59.295781508088112 303.44932922720909 426.57277396321297 45.129316881299019 1188.3206638991833 136.96822939068079 397.90030135959387 52.327746778726578 49.375064492225647 229.9052496701479 3931.2932918891311 100.40157211571932 1248.804897531867 803.11756616830826 1466.1982345283031 422.72161293774843 103.05400067567825 308.28268646448851 947.50234254077077 90.969067499041557 6316.2712007910013 268.6850573271513 377.0438679009676 212.65192652493715 1350.3428712338209 606.91783551126719 562.78962247818708 293.05631799995899 170.57650329172611 703.91162230074406 958.17522381991148 1391.7361685037613 2627.8270071595907 148.36135479062796 859.19514916837215 2628.1469663828611 701.82555040717125 5208.0193425118923 2257.9231928214431 952.36012358218431 3148.6839252263308 4006.2755736932158 4976.0134257152677 341.33107628673315 800.22997099161148 625.30768339335918
leaf_count=1447 528 2186 4897 14852 16745 1421 19952 11066 8011 4884 14108 4292 9521 51795 2365 1730 257 1389 1881 200 5484 614 1807 229 218 1022 18612 505 6047 3739 7340 1886 483 1971 5125 412 27821 1260 1733 1094 6001 2685 2490 1338 774 3193 4571 6281 11639 680 3804 11767 3068 24197 11783 4485 16199 18175 23408 1568 3568 2676
internal_value=8.99116e-05 -0.00553937 0.000991785 0.00107201 0.00249465 -0.0161066 0.00692089 0.00132511 0.00198257 0.00244452 0.00860857 -0.0122462 -0.00183828 -0.00111056 -0.00246489 -0.00159677 -0.0054941 -0.00997466 0.00503472 0.0107735 0.00276428 -0.0218323 -0.00620166 -0.00322629 -0.0216096 -0.0120442 0.00449348 0.00168636 0.000547352 0.00532586 0.00178584 -0.00495368 -0.021035 -0.0268917 -0.0317649 -0.011335 -5.93307e-05 -0.0110087 -0.0176689 0.00716386 0.00555411 0.0029838 0.00705901 0.00971319 -0.00726914 0.0197326 -0.00082078 -0.00130686 -0.00297745 -0.00905359 -0.00137105 -0.000398742 -0.00244958 0.00205506 0.0043835 -0.000537905 0.0102564 -0.000977612 -0.0021123 -0.00980353 0.00304637 0.00308375
internal_weight=92762.1 12808.6 79953.4 79834.5 53622.3 2885.75 11206.2 42416 38499.6 36639.7 4011.87 2498.07 26212.2 23974.9 9922.85 9447.36 4988.78 3911.76 1726.69 1077.02 4458.57 2185.07 534.869 1300.12 331.608 279.28 8250.35 32627.8 24851.5 7776.32 4527.24 1366.11 1131.96 1650.2 1255.79 394.418 23309.7 313.814 1028.91 3099.67 2887.02 2520.05 1913.13 1541.86 1358.9 763.207 20839.6 19881.4 13281.6 2776.19 10505.4 9646.24 7018.1 6599.76 3724.12 22806 3249.09 21853.6 17047.1 651.864 4806.51 968.51
internal_count=425279 59893 365386 364858 249009 13569 53416 195593 178848 170837 18992 11383 115849 106328 46324 43959 23701 18791 7473 4910 20258 11318 2421 5592 1469 1240 38564 151845 112279 39566 22862 6178 5205 8897 7096 1801 104894 1460 4722 14000 12906 11176 8491 7385 6258 3450 93828 89257 58779 12319 46460 42656 30889 30478 19123 101431 16704 96946 75203 2989 21743 4123
is_linear=0
shrinkage=0.05


Tree=84
num_leaves=63
num_cat=0
split_feature=2 6 2 6 3 225 2 257 190 184 113 115 3 247 6 253 228 212 6 218 93 240 32 190 98 2 123 51 246 203 259 2 49 3 213 6 27 82 6 6 3 6 6 6 3 78 253 78 6 6 6 6 6 6 3 3 51 125 78 152 83 2
split_gain=181.308 197.303 111.199 181.915 250.366 104.993 103.74 96.5232 92.0796 93.2034 84.9417 83.7305 75.9216 75.8557 70.9463 69.6949 65.158 61.4208 69.3139 66.9348 57.6157 56.4078 55.2078 53.5104 57.3684 51.8756 55.2033 51.0376 50.0696 66.325 67.8574 48.4953 47.5034 47.4155 46.4172 46.2932 46.2409 46.099 45.7794 64.1453 50.3914 47.7167 93.5424 93.1749 59.8962 45.151 44.4666 42.8513 42.7003 53.073 56.0713 277.31 87.4794 49.606 42.7789 42.1696 41.8514 41.801 41.7984 48.9313 41.4546 40.9246
threshold=1.9550755620002749 0.85500001907348644 1.0105349421501162 0.32500000298023229 0.38197472691535955 -0.027595520019531247 1.6842989325523379 -0.020393371582031247 -0.073211669921874986 -0.0023965835571289058 -0.054641723632812493 0.073150634765625014 0.27822637557983404 -0.091705322265624986 0.82499998807907116 0.027214050292968753 -0.0034132003784179683 0.020271301269531253 0.91500002145767223 0.0040302276611328134 -0.087554931640624986 -0.0018768310546874998 -0.015254974365234373 0.020118713378906253 0.020622253417968753 3.0871285200119023 -0.020927429199218747 0.029243469238281253 0.026252746582031253 -0.091094970703124986 -0.058242797851562493 0.88494509458541881 0.10269165039062501 0.36335965991020208 -0.014003753662109373 0.85500001907348644 0.048141479492187507 -0.098480224609374986 0.30500000715255743 0.29000000655651098 0.41831527650356298 0.2650000005960465 0.24499999731779101 0.23499999940395358 0.42563417553901678 -0.040664672851562493 0.011707305908203127 -0.014942169189453123 0.22500000149011615 0.20499999821186068 0.14500000327825549 0.13499999791383746 0.15500000119209292 0.21499999612569812 0.45465317368507391 0.74446684122085582 0.0066318511962890634 -0.031692504882812493 0.036178588867187507 0.038803100585937507 0.11453247070312501 3.0742112398147587
decision_type=2 2 2 2 2 2 2 2 2 2 2 2 2 2 2 2 2 2 2 2 2 2 2 2 2 2 2 2 2 2 2 2 2 2 2 2 2 2 2 2 2 2 2 2 2 2 2 2 2 2 2 2 2 2 2 2 2 2 2 2 2 2
left_child=1 2 3 38 -5 16 31 12 -4 15 11 34 27 33 32 20 -2 18 25 -19 -10 60 -8 58 -25 26 -12 -7 55 -30 -31 -3 56 -11 -9 -27 45 -33 39 41 -40 42 43 48 -43 -22 -28 -39 49 50 51 -1 -52 -51 -50 -14 -6 -21 59 -15 -18 -57
right_child=5 6 8 4 14 7 22 10 9 13 17 -13 28 23 -16 -17 21 19 -20 57 36 -23 -24 24 -26 35 46 -29 29 30 -32 37 -34 -35 -36 -37 -38 47 40 -41 -42 44 -44 -45 -46 -47 -48 -49 54 53 52 -53 -54 -55 -56 61 -58 -59 -60 -61 -62 -63
leaf_value=-0.010384127134776119 0.0024487850093476669 -0.035821615654336107 -0.022568066096820161 -0.034633661209469022 0.0092681033547502237 -0.0068084809740461775 -0.0084430345967916147 0.015393430071952312 0.014640423883617668 0.026535003568828437 -0.012268420487521903 -0.009911618972510923 0.0091496524038745149 0.0044807913435017683 -0.045133955985729321 -0.015190015011532075 0.01493571388055866 -0.0037807505488270418 0.00068943862744494594 -0.0030081620767861321 0.0023645793794588874 0.0040194272944146054 0.0015237621220496025 0.012720483461550773 0.00053959314243689864 0.011137202311531431 -0.0023645397969153346 0.003995646095089153 0.02203099919827356 0.011666641127695821 -0.0039804775002209745 0.0038552120010471509 -0.021961643597892669 0.0062543629481632505 0.0032686832103182534 -0.0051629496758085168 0.0078481969539955735 -0.0092360486252046296 0.0030983234569827963 -0.031709539250037798 0.064733016849777752 -0.0043750143401671028 -0.042953134565119136 0.062257883354058456 0.053814612877920998 -0.0077252317659092145 -0.012851278812848786 -0.018209717902082537 -0.0073065179342706316 0.043974478563682882 -0.025302175558209822 0.048992495585348655 0.0019305808501271114 0.007898411308779751 -0.061445635059701513 -0.0010596146291553053 -0.0075527462455609656 0.0097245445095329383 -0.011787035868948578 -0.016536986293918591 -0.031730244084011823 0.01709162219844159
leaf_weight=602.01460742950439 7311.9739181399345 221.14947919547558 375.3646803945303 1052.0432236194611 817.52079132944345 2695.6114915758371 2751.1473927497864 1460.9306823834777 609.06279926002026 664.027767136693 4020.9361231699586 731.0984768345952 6861.9098022729158 2529.7070505730808 98.398101434111595 852.20763174444437 2998.1657169684768 3097.9722583517432 5017.6961179301143 870.50935755670071 1845.6504066437483 2461.9187021777034 2805.4762454628944 2483.7718274146318 1582.2174554690719 733.17741656303406 4600.6625468954444 1837.3358487337828 339.91218540817499 863.76700611412525 3485.3914868980646 424.44238324463367 247.01524326950312 510.00885044038296 1717.2927803918719 1070.0681582391262 1067.1145251020789 2978.7531384006143 75.256072998046875 145.99139457941055 58.438602104783058 81.211964413523674 117.52592255175114 62.506347507238388 95.729042157530785 2774.694410212338 1294.76558021456 2409.4709155932069 131.63036361336708 129.15023060142994 443.20152726769447 290.84537973999977 876.93451550602913 358.03599455952644 49.65982299298048 2143.1571806445718 673.55744507163763 2478.401487082243 658.95856254547834 309.95744881778955 47.452482476830482 362.13714332133532
leaf_count=2583 35391 1284 1614 6289 3879 12031 11611 7468 2756 3226 17235 3261 33303 11243 503 3717 14751 14083 22907 3975 7975 11549 12017 11316 7006 3404 20311 8266 1769 4271 16166 1819 1301 2318 8036 5070 4740 12972 341 719 257 368 525 275 410 11995 5621 10740 582 583 1907 1280 3802 1605 227 9802 3102 11897 2836 1413 219 1854
internal_value=-0.000146927 -0.00303547 -0.000322232 -0.00590102 -0.0151971 0.00154468 -0.00834174 0.000422554 0.00187574 0.00245465 -0.00148117 0.00533572 0.00319713 0.00591816 -0.00404991 -0.0017794 0.00554305 -0.00263082 -0.00422796 0.00151569 3.77958e-05 0.00964989 -0.00341154 0.00408164 0.00798177 -0.00633321 -0.00775164 -0.00242934 0.00501163 0.000793604 -0.000870905 -0.0128807 -0.00169942 0.0177378 0.00884514 0.00146699 -0.00152828 -0.0120019 0.00173357 0.000595717 0.0303197 0.0020614 0.000598214 0.00235081 0.0272324 -0.0036951 -0.00466945 -0.0132515 0.00103013 0.00261042 -0.000681071 0.00899073 -0.00722434 0.0175325 -0.0223923 0.0071228 0.00166973 0.00641492 -0.000451958 0.00218163 0.0141985 0.0015699
internal_weight=92762.1 34259.8 22669.4 6406.67 2888.53 58502.2 11590.4 45682.7 16262.7 15887.4 27093.5 3909.32 18589.2 8738.65 1836.49 7148.73 12819.5 23184.2 16737.3 6446.88 6296.52 5507.54 5556.62 7564.61 4065.99 11719.6 9916.36 4532.95 14056.3 4689.07 4349.16 6033.82 1738.09 1174.04 3178.22 1803.25 5687.46 5812.67 3518.13 3384.44 133.695 3238.45 3061.5 2943.98 176.941 4620.34 5895.43 5388.22 2881.47 2700.18 2213 892.86 1320.14 487.186 181.29 9367.2 1491.08 3348.91 3498.62 2839.66 3045.62 2505.29
internal_count=425776 153136 102693 30538 15074 272640 50443 210730 72155 70541 123268 18765 87462 39358 8785 31183 61910 104503 74548 29955 27466 26519 23628 33814 18322 51641 43167 20297 67165 22206 20437 26815 8282 5544 15504 8474 24710 25531 15464 14866 598 14147 13369 12844 778 19970 25932 23712 12569 11760 9572 3863 5709 2188 809 44959 6981 15872 15492 12656 14970 11656
is_linear=0
shrinkage=0.05


Tree=85
num_leaves=63
num_cat=0
split_feature=4 0 211 251 207 23 114 7 4 69 235 106 104 141 164 207 4 95 43 47 123 132 225 22 96 20 220 72 111 78 160 193 72 146 189 226 104 88 14 63 46 179 178 249 115 178 102 36 141 235 56 234 81 96 249 132 110 222 102 132 132 234
split_gain=127.121 104.021 62.3995 68.9364 59.8325 61.306 58.1687 59.442 59.7528 53.4919 51.6463 48.3609 48.1574 46.6693 66.157 56.0388 50.1138 56.3521 50.9473 46.0586 45.7104 45.0615 45.8173 42.7895 43.0365 42.4268 42.0787 41.8403 39.0196 38.0328 40.4695 36.7603 36.2311 35.9187 35.8007 35.2523 35.1504 34.3744 34.3503 33.6529 33.5148 35.7178 33.2848 33.0656 32.5137 32.2542 32.1848 31.0976 30.8982 33.5114 30.5717 29.3507 29.3245 30.9026 29.5123 29.0804 28.8906 48.5862 28.3264 27.9331 27.9103 27.8422
threshold=0.029679208062589172 0.080249998718500151 -0.068328857421874986 0.094024658203125014 -0.076019287109374986 0.018226623535156253 -0.14691162109374997 -0.10104370117187499 0.94108700752258312 -0.13519287109374997 0.049850463867187507 0.072479248046875014 1.0000000180025095e-35 -0.077239990234374986 -0.038528442382812493 -0.034622192382812493 0.77258145809173595 -0.020591735839843747 -0.077667236328124986 -0.0068607330322265616 -0.084991455078124986 0.11270141601562501 -0.014202117919921873 0.020774841308593753 -0.090484619140624986 -0.045455932617187493 0.061721801757812507 0.0019884109497070317 0.069366455078125014 -0.015605926513671873 0.031539916992187507 -0.13861083984374997 0.027595520019531253 -0.037673950195312493 0.045150756835937507 0.12319946289062501 -0.065704345703124986 0.044082641601562507 -0.019447326660156247 -0.013843536376953123 0.027336120605468753 0.10562133789062501 -0.056045532226562493 -0.15631103515624997 0.13922119140625003 1.0000000180025095e-35 0.065887451171875014 -0.090362548828124986 0.084075927734375014 -0.13897705078124997 -0.0076160430908203116 0.0090904235839843767 0.081085205078125014 -0.10214233398437499 0.062179565429687507 -0.018714904785156247 -0.025337219238281247 -0.049942016601562493 -0.052230834960937493 0.10293579101562501 0.024742126464843753 -0.090362548828124986
decision_type=2 2 2 2 2 2 2 2 2 2 2 2 2 2 2 2 2 2 2 2 2 2 2 2 2 2 2 2 2 2 2 2 2 2 2 2 2 2 2 2 2 2 2 2 2 2 2 2 2 2 2 2 2 2 2 2 2 2 2 2 2 2
left_child=-1 2 3 19 36 12 10 20 13 -5 27 40 25 16 15 33 18 -18 -9 37 -8 22 35 24 -13 -6 44 -3 31 39 52 -16 50 -15 -35 42 -4 -2 -19 -27 41 61 -17 -42 -14 -20 -33 -44 49 -26 -22 -30 53 54 -31 -11 57 -29 -39 -32 -48 -7
right_child=1 6 4 9 5 11 7 8 -10 55 -12 23 26 14 28 21 17 38 45 -21 32 -23 -24 -25 48 29 -28 56 51 30 59 46 -34 34 -36 -37 -38 58 -40 -41 43 -43 47 -45 -46 -47 60 -49 -50 -51 -52 -53 -54 -55 -56 -57 -58 -59 -60 -61 -62 -63
leaf_value=-0.016520888787900555 0.0078795798062251451 -0.0037013991974603612 0.024228944582347152 -0.050375827864872061 0.005993979845741175 0.012293166814425414 0.010579702090359081 -0.0050424012919249965 -0.0095029013865432985 0.013978239395569173 0.0048558225583185156 0.014165383889083749 -0.0020772916506268612 -0.0045740469800677397 0.012280712906048132 -0.0047906785026924636 0.001911222401339667 -0.041474257805717965 0.0041721795208729991 0.015090332518164079 -0.023764360691741232 0.0086541604382168978 -0.0028216990833271876 0.0087690041024632171 -0.040392997729374061 0.0093840233150522985 -0.016514919736655181 -0.053518663789244303 0.0051988518667046915 0.0056052472756983017 -0.01322380622009465 -0.0037428582278351817 0.0044808375542253224 0.01187175265321571 -0.0068554149219093516 -0.02394273009365739 0.0068352064191925981 -0.038285173277636621 -0.010069989002276319 -0.0014871458428293485 -0.032167028273073626 0.015068167195680432 -0.010855047898479887 0.010449058589282915 -0.018116889611804476 0.012793397786627029 -0.0015889747608749099 0.0089444117732471618 -0.01758726899292596 -0.0025412421270420184 -0.0089698947177161911 -0.0055684266026087481 -0.024241045957146205 -0.0021614038858761612 0.03712449395751459 -0.012568843605925212 -0.010019196624091113 -0.01917856984949827 -0.0022827607436721304 0.01683250214785003 0.0086916551263362153 0.0010354889371475852
leaf_weight=1127.4372095912695 2014.6885468922555 500.16898726671934 343.5304294526577 68.725839756429195 2857.508233062923 611.66783770173788 251.91437552124262 858.47509058564901 1730.4913232550025 157.430146060884 436.39211297780275 285.77709681540728 4102.3862511627376 500.75088032335043 396.04661633819342 702.34439964592457 908.38654764741659 131.8905073851347 2278.3933783695102 2069.102583900094 618.42959672212601 1469.8824226111174 7694.9920868575573 812.03202816843987 59.199242174625397 1230.5828795135021 697.63814997673035 148.2937468290329 2789.9393797963858 344.44522578269243 1278.1274403855205 21191.353819176555 272.33477815240622 2501.5351686701179 283.53562427312136 108.1602191478014 1862.0257134512067 61.759141728281975 255.29844510555267 1686.4838411062956 45.291433751583099 592.49422114342451 214.29137808829546 2919.8747044950724 341.35766461491585 2072.62179492414 2000.8897492438555 2537.0049661770463 486.90734658390284 2050.0971577689052 805.1135114133358 817.65224987268448 126.14615423977375 2094.5235533416271 93.85687505453825 294.82316264510155 303.21571271121502 339.09906700998545 423.25937400385737 81.436804577708244 984.09348709881306 5305.9111826121807
leaf_count=4970 9739 2205 1772 316 13899 3104 1099 3864 7473 760 1937 1368 19073 2275 1820 3187 4056 582 10528 10245 2740 6818 33762 3868 282 5866 3174 633 12838 1715 5839 94805 1202 11531 1262 472 9172 280 1149 7852 225 2889 959 13689 1496 9587 8967 11589 2183 9282 3550 3745 582 10320 524 1445 1331 1479 2041 374 4671 25178
internal_value=0.000158453 0.000364145 0.00248643 0.00760865 0.00162605 0.00100354 -0.000974968 -0.000687937 -0.000369209 -0.00960973 -0.0100058 0.00349029 -0.00118937 -5.72617e-05 -0.000639315 0.00192701 0.00389644 -0.00490092 0.00608482 0.00957372 -0.00926244 0.000423828 -0.00065154 -0.00136214 -0.00421876 0.000867928 -0.00510743 -0.0150302 -0.00209758 -0.00124459 -0.00439875 -0.00281047 -0.0122144 0.00774725 0.00996345 0.0040364 0.00955415 0.00500321 -0.0208467 0.00310057 0.005382 0.00337421 0.00491932 0.00978749 -0.00331321 0.00828092 -0.00305819 0.0073989 -0.00624707 -0.00362222 -0.0154092 0.00275761 -0.000809636 0.00036646 0.0124238 -0.00331731 -0.0221835 -0.029715 -0.00693642 -0.0114124 0.00180213 0.00220101
internal_weight=92629.5 91502.1 35399.1 5089.79 30309.3 28103.7 56103 54375.8 52428 520.979 1727.17 13169.3 14934.5 50697.5 44192.5 16012.5 6505.07 1295.58 5209.49 4568.81 1947.79 12726.7 11256.8 3694.01 2881.98 9793.11 5141.38 1290.78 28180 6935.6 4018.54 24572.4 1695.88 3285.82 2785.07 3561.8 2205.56 2499.71 387.189 2917.07 9475.24 6510.07 3453.64 2965.17 4443.74 4351.02 24176.3 2751.3 2596.2 2109.3 1423.54 3607.59 2658.97 2532.83 438.302 452.253 790.609 487.393 485.019 1359.56 2984.98 5917.58
internal_count=425638 420668 168552 24826 143726 132782 252116 244531 235940 2521 7585 62068 70714 228467 198701 71855 29766 5787 23979 22305 8591 56787 49969 16983 13115 46971 23743 5648 126846 33072 19354 110263 7492 15068 12793 16207 10944 12060 1731 13718 45085 31171 15735 13914 20569 20115 108443 12548 11747 9564 6290 16583 13141 12559 2239 2205 3443 2112 2321 6213 13638 28282
is_linear=0
shrinkage=0.05


Tree=86
num_leaves=63
num_cat=0
split_feature=3 2 78 3 3 2 6 2 6 95 9 6 6 2 4 59 6 95 6 2 4 77 212 212 143 239 232 6 6 247 66 66 109 191 203 246 4 2 36 21 2 2 3 6 46 150 6 248 6 78 68 3 6 66 20 180 253 131 6 50 108 141
split_gain=165.229 146.482 157.893 109.565 101.388 126.986 222.145 111.342 95.8167 109.392 90.0462 120.334 84.8851 78.5935 74.5272 65.6253 62.582 77.2282 62.2106 103.029 80.0171 61.9326 68.6809 64.6357 59.3076 65.273 56.0998 54.8192 105.734 54.2079 53.6322 51.3255 53.5964 51.0004 49.8904 48.5739 47.8952 83.9102 48.0268 47.7692 46.2589 45.5417 46.6651 44.454 44.4134 44.3411 44.0212 43.3285 43.1272 42.7172 43.6465 42.4237 42.4123 40.9087 40.4256 49.247 42.238 39.2494 39.2383 38.3706 38.3278 40.6846
threshold=0.10837652906775476 2.6553853750228886 0.065460205078125014 0.81808942556381237 0.51126310229301464 1.1650410890579226 0.24499999731779101 0.11821687221527101 0.79500001668930065 -0.11373901367187499 -0.048385620117187493 0.94499999284744274 0.72500002384185802 1.0692129135131838 0.09712498635053636 0.020118713378906253 0.83499997854232799 -0.088775634765624986 0.67500001192092907 1.6951137185096743 0.49506577849388128 -0.070281982421874986 0.077850341796875014 0.11972045898437501 0.062652587890625014 -0.029518127441406247 -0.069549560546874986 0.14500000327825549 0.13499999791383746 -0.054336547851562493 -0.080474853515624986 0.10006713867187501 0.13726806640625003 0.063201904296875014 -0.11032104492187499 0.021995544433593753 0.20564792305231097 2.153305292129517 0.0058841705322265634 0.12554931640625003 2.2517027854919438 -0.12824409455060956 0.341405600309372 0.24499999731779101 -0.14141845703124997 -0.10537719726562499 0.72500002384185802 -0.029533386230468747 0.14500000327825549 -0.094329833984374986 0.080169677734375014 0.341405600309372 0.16499999910593036 -0.041122436523437493 -0.058090209960937493 -0.097076416015624986 0.015785217285156253 -0.024650573730468747 0.89499998092651378 0.012699127197265627 0.056777954101562507 0.042892456054687507
decision_type=2 2 2 2 2 2 2 2 2 2 2 2 2 2 2 2 2 2 2 2 2 2 2 2 2 2 2 2 2 2 2 2 2 2 2 2 2 2 2 2 2 2 2 2 2 2 2 2 2 2 2 2 2 2 2 2 2 2 2 2 2 2
left_child=13 2 3 4 5 6 7 27 9 -7 11 44 18 43 -6 49 17 -15 19 -11 -21 23 30 26 25 -4 -3 28 -2 -16 59 32 60 -34 -31 -18 37 -14 -38 -36 -19 -29 -43 -1 -10 -5 -42 -27 -9 -12 53 -8 -47 -51 56 -56 -54 -25 -46 -23 61 -32
right_child=1 21 24 45 14 8 51 48 10 12 15 -13 36 16 29 -17 35 40 -20 20 -22 22 -24 57 -26 47 -28 41 -30 34 31 -33 33 -35 39 -37 38 -39 -40 -41 46 42 -44 -45 58 52 -48 -49 -50 50 -52 -53 54 -55 55 -57 -58 -59 -60 -61 -62 -63
leaf_value=-0.0048114048727161034 -0.0059014187947761419 -0.01901985839633288 -0.019289565226876356 0.0084256652651795924 -0.0064336766139498416 0.025673482180327469 -0.025103437524318085 -0.015330353792774207 0.015306101678860913 0.025173946974032475 0.0091601145377660804 0.013942304520791083 -0.015732055077197903 0.014023255216780906 -0.00047892748223910794 0.00793918073712605 -0.012105051807185088 -0.0097592584644425988 -0.013268468322547633 0.007251481998229327 -0.030934783937776329 -0.012734495904843544 0.014283168676242772 -0.00098031857960006693 0.003771159325200845 -0.015550948359333528 0.0030917593006564987 -0.03003995674398964 0.048006478528123744 0.024449109684745229 0.0073068548593317505 -0.0047960022697297097 0.0089770073733652055 -0.053381426488279426 0.0054727500518687352 -0.0020101668414830749 0.01853080334748158 0.020549054168054633 0.0036014064390019851 0.027495066413918558 -0.015658330272747236 0.018453423749400386 -0.015745889724004657 -0.030645358840073567 -0.010852406161386462 -0.038802047735912289 0.013071427224779303 -0.0033287655980249221 0.035923334861557472 -0.012531141538744656 0.0094155871415981321 -0.011162346555010966 -0.0015561711027768917 -0.0015389655495424348 0.0029241045171586387 -0.0086805352937009885 0.020609569097266179 -0.037054805655191293 -0.0029599518077095027 0.0034710489283754512 0.011781113482583219 0.00091347208967751132
leaf_weight=250.84741626679897 273.88008280098438 329.96358254551888 1447.3923240080476 606.66519013047218 1556.891189686954 652.88953763246536 1277.2921785861254 46.334082394838333 211.26635759323835 372.82862509787083 987.01599761098623 742.51587258279324 432.58330911397934 802.32062429189682 3645.3636480942369 3166.3135119378567 3213.9365242868662 1335.2054068446159 963.480613745749 328.24235433340073 234.32846458256245 745.91738663613796 1938.6704848259687 120.12642468512058 875.40927678346634 1003.2533748820424 2151.3034812659025 216.32891939580441 135.05504070222378 369.9497841373086 7161.9182813242078 1175.9826136305928 58.766475297510624 72.465558513998985 13740.336047269404 1894.1645460873842 1378.3702802956104 250.99316863715649 884.82009332627058 249.80885195732117 176.08391362428665 168.07360203564167 242.27457615733147 496.86120232194662 4248.786194473505 93.849169373512268 539.3864218890667 2611.8626631647348 327.62726601958275 1009.6713283807039 752.69565168023109 956.94034662842751 1428.2478249520063 5210.8241726756096 1083.2119240760803 5844.6381850168109 251.96824491769075 201.76324038207531 2503.4575599953532 714.19551955163479 2654.813097268343 3813.3835236728191
leaf_count=1104 1146 1514 6363 2666 6680 3030 6754 200 929 1648 4513 3263 1833 3605 16356 14544 13700 5690 4283 1447 1028 3396 10401 578 4289 4441 10461 912 586 1764 35989 6207 309 377 62640 8072 6450 1182 4022 1233 736 717 1074 3259 18029 388 2368 11456 1480 4406 3471 4587 6289 23582 4832 25334 1143 935 10727 3300 13906 18219
internal_value=4.73291e-05 0.000727612 -0.000484513 0.000325936 0.00129732 -0.000633641 -0.00933725 0.00620311 0.000670135 0.00647635 -0.00102536 -0.00517945 0.00388502 -0.00650759 0.00405856 0.0018519 -0.0050503 0.000881424 -0.00435753 0.00482529 -0.00868097 0.00432748 0.00538562 -0.0025935 -0.00824199 -0.0103196 0.000144837 -0.00224751 0.0119759 0.0049661 0.00433285 0.0052269 0.0060837 -0.0256002 0.00634828 -0.00836284 0.00919615 -0.00239993 0.0126982 0.00586792 -0.00426461 -0.0115332 -0.00172746 -0.0219964 -0.00722011 -0.00463435 0.00598878 -0.00672398 0.029549 -0.000570122 -0.0019485 -0.01914 -0.00554571 -0.00332487 -0.00517867 -0.00686592 0.00177813 -0.0236369 -0.00792708 -0.00481081 0.00639061 0.00508575
internal_weight=92631.8 83923 62783.7 56845.8 47537.2 27974.9 3643.81 1409.57 24331.1 5498.54 18832.5 7706.03 4845.65 8708.81 19562.3 11126.5 7961.1 2853 1898.88 935.399 562.571 21139.3 18336.1 2803.16 5937.92 5062.51 2481.27 1035.61 408.935 18005.5 16397.4 14937.3 13761.3 131.232 14360.1 5108.1 2946.77 683.576 2263.19 13990.1 2050.68 626.677 410.348 747.709 6963.51 9308.58 715.47 3615.12 373.961 7960.21 6973.19 2234.23 8701.92 6220.5 8608.07 6927.85 1680.22 321.89 6752.24 1460.11 13630.1 10975.3
internal_count=425843 387309 281717 255168 214516 125843 17456 6115 108387 24923 83464 32948 21893 38534 88673 50516 34171 12399 8406 4123 2475 105592 92104 13488 26549 22260 11975 4435 1732 81993 81703 75007 68800 686 65637 21772 13487 3015 10472 63873 8794 2703 1791 4363 29685 40652 3104 15897 1680 35972 31459 11341 37986 27988 37598 30166 7432 1513 28756 6696 68114 54208
is_linear=0
shrinkage=0.05


Tree=87
num_leaves=63
num_cat=0
split_feature=5 150 199 117 77 215 145 72 241 213 39 132 209 103 81 37 174 229 46 42 173 138 235 51 112 172 39 193 151 22 123 159 157 82 205 122 51 187 253 123 106 167 139 260 112 174 102 149 173 164 187 11 145 125 232 48 159 190 208 235 123 193
split_gain=124.676 78.0023 80.5557 56.4422 57.0655 52.5115 54.7269 52.7346 54.9574 49.2522 74.0721 51.7485 48.7297 48.1736 47.5594 46.7468 45.4266 44.6349 43.4067 42.0442 39.671 39.6095 38.589 38.475 37.9507 37.6264 37.185 46.9422 36.3522 34.934 34.2838 46.4207 34.007 34.6831 33.9051 42.0659 44.2053 36.7713 33.0321 35.4276 32.6908 32.4954 42.6512 32.1089 31.8999 31.5169 31.1145 30.5896 30.5376 30.1298 29.8534 40.8876 34.3969 41.5976 29.733 29.7297 29.5297 29.25 29.2389 35.0203 32.022 29.0584
threshold=0.12500000372529033 -0.022819519042968747 0.029136657714843753 0.010097503662109377 -0.084259033203124986 0.080657958984375014 0.063751220703125014 0.043441772460937507 -0.0021200180053710933 -0.022407531738281247 0.048049926757812507 -0.10476684570312499 0.0091590881347656267 0.089752197265625014 -0.074432373046874986 0.095001220703125014 -0.021644592285156247 -0.076995849609374986 -0.020713806152343747 0.11886596679687501 0.076690673828125014 -0.10806274414062499 -0.0018715858459472654 0.067718505859375014 0.0048313140869140634 0.015560150146484377 0.021507263183593753 -0.047225952148437493 0.051284790039062507 0.019401550292968753 0.086212158203125014 0.027763366699218753 0.077056884765625014 0.077911376953125014 -0.071990966796874986 0.026145935058593753 0.019538879394531253 0.027168273925781253 1.0000000180025095e-35 -0.015033721923828123 -0.069915771484374986 0.023185729980468753 0.034988403320312507 -0.058670043945312493 -0.038223266601562493 0.0038537979125976567 0.049301147460937507 -0.040573120117187493 -0.013896942138671873 -0.064971923828124986 -0.0024156570434570308 -0.0091743469238281233 -0.055038452148437493 -0.021614074707031247 0.044418334960937507 0.014781951904296877 -0.058303833007812493 -0.0037240982055664058 -0.015522003173828123 -0.084075927734374986 -0.0093650817871093733 0.066680908203125014
decision_type=2 2 2 2 2 2 2 2 2 2 2 2 2 2 2 2 2 2 2 2 2 2 2 2 2 2 2 2 2 2 2 2 2 2 2 2 2 2 2 2 2 2 2 2 2 2 2 2 2 2 2 2 2 2 2 2 2 2 2 2 2 2
left_child=1 2 5 4 19 7 24 8 25 12 11 20 22 47 41 32 -16 58 38 29 -11 44 -3 40 -7 -1 27 48 46 -2 31 61 -5 -34 45 36 -36 -38 39 -13 -20 42 -9 -17 -6 -33 56 -12 -23 -24 55 52 -52 -54 -53 -28 -19 -42 59 60 -4 -29
right_child=3 9 17 15 21 6 -8 14 -10 10 13 18 -14 -15 16 43 -18 28 23 -21 -22 26 49 -25 -26 -27 50 30 -30 -31 -32 34 33 -35 35 -37 37 -39 -40 -41 57 -43 -44 -45 -46 -47 -48 -49 -50 -51 51 54 53 -55 -56 -57 -58 -59 -60 -61 -62 -63
leaf_value=0.0088733408872328223 -0.015881218673017294 -0.0050030140453993753 0.051093171186013912 -0.0054968149541109986 -0.014793519872785658 0.0062479251956742768 -0.054276336028571293 0.0081513047124814487 -0.00014503409140292301 -0.0043225233858467781 0.0044997201961683502 -0.00094710145299959779 0.0055997926355341853 -0.033037834115737019 0.0067995703730030811 0.02075798039691314 0.018799934521373091 -0.015294276779916682 0.01027956052358469 -0.048214162602210869 -0.021630922112554653 -0.0030410514676101784 0.011084515847099137 0.0081966179633989403 -0.013921644803855404 0.00028312862423000845 -0.0018902281263151245 -0.0062180117850042472 0.0050589484930718114 0.0034777519753333591 0.0071963563091839607 0.0069122207202467721 -0.018383548175535284 0.0037395836547683215 -0.0076744345808564323 0.0076107225123744834 0.01395594788907896 -0.0041436047441517528 -0.0020518689633169927 0.0071787116125505762 -0.0077164042516678459 0.019013205343809837 -0.017567494866392013 -0.0070641066060248671 0.012141753195946861 -0.023659644716182909 0.0012123035332149764 -0.010848683942995893 0.0072993001732423657 0.00060941706872914218 0.015181360137053016 -0.010065948392948651 -0.012281538875616702 0.010207290405947353 0.011740534386953945 -0.01689894737557358 -0.0042886223001834985 -0.0012367874290684961 0.0020781481935992661 0.0086578822884309358 0.0010658006971923462 0.0043329919834378871
leaf_weight=6020.0135123804212 712.40646274387836 2877.1376604884863 105.0291807949543 6427.4985493123531 124.11713786423206 522.06154637038708 53.521951660513878 318.02913624793291 4059.1601191908121 1234.1770969331264 402.79303842782974 1956.7891829907894 5968.5714861005545 208.30324216932058 1340.8851071000099 264.36214771866798 1919.5217257216573 761.63534712791443 404.04509684443474 74.466797351837158 451.77422820776701 943.29320339858532 803.49054425209761 771.46131379902363 419.94050657749176 1617.2068666890264 530.21847169101238 5865.9215018600225 1428.2969174310565 345.62405748665333 1038.7881422713399 127.71656608581543 1021.6703682355583 213.91294991970062 1438.2557287067175 2152.1552493795753 602.87252864986658 523.54540459811687 2640.2657709643245 4262.5206501036882 3334.2370366901159 182.16622256487608 324.99523030221462 169.56461192667484 911.59392766654491 244.88074135780334 1995.7779479548335 1661.6820830628276 2930.4571833908558 4680.184651337564 462.56410940736532 1426.4770242124796 441.76767636090517 382.94302245974541 174.69624314457178 873.74049858748913 3042.8180072978139 3646.2015732303262 1341.04475261271 517.11382380127907 45.867577448487282 733.52079695463181
leaf_count=28685 3146 13336 504 29119 555 2455 263 1489 18563 5500 1825 8737 28468 971 6265 1359 9321 3446 1852 333 1961 4220 3790 3502 1970 7478 2457 26338 6606 1556 4842 574 5126 1014 6462 9950 2798 2395 12061 19849 14659 843 1468 762 4407 1149 9169 7634 13498 21634 2059 6351 2029 1823 841 3933 13694 16407 6398 2367 209 3231
internal_value=0.000112026 0.00142071 0.00349808 -0.00246334 -0.00120229 0.00556251 -0.00557075 0.0062651 0.00455622 -0.000110141 -0.00165374 -0.00061766 0.00214922 -0.0101751 0.011155 -0.0060545 0.0138682 -0.00025158 0.000210456 -0.0121419 -0.00897062 -0.000636808 -0.000314427 -0.00242145 -0.00274881 0.00705461 -0.00111009 -3.74236e-05 -0.002084 -0.00955996 -0.00150426 -0.00227804 -0.00695881 -0.0145535 0.0013099 0.00245785 -0.00186749 0.00554728 0.00263333 0.00462234 -0.00353168 0.000431088 -0.0048545 0.00989476 0.00890274 -0.01319 -0.0038435 -0.00785338 0.0047812 0.00214601 -0.00525778 -0.00234905 0.00428378 -0.00183945 -0.00768091 -0.0112361 -0.00649535 -0.00433247 0.00633916 0.0148773 0.0359936 -0.0050448
internal_weight=92477.8 61318.7 26015.1 31159 23062 16777.5 995.524 15782 11696.4 35303.6 20974.3 18701.5 14329.4 2272.78 4085.6 8097.01 3260.41 9237.58 17015.5 1132.5 1685.95 21929.5 8360.81 8155.95 942.002 7637.22 20893.8 16601.4 7228.53 1058.03 12727.7 11688.9 7663.08 1235.58 5089.43 4716.83 2564.67 1126.42 8859.58 6219.31 7384.48 825.191 643.024 433.927 1035.71 372.597 5800.23 2064.48 3873.75 5483.68 4292.41 2888.45 1287.27 824.711 1601.17 1403.96 3804.45 6980.44 2009.06 668.011 150.897 6599.44
internal_count=425706 283379 121193 142327 104947 78800 4688 74112 54726 162186 94958 84528 67228 10430 19386 37380 15586 42393 77067 5035 7461 99912 38760 36420 4425 36163 94950 75457 32915 4702 57739 52897 35259 6140 23328 21605 11655 5193 40647 28586 32918 3800 2957 2121 4962 1723 26309 9459 17718 25424 19493 13103 5911 3852 7192 6390 17140 31066 9478 3080 713 29569
is_linear=0
shrinkage=0.05


Tree=88
num_leaves=63
num_cat=0
split_feature=2 78 218 158 3 118 225 82 256 203 82 182 138 170 255 133 38 182 202 79 2 114 246 202 93 52 194 2 132 103 40 78 36 20 3 3 122 3 78 115 34 143 3 148 260 62 2 3 234 90 116 86 131 159 132 123 78 114 248 123 61 225
split_gain=156.917 121.395 86.5675 87.7017 84.9044 69.8865 66.9828 63.8725 62.7263 62.5442 61.7534 87.4987 60.566 59.058 58.1575 57.8946 63.4137 55.1112 56.9201 52.515 52.3904 58.96 48.4767 48.1702 48.1026 48.0826 49.2784 49.0406 47.923 47.4014 45.2547 43.348 42.6496 42.4431 42.4022 42.3629 44.7256 56.1865 49.4289 45.7424 42.2516 44.0866 41.7316 40.4878 39.2423 39.0821 39.0362 38.98 38.9498 40.4651 38.8768 38.486 37.8452 37.6203 37.2099 36.5307 36.4583 36.1986 35.9935 35.2763 35.2755 34.9328
threshold=2.0906093120574956 0.041122436523437507 0.060775756835937507 -0.029289245605468747 0.092746600508689894 -0.10000610351562499 -0.012493133544921873 0.052200317382812507 0.030601501464843753 -0.087615966796874986 0.024452209472656253 -0.087066650390624986 -0.13568115234374997 0.036636352539062507 -0.016151428222656247 -0.093475341796874986 0.073455810546875014 0.044143676757812507 0.14288330078125003 -0.046035766601562493 2.5676500797271733 -0.094390869140624986 0.024848937988281253 -0.037399291992187493 -0.045455932617187493 0.040206909179687507 -0.014766693115234373 3.111081719398499 0.059280395507812507 0.071380615234375014 -0.035720825195312493 0.040115356445312507 -0.012859344482421873 -0.10702514648437499 0.040770335122942931 0.85866147279739391 0.095428466796875014 0.53180003166198742 -0.090728759765624986 0.066680908203125014 -0.016822814941406247 0.0075855255126953134 0.32686153054237371 0.0045337677001953134 0.10568237304687501 -0.10580444335937499 1.0692129135131838 0.95416316390037548 0.079071044921875014 -0.060897827148437493 0.019172668457031253 0.064727783203125014 -0.0077419281005859366 -0.022056579589843747 -0.048751831054687493 0.083526611328125014 0.096771240234375014 0.13861083984375003 -0.051467895507812493 0.019859313964843753 0.064239501953125014 0.066986083984375014
decision_type=2 2 2 2 2 2 2 2 2 2 2 2 2 2 2 2 2 2 2 2 2 2 2 2 2 2 2 2 2 2 2 2 2 2 2 2 2 2 2 2 2 2 2 2 2 2 2 2 2 2 2 2 2 2 2 2 2 2 2 2 2 2
left_child=1 4 6 13 8 33 24 56 54 42 35 59 -5 -4 32 25 17 18 20 57 21 43 -14 30 50 26 60 -27 -19 -30 -23 -22 -13 -6 -26 36 37 38 -7 45 41 51 -8 -17 48 -39 -10 -36 49 -40 -2 -16 -48 -47 -1 -33 -3 -18 -55 -12 -11 -38
right_child=2 7 3 12 5 10 9 -9 46 15 11 14 22 -15 40 16 19 28 -20 -21 31 23 -24 -25 34 27 -28 -29 29 -31 -32 55 -34 -35 47 -37 61 39 44 -41 -42 -43 -44 -45 -46 53 52 -49 -50 -51 -52 -53 -54 58 -56 -57 -58 -59 -60 -61 -62 -63
leaf_value=-0.022041931381067761 0.01727026065491595 -0.0043597610931293456 0.018147011916895352 0.034009921289150744 0.029777601208159733 0.0066582574786169151 -0.0055689083716917989 -0.019125801028217294 -0.020284025750158502 0.0063362475159285505 -0.0013174049966491021 0.0062074308608885513 0.0060954061371570672 0.00073594597313704838 -0.004912829339723695 -0.019074064513253802 0.029315597530057087 -0.0051790047255569028 -0.02735227560069577 0.0008170011391460208 -0.0011395117931489562 -0.02710461591268273 -0.0015407760911945055 -0.00057135718095562363 -0.017720561741580636 -0.0082257264107581662 0.018856877709602225 0.020392807505972513 -0.011046534883456012 -0.037459447268431617 -0.0054031146125095263 0.0087707133408015479 -0.0052427551903440617 0.0066680252300816215 0.0034129393434842205 -0.0052791224717246696 0.0053117731674712596 0.027329730646834572 -0.0097082575169469502 -0.00077790565711021613 -0.013901214004730107 -0.013311557321217846 0.014638316237789771 -0.002609308692127723 -0.036670131306638383 -0.00042998159508453239 -0.0061363839842819706 -0.012619690995414309 -0.019961520787320303 -0.00031306667264255383 0.0045211027092224082 0.0098762771294710113 0.01636978585874117 -0.0026386008274893124 -0.0086509732005593445 -0.0072161853053247481 -0.015913851313556465 -0.012508852289096282 0.013706839153531195 0.013969380844629165 -0.015538575763383756 0.021299441644040767
leaf_weight=787.31084144115448 1062.3179492950439 4233.5095820166171 1956.2340168505907 157.06418501585722 243.04466505348682 1462.224608130753 337.05081398040056 1184.2275446131825 158.79822008684278 1600.5317251905799 674.67105352133512 1412.7248983979225 4771.7655363306403 648.50679924339056 1893.5122009962797 1006.8115136176348 362.40638369321823 1678.2854601070285 215.06855793297291 660.37604916840792 6501.9002918079495 336.119220495224 3680.9332593604922 6058.0866449102759 257.1388061195612 985.76585470885038 779.45071736723185 175.48796662688255 480.37762396782637 262.91513051092625 838.32748197764158 2342.8599873110652 1913.738081485033 1074.4714805483818 9874.1484248787165 2457.0076791644096 1735.3051940947771 244.17826320976019 1436.9097759574652 2465.1545270904899 2321.2793947309256 1155.7546732351184 1049.1920316442847 593.69693640619516 86.544896185398102 1206.8385909721255 322.17748703807592 393.28500983119011 322.51182395219803 5647.0257784575224 1368.5517751947045 571.9591413512826 442.11989465355873 416.21485257148743 1524.5837653689086 420.82397874444723 813.41380081325769 59.744698911905289 1757.7131760418415 855.02120581269264 207.30502382665873 424.80452051758766
leaf_count=3599 5380 18663 10198 853 1183 6537 1585 5196 928 7623 2963 6273 23690 3119 8285 4253 1796 7471 939 3103 29951 1468 17718 26261 1064 4317 4003 850 2166 1208 3695 11367 8439 4853 48035 10626 7973 1147 6486 10788 10453 5040 5283 2512 380 5450 1378 1696 1438 25371 6492 2529 1968 1841 6972 2023 3519 274 7943 3885 958 1846
internal_value=4.46876e-05 -0.00224968 0.00189575 0.00577688 -0.00110523 -0.00031954 0.000804998 -0.00867924 -0.00882091 -0.000615211 -0.000807337 -0.00384497 0.00334403 0.0138141 -0.00567341 -0.00117621 -0.00216248 -0.00277854 -0.00184092 0.00962964 -0.00153627 -0.00429126 0.00277026 -0.00236874 0.00375943 0.00456323 0.00835603 -0.00388709 -0.00986581 -0.020427 -0.0116317 0.00109029 -0.000379539 0.0109504 0.00229471 0.00086105 0.00173815 0.000771953 -0.00174776 0.00447676 -0.00863622 -0.00525835 0.00972466 -0.012972 -0.00338883 0.00804944 0.00219597 0.00279765 -0.00299504 -0.00221989 0.0100974 -0.00147932 0.00688704 0.00664924 -0.0132188 0.00633467 -0.00622472 0.0233808 0.0105776 0.00723069 0.00382065 0.00846429
internal_weight=92367.3 41244.8 51122.5 11214.5 35013.6 31778.6 39908 6231.15 3234.99 26952.6 30461.1 10798.7 8609.76 2604.74 9268.97 25566.3 21817.8 20735.3 18313.7 1082.53 18098.6 8833.04 8452.7 7232.53 12955.4 3748.54 2587.29 1161.25 2421.58 743.293 1174.45 9265.58 3326.46 1317.52 10524.6 19662.4 17205.4 15045.3 8955.22 6090.1 5942.51 3621.23 1386.24 1600.51 7492.99 3624.94 923.096 10267.4 7406.45 7083.94 2430.87 2465.47 764.297 3380.77 2311.89 2763.68 5046.92 422.151 2173.93 1529.69 1807.84 2160.11
internal_count=425303 183952 241351 55578 156574 141729 185773 27378 14845 123106 135693 47867 42261 13317 41019 116238 98487 93314 82469 5173 81530 38189 41408 31424 62667 17751 12584 5167 10845 3374 5163 43341 14712 6036 50795 87826 77200 67381 40212 27169 26307 15854 6868 6765 33675 16381 4274 49731 33295 31857 11872 10814 3346 15234 10571 13390 22182 2070 9784 6848 8581 9819
is_linear=0
shrinkage=0.05


Tree=89
num_leaves=63
num_cat=0
split_feature=0 1 93 102 254 187 22 148 254 249 73 47 129 4 61 172 109 118 43 96 18 165 107 155 132 86 47 251 139 215 153 135 46 259 160 21 70 215 28 34 79 71 121 150 75 221 9 139 47 75 39 170 181 152 165 255 62 97 260 249 96 199
split_gain=99.3061 70.5683 76.7975 72.1014 58.8579 53.7668 81 52.8839 52.6161 51.8286 51.0838 51.0009 49.7452 46.0594 43.472 57.3468 49.3502 40.4451 39.6311 39.9165 38.647 37.0897 41.0373 37.014 36.3107 34.517 46.3382 40.9945 38.0697 32.5155 47.3564 33.6277 47.1894 34.5927 32.526 32.4691 42.6523 32.2467 31.4793 33.1357 31.4066 30.0306 29.9527 29.9103 30.7646 28.9709 28.805 28.5155 28.3449 30.901 29.3418 28.2123 34.8411 28.855 28.1818 28.0511 28.0204 28.0057 27.701 27.5764 31.6458 27.4002
threshold=0.12725000083446505 -13499999.999999998 -0.045455932617187493 0.017524719238281253 -0.17279052734374997 0.0011963844299316408 -0.059860229492187493 -0.040573120117187493 0.034103393554687507 0.060012817382812507 0.0064296722412109384 0.070220947265625014 0.089202880859375014 0.94108700752258312 -0.021568298339843747 -0.013134002685546873 0.056106567382812507 -0.10610961914062499 -0.077667236328124986 -0.010982513427734373 -0.041610717773437493 0.032882690429687507 0.015056610107421877 0.055130004882812507 -0.097564697265624986 -0.0058727264404296866 0.044387817382812507 0.057357788085937507 -0.026023864746093747 0.049880981445312507 -0.056381225585937493 0.076690673828125014 -0.072906494140624986 0.022102355957031253 -0.054946899414062493 -0.059341430664062493 -0.027458190917968747 -0.089202880859374986 -0.085540771484374986 0.081878662109375014 0.023200988769531253 1.0000000180025095e-35 0.094085693359375014 -0.0087318420410156233 0.036178588867187507 -0.062149047851562493 0.068817138671875014 0.099273681640625014 0.071502685546875014 -0.073883056640624986 0.012897491455078127 -0.020210266113281247 0.033248901367187507 0.084014892578125014 0.057846069335937507 0.012401580810546877 0.082794189453125014 -0.078887939453124986 -0.019081115722656247 -0.053878784179687493 -0.016151428222656247 0.025291442871093753
decision_type=2 2 2 2 2 2 2 2 2 2 2 2 2 2 2 2 2 2 2 2 2 2 2 2 2 2 2 2 2 2 2 2 2 2 2 2 2 2 2 2 2 2 2 2 2 2 2 2 2 2 2 2 2 2 2 2 2 2 2 2 2 2
left_child=1 2 10 7 -2 11 48 20 24 58 17 37 23 14 15 41 -17 -1 -12 54 -4 22 -13 29 -8 27 28 55 -27 31 -31 33 -33 34 -9 36 -35 -5 40 43 -3 -6 -32 -40 -45 -25 47 -29 49 -7 -51 -36 53 -53 -20 -16 -37 -19 -10 60 -39 -43
right_child=4 38 3 5 13 6 8 12 9 -11 18 21 -14 -15 25 16 -18 57 19 -21 -22 -23 -24 45 -26 26 -28 46 -30 30 42 32 -34 35 51 56 -38 59 39 -41 -42 61 -44 44 -46 -47 -48 -49 -50 50 -52 52 -54 -55 -56 -57 -58 -59 -60 -61 -62 -63
leaf_value=0.020932824404267213 -0.034775814223674824 0.030632351614469713 0.00047178626181899679 0.0054329043938767443 0.00089838030124180467 0.014302756730928408 -0.0015154847147231334 0.014182306594998166 -0.0053842021455506248 0.013289010832615808 -0.0004169242686005378 -0.0090093070515704626 -0.009000760118843076 -0.011748477954449166 -0.0038190035002629249 -0.003410512426381677 0.0079167101573911925 -0.017554231332296121 0.0020665594741266025 0.014864552647496979 -0.0098254941261442814 0.016200457130660279 0.019485502844989792 0.020057545740901253 0.012066767117527032 -0.0067163912701905821 0.0048829922990761936 0.0003383828349269084 -0.00025539073686740372 0.020473531592318489 -0.0088675479605062526 0.0093765607223015111 -0.0079161013219480776 -0.00035043141697554524 0.0078170136251323567 0.00013867409854317748 -0.022972290941010727 -0.0036059871066441008 0.01397923010307326 -0.019668265481175385 -0.0026734274431084236 0.013937163965172042 -0.033583403598475593 0.0091848034145201509 -0.0068233617770383616 0.0034564658925879629 0.016161301771359184 -0.02466095939275954 0.0088507601330451401 -0.0060200166788005448 -0.024190091399482087 -0.0008869052083430904 0.010723317672510954 -0.020619429134072813 0.013986799611861077 -0.0099178775193246166 -0.033491197478908608 0.00081191062882167279 0.0077507710114295501 -0.0045567133243553382 0.010857560196629272 0.0025624521388932881
leaf_weight=241.14792974293232 136.63568102568388 282.87126068770885 1281.1780923977494 1327.820626296103 1888.2757248654962 147.29306757450104 558.46220484375954 623.0892325937748 1600.7427870556712 735.36471980065107 1159.4077195674181 422.47128384560347 1695.5514202564955 1173.0483159348369 3671.9825918450952 6635.6031447052956 1123.5328949913383 216.14518596976995 1717.9390987977386 2162.4335606172681 3153.506952714175 740.44488247483969 179.08769233524799 291.3942521288991 4125.3759241178632 3754.9515554942191 2473.1966521963477 1729.0267484635115 5801.7584707811475 124.39858926832676 1000.7198149263859 469.70892699062824 2439.4773088693619 432.47527154535055 1586.7843295484781 3888.6221744045615 401.14956630021334 829.68613363057375 1130.3034766763449 111.64544505625963 94.091144792735577 1349.0588341280818 138.9744930267334 745.14892250299454 501.17019513994455 2605.044206365943 269.35219325125217 121.12316113710403 325.64020820707083 1089.3542053699493 278.49886725842953 3274.0998400524259 635.34138345718384 195.38611506670713 696.26697411388159 3878.2166463732719 61.941320173442364 4702.6576268076897 534.67362251877785 5950.5616486594081 693.4100439324975 871.8857166916132
leaf_count=1146 671 1616 5830 6217 8691 686 2573 2948 7171 3386 5380 2029 7550 5057 16173 29460 5150 1021 7899 10422 14876 3806 845 1536 19913 16630 11221 7768 26149 578 4606 2179 11006 2019 7526 17578 1929 3867 5861 532 518 6210 616 3799 2419 12483 1208 547 1504 4868 1244 15267 2928 901 3450 17303 288 21482 2541 27926 3266 3890
internal_value=-3.7465e-05 0.00123752 0.000837017 -9.67537e-05 -0.00214303 0.0021645 0.00488958 -0.00191506 0.00718108 0.00185019 0.00459351 -0.00035984 -0.000812778 -0.00201369 -0.00167316 0.000759805 -0.00176951 0.000983534 0.00784018 0.0099316 -0.00685118 0.00871603 -0.000507973 -4.8196e-05 0.0104474 -0.00300382 -0.00121578 -0.00522793 -0.00279444 -0.0010311 -0.00870787 -0.00033777 -0.00512181 0.000916548 0.00334601 -0.00229015 -0.0112508 -0.00174451 0.00888532 0.00683974 0.022334 0.00553498 -0.0119082 0.00809275 0.00274729 0.00513295 0.000916283 -0.00131068 -0.00451357 -0.00738982 -0.00973447 0.00215742 -3.17553e-05 -0.00200377 0.00550877 -0.00695263 -0.000396954 1.44981e-06 -0.00209333 -0.00302026 0.00298154 0.00947491
internal_weight=92476.6 57599 54733.7 43837.7 34877.6 19538.9 9395.41 24298.8 7554.62 2870.78 10896 10143.5 19864.2 34741 33568 11868.4 7759.14 5159.95 5736.05 4576.64 4434.69 1342 601.559 18168.6 4683.84 21699.6 12029.9 9669.7 9556.71 15272.2 1264.09 14008.1 2909.19 11098.9 6314.7 4784.19 833.625 8801.48 2865.23 2488.27 376.962 4109.22 1139.69 2376.62 1246.32 2896.44 2119.5 1850.15 1840.79 1515.15 1367.85 5691.61 4104.83 3469.49 2414.21 7550.2 3950.56 4918.8 2135.42 7473.66 1523.1 2220.94
internal_count=426159 270031 255286 204486 156128 91842 43886 112644 35584 13098 50800 47956 91938 155457 150400 53401 34610 23649 27151 21771 20706 6680 2874 84388 22486 96999 54000 42999 42779 70369 5800 64569 13185 51384 29570 21814 3948 41276 14745 12611 2134 18791 5222 12079 6218 14019 9523 8315 8302 6798 6112 26622 19096 16168 11349 33476 17866 22503 9712 35059 7133 10100
is_linear=0
shrinkage=0.05


Tree=90
num_leaves=63
num_cat=0
split_feature=3 3 4 4 3 0 247 239 225 7 83 15 78 133 50 82 211 200 202 50 3 44 80 215 129 41 227 182 132 227 17 129 100 260 132 93 213 75 82 111 26 196 4 225 228 158 202 132 260 160 97 171 78 0 108 185 107 233 228 259 239 17
split_gain=138.464 99.2045 86.9557 87.9492 76.1915 76.5807 73.0151 101.727 65.8779 52.3066 50.1888 49.7654 49.7144 45.8203 53.996 44.9246 52.0624 47.6748 44.6929 42.5173 42.33 42.1209 41.2247 40.6629 38.5511 46.1191 38.0594 36.0269 35.7493 35.4895 39.9841 54.1888 48.0062 44.9187 40.0123 35.3308 35.2427 35.1796 34.9829 34.9256 34.4139 33.4037 34.5901 32.495 37.8562 32.0361 31.3957 31.1903 31.0253 32.9616 30.9291 30.6023 30.3465 30.0326 29.6784 29.2517 29.6677 29.1983 29.1825 29.1275 29.0047 31.8936
threshold=0.068426430225372328 0.91435948014259349 0.93205398321151745 0.029679208062589172 0.2860341370105744 0.070250000804662718 -0.031967163085937493 -0.010997772216796873 0.015193939208984377 -0.13055419921874997 -0.036575317382812493 -0.075408935546874986 -0.094329833984374986 -0.081878662109374986 0.058547973632812507 0.052200317382812507 -0.086761474609374986 -0.074005126953124986 -0.042526245117187493 -0.074981689453124986 0.78263545036315929 0.10427856445312501 -0.073760986328124986 0.090179443359375014 0.0052509307861328134 0.0049762725830078134 -0.0016942024230957029 -0.10275268554687499 -0.13336181640624997 -0.094879150390624986 -0.051315307617187493 0.046005249023437507 -0.054397583007812493 0.11776733398437501 0.052047729492187507 -0.026176452636718747 -0.076629638671874986 0.021400451660156253 0.0098152160644531267 0.074859619140625014 -0.076324462890624986 -0.048721313476562493 0.58486476540565502 0.081146240234375014 0.048233032226562507 -0.049667358398437493 0.0087471008300781267 0.067779541015625014 0.016304016113281253 0.021415710449218753 0.048904418945312507 -0.039810180664062493 -0.035751342773437493 0.024249999783933166 0.086334228515625014 0.098602294921875014 0.11123657226562501 0.063385009765625014 -0.080596923828124986 0.058029174804687507 -0.074554443359374986 0.091705322265625014
decision_type=2 2 2 2 2 2 2 2 2 2 2 2 2 2 2 2 2 2 2 2 2 2 2 2 2 2 2 2 2 2 2 2 2 2 2 2 2 2 2 2 2 2 2 2 2 2 2 2 2 2 2 2 2 2 2 2 2 2 2 2 2 2
left_child=35 2 3 -2 6 13 7 26 12 -7 -10 28 -8 14 -6 16 19 51 -18 36 22 41 -13 59 -9 -26 45 -19 -11 -24 32 40 -31 34 37 -1 -15 -33 -36 -12 -32 -20 47 44 54 -5 -16 -43 50 -50 -3 -17 -40 -37 -34 56 -55 -25 -39 -14 61 -42
right_child=1 48 -4 4 5 9 8 24 10 11 39 20 23 15 46 17 18 27 21 -21 -22 -23 29 57 25 -27 -28 -29 -30 30 31 33 43 -35 38 53 -38 58 52 -41 60 42 -44 -45 -46 -47 -48 -49 49 -51 -52 -53 -54 55 -56 -57 -58 -59 -60 -61 -62 -63
leaf_value=-0.0021119701491574619 -0.013688512813735246 -0.010136275347085137 -0.0073387549534995739 0.015121595957201384 0.0120801343312442 -0.017729082934238506 0.0080845727947265519 0.00028900748314407502 -0.016567738729086717 -0.032953456387685792 -0.0065384980336704694 -0.0035946947154652147 0.00026869252301956012 -0.043830191029083559 0.01109291837139261 0.012665371584171857 -0.00357865722605623 0.02033035893063579 0.014093015387760158 0.020431326752115998 -0.0019556263328790644 -0.013577031951549249 -0.0038718365015258933 -0.010883711450739277 0.0048500182223339475 0.01693111491131323 0.00068035591266648525 -0.00020693197632188381 -0.0040382150654168477 0.014999903141669664 0.012520411538794596 -0.00060748523214053938 0.0022057055876806273 -0.044590665543117726 0.010692709551641248 0.00067895533014725325 0.0082453321531106398 0.023443576848233401 0.011885032570503147 0.0088828828211756031 -0.0014595108154661942 0.0059122159630668287 0.00020722904659117099 -0.0043441935723637594 0.013116303804870656 -0.013885226800174944 -0.0098856861209175792 0.018644505226465744 -0.0048598661255140002 0.011992075246033436 -9.216997969400194e-05 -0.018122135842273707 -0.013343100416053608 -0.012483106486065768 0.014109521273480655 -0.029906129944698989 0.019781793951334767 -0.044456570214921609 -0.012738059286658289 -0.010429121446484498 0.0039770338468309531 -0.027829966774431655
leaf_weight=1578.3584520667791 984.43170193582773 3488.1049192994833 3132.4419760331511 102.87674526125193 3458.7777365073562 369.90470416843891 1395.6295236647129 1446.2721241861582 1225.783142182976 110.17366883158684 4080.3383672237396 2527.6993234828115 4324.9472726732492 47.189520165324211 274.5976188108325 93.841882176697254 1629.465213008225 229.88931971043348 1118.9951603338122 834.3510180413723 6566.1799656748772 281.90792462229729 1706.816174454987 297.40048049390316 1813.0640644133091 1400.5277647301555 1296.8429584503174 2841.7619278132915 2797.3771027997136 1360.5851526707411 1084.0859050825238 1993.9508499354124 3934.6641833037138 60.874848440289497 971.16542766988277 457.80140978097916 98.987116418778896 57.415964357554913 175.62334752082825 402.57200744748116 737.40868633240461 4473.5339437797666 2634.9246587008238 863.66671842336655 1431.1131803020835 1159.8333212956786 504.4985918700695 538.34619063138962 852.85200386494398 438.54206432402134 982.23640301823616 549.7429237216711 366.03606823831797 2537.578335352242 603.09751503914595 237.17729975655675 72.44017655402422 82.194932170212269 1257.2729533389211 745.03748083114624 9126.4367045834661 134.79837244004011
leaf_count=6991 4316 15328 13707 466 17959 1625 6505 6635 5680 479 18186 11193 20067 221 1362 436 7776 1157 5667 4201 29511 1387 7712 1342 8316 6342 5840 13714 12825 6318 5239 8983 18258 267 4566 2059 462 267 840 1857 3345 21482 12507 3715 6797 5229 2543 2779 3696 1912 4253 2557 1672 11102 2843 1120 321 387 5529 3507 42014 610
internal_value=-7.50092e-05 0.000382331 0.00082935 0.00115494 0.00134337 0.00225923 -0.00133597 0.00267038 -0.00363995 0.000956319 -0.00760566 0.00113931 -0.000332049 0.00479941 0.00940216 0.00353004 0.00505582 -0.00125762 0.00404233 0.0160766 0.0016621 0.00541509 0.00249879 -0.00248862 0.00706863 0.0101188 -0.0053366 0.00133624 -0.00514483 0.0030944 0.00358671 0.00212928 0.00642605 -0.00225922 -0.00171562 -0.00826794 -0.00874955 -0.0047952 0.00501832 -0.00515196 0.00406261 0.00602735 0.00484538 0.00471676 0.00602835 -0.0115119 -0.0024869 0.00728329 -0.00595824 0.000867704 -0.00792987 -0.0136203 -0.0051565 -0.0112063 0.00379056 -0.0131169 -0.0115804 -0.0182511 -0.0111413 -0.0013051 0.00314443 -0.00556223
internal_weight=92382.4 87499.1 81737.4 78604.9 77620.5 57847.2 19773.3 7219.42 12553.9 38236.3 5708.69 37866.4 6845.21 19610.8 4237.87 15372.9 11657.7 3715.24 10677.2 980.528 34958.9 9047.71 28392.7 5449.58 4659.86 3213.59 2559.55 3071.65 2907.55 25865 24158.2 15965.1 8193.13 4882.34 4821.46 4883.36 146.177 3308.64 1512.82 4482.91 11082.7 8765.8 7646.8 6832.54 5968.87 1262.71 779.096 5011.88 5761.74 1291.39 4470.34 643.585 541.659 3305 4537.76 2847.2 2610.02 379.595 1314.69 5069.98 9998.64 872.207
internal_count=425982 404389 379200 365493 361177 270818 90359 32828 57531 174608 25723 172983 31808 96210 21864 74346 56482 17864 51598 4884 159679 43822 130168 25303 21293 14658 11535 14871 13304 118975 111263 73332 37931 22124 21857 21593 683 14779 7078 20043 51208 42435 36768 31613 27898 5695 3905 24261 25189 5608 19581 2993 2512 14602 21101 12543 11423 1729 5796 23574 45969 3955
is_linear=0
shrinkage=0.05


Tree=91
num_leaves=63
num_cat=0
split_feature=5 93 4 6 6 259 4 190 108 127 69 20 4 5 4 179 190 78 249 6 6 78 6 171 162 48 144 109 259 255 146 97 78 86 178 190 68 20 50 144 159 8 86 103 129 159 6 150 32 6 6 103 38 229 100 4 29 50 29 86 130 6
split_gain=103.737 83.7219 69.9055 65.4835 159.405 79.6263 65.3847 62.3328 62.2977 53.4913 59.0253 53.042 49.9022 53.1224 60.5357 54.3777 48.8955 49.7834 47.0717 48.3118 42.83 41.9596 41.1836 40.9006 38.1425 37.3855 37.0929 36.6935 47.2493 35.9409 35.2238 34.9515 34.8513 34.7955 33.2594 33.0363 32.8074 32.5265 32.2249 32.2001 32.1168 31.5966 33.6406 30.277 30.1878 29.4762 29.4636 28.9558 28.9398 34.298 50.3866 28.729 28.1086 27.9942 27.7607 27.7532 35.3352 27.9527 27.7515 28.9004 27.6651 27.5432
threshold=1.0000000180025095e-35 -0.070037841796874986 0.91345110535621654 0.89499998092651378 0.85500001907348644 0.0070819854736328134 0.14954702556133273 -0.012874603271484373 0.11117553710937501 -0.064666748046874986 0.039077758789062507 -0.055770874023437493 0.043301574885845191 0.12500000372529033 0.44847415387630468 0.016120910644531253 0.018760681152343753 -0.12823486328124997 -0.077056884765624986 0.84499999880790722 0.60500001907348644 -0.096893310546874986 0.9650000035762788 0.0017933845520019533 0.019752502441406253 0.045028686523437507 -0.027183532714843747 -0.043960571289062493 0.072601318359375014 0.020759582519531253 -0.10775756835937499 -0.076080322265624986 0.013179779052734377 0.086944580078125014 -0.0053043365478515616 0.079193115234375014 -0.15496826171874997 -0.022300720214843747 -0.028114318847656247 -0.011074066162109373 -0.063201904296874986 0.016685485839843753 -0.065277099609374986 0.085601806640625014 -0.032058715820312493 0.045394897460937507 0.95499998331069957 -0.061965942382812493 0.027168273925781253 0.14500000327825549 0.13499999791383746 0.032089233398437507 -0.023597717285156247 -0.049392700195312493 0.078216552734375014 0.70389682054519664 -0.021873474121093747 0.078338623046875014 0.12847900390625003 0.015323638916015627 0.13018798828125003 0.70499998331069957
decision_type=2 2 2 2 2 2 2 2 2 2 2 2 2 2 2 2 2 2 2 2 2 2 2 2 2 2 2 2 2 2 2 2 2 2 2 2 2 2 2 2 2 2 2 2 2 2 2 2 2 2 2 2 2 2 2 2 2 2 2 2 2 2
left_child=6 7 3 4 5 9 -1 51 18 10 30 -6 -5 22 15 35 17 34 39 33 47 36 32 45 25 58 -12 28 -9 -17 -3 -25 -14 -20 -11 53 -8 54 -27 -7 -26 -22 -43 -34 -38 -23 52 -18 49 50 -49 -2 61 -15 -19 56 -24 -58 -16 -60 -29 -4
right_child=1 2 46 12 11 8 21 27 -10 16 26 -13 13 14 24 29 20 37 19 -21 41 23 55 31 40 38 -28 60 -30 -31 -32 -33 43 -35 -36 -37 44 -39 -40 -41 -42 42 -44 -45 -46 -47 -48 48 -50 -51 -52 -53 -54 -55 -56 -57 57 -59 59 -61 -62 -63
leaf_value=-0.0047602012159586662 -0.0043526247384838646 -0.050919656786343984 -0.033090403477193685 -0.013370199619545949 -0.00045304302517811586 -0.0046959302277845083 0.047007352590846742 -0.00010465066956168695 0.0093310646802701371 0.00035948642610502378 0.017792857495748264 -0.0083161213651454877 0.0050193081145064253 -0.017117477761994966 -0.0046114175062244821 0.011641269733424699 0.0097198694219802432 0.002238594014530533 -0.0053292525175182657 0.0061209833420779475 0.0042920968159625497 -0.0012525300795573789 0.00055156974788434963 -0.0028574845717796739 -0.021172837413533985 -0.037137750281892014 -0.0039253054110294245 0.0075669445877774404 -0.050024701005899064 0.00080106465600035266 -0.0071371232361919657 0.0076496608959718592 0.00034698047514410276 -0.01506300702246142 0.037184034575581386 0.02385759897588198 -0.0017815821645378342 -0.0033850562589551876 -0.011606622414989406 0.011112454505392074 0.0016631763630335237 -0.0029060836986592922 0.013244163144295702 -0.016958051563303794 0.014109756973207955 0.0086488020905570433 -0.031099220172286165 -0.0083682574229385909 0.01438133799447814 -0.014457976412248719 0.052740420043828409 0.011280490873200273 -0.0031446067503257437 -0.0021476838586130319 0.020509123072565725 -0.0023355145707026248 0.024526547244519786 -0.014531975140063262 -0.045013741729118956 -0.0014846087149343215 0.021258292451134114 -0.010313579929682039
leaf_weight=2001.4392784759402 2193.8574902638793 45.958514049649239 148.36253983527422 567.93040087819099 2706.9178743846714 545.12357816100121 63.52197453379631 528.19807602465153 921.42339420318604 104.30477874726057 427.51296561211348 10328.261417143047 6897.8539413362741 375.99677797034383 1727.2828328609467 1693.1032632775605 390.44502578675747 2182.4862403646111 7943.0600844137371 833.79125050455332 3088.7503708153963 4299.2708565816283 264.29258472472429 906.65035008639097 167.55104429274797 202.28734085708857 362.70920648425817 4293.8381053060293 51.074391067028046 1393.9564695879817 2187.4407111480832 6204.5790317803621 3874.2818902730942 1037.6656907424331 147.84577768296003 105.06076084077358 380.98432685434818 3957.9567015171051 318.93687316775322 784.86508240550756 1778.6743551269174 363.77931786328554 2814.2281775400043 269.39828683435917 1381.6810876354575 909.88535173237324 137.27688318490982 102.10286901891232 143.5446545779705 703.28922208398581 49.216403737664223 338.33943771570921 1674.7621563598514 1822.2939412966371 228.84404367953539 252.96497408300638 677.56722532212734 48.484451070427895 89.249243423342705 66.151648074388504 403.12402146309614 1216.8950172439218
leaf_count=8920 9788 200 674 2470 12426 2438 299 2441 4271 495 2057 46170 32431 1802 8116 8022 1764 9957 36033 3710 14231 19720 1336 4245 758 926 1643 20013 226 6788 9868 29126 18717 4815 704 536 1819 17596 1489 3611 8447 1735 13532 1321 6789 4213 621 435 666 3275 219 1573 7425 8425 1052 1243 3387 243 406 313 1865 5220
internal_value=5.74557e-05 -0.000716032 -0.00127776 -0.000923688 -0.00208217 -3.96052e-05 0.00369673 0.00418775 -0.00315706 0.00213468 -0.00390577 -0.00668341 0.00125046 0.00162805 -0.00112955 0.00241128 0.00341414 0.00026774 -0.00419032 -0.00538653 0.00613521 0.00489346 0.00381445 0.00384444 -0.00551668 -0.00972803 0.00783193 0.00728211 -0.00458472 0.00674824 -0.00806046 0.00630983 0.00284235 -0.00645548 0.0220128 -0.00340171 0.0119647 -0.000596433 -0.0215674 0.0046344 -0.000312646 0.00789545 0.0113951 -0.000781913 0.0106759 0.000478268 -0.00851816 -0.00180873 -0.00632356 -0.00981401 0.011723 -0.00226018 -0.00748859 -0.00471474 0.00398032 0.0124382 0.0162104 0.0219019 -0.00644056 -0.0266121 0.0087463 -0.0128111
internal_weight=92128.6 75980.6 68172.1 64994.8 42401.5 29366.3 16148 7808.43 12065.9 17300.4 3023.62 13035.2 22593.3 22025.4 9740.54 5390.41 14276.8 6621.44 11144.5 9814.52 7655.36 14146.6 12284.8 12320.4 4350.13 2403.91 790.222 5276.23 579.272 3087.06 2233.4 7111.23 11041.5 8980.73 252.151 2303.35 1826.19 6369.29 521.224 1329.99 1946.23 6266.76 3178.01 4143.68 1762.67 5209.16 3177.3 1388.6 998.153 854.608 151.319 2532.2 3040.02 2198.29 2411.33 1243.31 990.344 726.052 1882.68 155.401 4696.96 1365.26
internal_count=425056 349925 314019 300079 192903 134307 75131 35906 54878 79429 13768 58596 107176 104706 46028 25573 65661 29804 50607 44558 35857 66211 58678 57304 20455 11250 3700 24545 2667 14810 10068 33371 52469 40848 1199 10763 8907 28605 2415 6049 9205 29498 15267 20038 8608 23933 13940 6359 4595 3929 654 11361 13319 10227 11009 6209 4966 3630 8835 719 21878 5894
is_linear=0
shrinkage=0.05


Tree=92
num_leaves=63
num_cat=0
split_feature=2 4 82 240 183 208 4 234 2 213 257 2 2 156 185 254 4 253 165 217 152 183 2 15 125 250 93 58 9 225 129 190 143 200 113 124 173 113 43 83 151 217 183 2 122 145 61 74 89 2 109 4 21 143 4 24 151 148 36 194 156 144
split_gain=157.046 237.215 141.393 93.9833 102.287 92.4874 79.7507 96.5528 70.8164 70.282 68.7291 67.6919 60.3283 59.2476 57.7453 56.0264 53.7604 50.3923 50.1994 49.2359 48.8238 48.4638 48.2509 47.8471 49.989 46.5493 45.5688 46.4364 44.1637 43.3128 47.412 42.3664 56.5618 41.5203 42.5867 41.4555 40.8318 40.6919 40.1939 42.4523 40.0413 39.8402 39.7518 37.9648 45.4876 37.8998 46.3156 43.8501 38.7163 37.3621 37.2121 37.034 35.5145 35.1514 45.3203 34.3772 33.5092 32.6671 33.9222 32.1196 31.5611 31.2386
threshold=1.9550755620002749 0.38013324141502386 0.038070678710937507 0.017311096191406253 -0.0047130584716796866 -0.015522003173828123 0.90392893552780162 -0.097991943359374986 1.5593773126602175 -0.089324951171874986 0.0055789947509765634 2.6722609996795659 1.6098284125328066 0.081146240234375014 0.11294555664062501 0.10354614257812501 0.91345110535621654 -0.031242370605468747 -0.069488525390624986 -0.013774871826171873 -0.051193237304687493 -0.063629150390624986 1.1867352128028872 0.064178466796875014 0.062530517578125014 0.11868286132812501 0.016685485839843753 -0.068328857421874986 -0.054855346679687493 0.10427856445312501 0.0034894943237304692 0.025459289550781253 -0.011631011962890623 -0.077667236328124986 -0.054641723632812493 0.040328979492187507 0.076690673828125014 0.10122680664062501 -0.074005126953124986 0.037246704101562507 0.061691284179687507 -0.048355102539062493 -0.057205200195312493 1.1195503473281863 0.061996459960937507 -0.023658752441406247 0.0070133209228515634 0.0041141510009765634 -0.037979125976562493 3.3745431900024419 0.081573486328125014 0.075672589242458357 0.054306030273437507 -0.028602600097656247 0.83633205294609081 0.089324951171875014 -0.10940551757812499 0.079132080078125014 0.023506164550781253 -0.10879516601562499 -0.020042419433593747 -0.014102935791015623
decision_type=2 2 2 2 2 2 2 2 2 2 2 2 2 2 2 2 2 2 2 2 2 2 2 2 2 2 2 2 2 2 2 2 2 2 2 2 2 2 2 2 2 2 2 2 2 2 2 2 2 2 2 2 2 2 2 2 2 2 2 2 2 2
left_child=1 2 8 4 5 21 7 43 28 -7 38 19 -4 22 16 23 42 56 36 25 35 37 -12 24 45 -5 27 -27 -1 30 -24 32 -21 -20 -35 -14 -11 -2 -9 -40 -33 -8 -13 -3 60 -6 50 48 -48 -49 -47 -42 -15 54 -32 -43 -10 59 -59 -44 -45 -18
right_child=3 6 12 11 15 9 41 10 17 18 13 14 20 52 -16 -17 61 -19 33 31 -22 -23 29 -25 -26 26 -28 -29 -30 -31 53 40 -34 34 -36 -37 -38 -39 39 -41 51 55 57 44 -46 46 47 49 -50 -51 -52 -53 -54 -55 -56 -57 -58 58 -60 -61 -62 -63
leaf_value=-0.02070952642381239 -0.0084977044793627492 -0.00036471304831499655 -0.025542473706487025 -0.0040386455611995014 0.0083170755405200213 0.013628468043864625 -0.015869603106146404 -0.011483850336249109 -0.022047253212454335 -0.0040963556509430264 -0.0057618936604848896 -0.003396597012932523 -0.0092488001932570143 0.010340889004786471 -0.010259590986650739 -0.0086152715898832975 -0.029319827188563637 -0.0059934208282932467 -0.0047797919451098899 0.0022343116382094268 -0.017282430473804192 -0.00074172691864718096 -0.00024521277520803933 0.013468699219273156 0.013251321016302645 -0.056228847660445204 -0.0038232282488315124 -0.018390395495306154 -0.0073695220928117911 -0.011209700413712467 0.019496874683959262 0.0016599593104964006 -0.0093100606384223534 0.011982163623632164 0.0029187308419041692 0.019522670635413509 -0.034398752836086573 -0.044782190000174894 0.00076376478354571963 -0.0069849605708253914 -0.028223974478071963 -0.0050333106359142224 -0.009751197981719353 0.017447545216676921 0.023704246815460971 0.0045258502278356398 -0.0059852815322451883 -0.011966877938866569 0.0094396665148673356 0.014457039524383665 0.02348066386990133 0.018461195455750257 0.035414871066823304 0.0050012566781432143 -0.0088771078864239798 0.020204080753506569 0.0063674554702304615 0.0090138680670605702 0.031471940508488769 0.0056706684957258044 -0.00065417640879479773 0.00020982542123796586
leaf_weight=776.35087406635284 2140.9179399088025 547.65325830876827 1371.8361908495426 7127.1930146962404 3619.8957547321916 1519.5351676866412 897.88945661485195 1095.7428903393447 108.56451363861561 1248.0300745815039 1381.3874895125628 1323.1406853273511 355.48187381029129 446.10271025449038 796.02345198392868 580.45897023379803 186.01304224133492 2194.7756832316518 1299.1411782950163 2258.9727658331394 1148.8271793797612 4370.1832709684968 1809.1793368682265 2511.8302719816566 1885.4387307986617 101.84206601977348 416.05332414805889 393.23003875464201 3086.4702992141247 390.46954824030399 1163.7703634649515 2882.6420961543918 1999.2376832067966 1655.0491320192814 5967.6330336853862 191.97264222800732 121.09106649458408 79.239583492279053 6506.6485138013959 2425.7847292274237 44.729077711701393 2274.380704715848 356.52450563758612 436.56857990473509 779.91503635793924 2332.9527564942837 697.6626196578145 1218.126244738698 973.04680132865906 149.41291235387325 290.39763006567955 618.73842683434486 206.56114588677883 1566.0099525228143 159.48709991574287 142.46260333061218 1967.0087338760495 599.93447731435299 233.36702204495668 6096.9710939526558 535.31714039295912 171.83956214785576
leaf_count=3802 9752 2553 6878 30719 17157 7887 3892 4834 461 5712 6678 5986 1508 1971 3775 2668 841 9336 6054 9660 4891 20314 7964 12686 9495 425 1764 1652 14660 1626 5278 12904 8651 8255 28523 831 527 349 29300 10680 186 9780 1657 2039 3882 11669 3430 5704 4953 758 1529 2828 1068 6815 689 625 8447 2913 1114 29602 2393 771
internal_value=5.65845e-05 -0.00264561 -0.00860212 0.00163185 0.0034099 0.000946585 0.000285442 0.00150721 -0.00515066 0.00359445 0.000217064 -0.000636016 -0.0177468 0.00397231 0.00263849 0.00658839 0.0037844 -0.000712795 0.00211167 -0.00265413 -0.0114309 -0.00379846 0.00252259 0.00723414 0.00583069 -0.00540039 -0.0160364 -0.0262719 -0.0100553 0.0047721 0.00610239 0.000174795 -0.00318671 0.00347978 0.00488791 0.000857522 -0.00679958 -0.00981231 -0.0024504 -0.00134111 0.00421109 -0.00688209 0.00457423 0.0111259 0.0147163 0.004322 0.00176663 -0.00243535 0.00299872 -0.00907143 0.00663224 0.0152761 0.0183186 0.0100758 0.0160729 -0.00353793 0.0048713 0.00602185 0.0153335 0.00481731 0.00748665 -0.0151787
internal_weight=92233.1 33966.6 11201.3 58266.5 32660 18400.8 22765.3 19450.6 8133.17 11810.5 17151.1 25606.5 3068.12 7122.97 9763.81 14259.2 8967.79 4270.35 10290.9 15842.6 1696.28 6590.34 6470.3 13678.8 11166.9 8038.32 911.125 495.072 3862.82 5088.92 4698.45 7804.32 4258.21 8921.82 7622.68 547.455 1369.12 2220.16 10028.2 8932.43 3546.11 3314.73 8609.94 2299.45 1751.8 9281.49 5661.6 3038.25 1670.71 1367.54 2623.35 663.468 652.664 2889.27 1323.26 2416.84 2075.57 7286.8 833.301 6453.5 971.886 357.853
internal_count=425751 152881 50814 272870 157422 87373 102067 87770 36706 56958 76903 115448 14108 32089 46659 70049 42884 18244 49071 68789 7230 30415 29050 67381 54695 34560 3841 2077 18462 22372 20746 34229 18311 42832 36778 2339 6239 10101 44814 39980 15918 14297 41272 10867 8314 45200 28043 14845 8383 6462 13198 3014 3039 12782 5967 10405 8908 35286 4027 31259 4432 1612
is_linear=0
shrinkage=0.05


Tree=93
num_leaves=63
num_cat=0
split_feature=2 4 82 257 183 240 213 2 6 6 2 4 6 6 260 129 6 6 9 4 121 2 152 114 89 2 199 171 6 198 217 47 84 182 6 241 2 221 253 136 108 18 211 95 248 71 151 6 4 233 122 91 257 4 66 103 244 80 189 49 254 18
split_gain=156.514 200.821 131.065 91.6578 79.4984 90.0456 88.9535 72.6263 72.1943 66.1118 68.7932 72.3661 65.5423 64.1841 63.5153 64.4618 67.6133 62.6921 58.4067 78.5703 56.9801 56.8398 56.1945 53.1176 57.3016 50.8892 54.2383 49.809 49.4733 49.4214 77.6343 57.6276 48.5934 51.04 48.5631 48.5389 47.3261 46.1538 46.1487 45.2215 44.8805 44.3409 43.4964 45.2908 42.5665 42.5196 40.6326 40.621 39.3699 38.8347 38.3618 38.3134 37.6954 37.6774 37.4052 45.1898 43.2861 39.0095 37.0779 36.4534 35.598 35.5148
threshold=1.9550755620002749 0.38013324141502386 0.034378051757812507 -0.041366577148437493 -0.11184692382812499 -0.013202667236328123 0.0078697204589843767 1.0105349421501162 0.22500000149011615 0.60500001907348644 2.7263709306716923 0.40145941078662878 0.95499998331069957 0.81499999761581432 0.11776733398437501 -0.0023984909057617183 0.79500001668930065 0.72500002384185802 -0.032058715820312493 0.15966799855232242 0.10488891601562501 1.5469805002212527 -0.061874389648437493 -0.092926025390624986 -0.072296142578124986 1.4957965612411501 0.029792785644531253 -0.041610717773437493 0.41499999165534979 0.056564331054687507 -0.0090904235839843733 0.036239624023437507 0.014102935791015627 0.056076049804687507 0.9350000023841859 -0.061630249023437493 0.41292415559291845 0.063140869140625014 -0.073089599609374986 -0.14385986328124997 -0.0099601745605468733 -0.055313110351562493 -0.070404052734374986 -0.12872314453124997 0.013210296630859377 -0.10818481445312499 -0.0093574523925781233 0.76499998569488536 0.043301574885845191 -0.036972045898437493 -0.056442260742187493 0.018867492675781253 0.019248962402343753 0.29215236008167272 0.063873291015625014 -0.030738830566406247 -0.032394409179687493 0.098602294921875014 0.015262603759765627 0.10781860351562501 0.023704528808593753 -0.063018798828124986
decision_type=2 2 2 2 2 2 2 2 2 2 2 2 2 2 2 2 2 2 2 2 2 2 2 2 2 2 2 2 2 2 2 2 2 2 2 2 2 2 2 2 2 2 2 2 2 2 2 2 2 2 2 2 2 2 2 2 2 2 2 2 2 2
left_child=1 2 13 -3 -2 6 20 8 -5 51 11 12 18 25 15 32 17 42 52 -20 23 34 49 -6 44 28 -27 60 48 30 -13 -31 33 -9 45 -10 -30 54 -8 -26 -21 -14 -17 -44 -25 -15 -34 -19 -1 -4 58 -7 61 -47 56 -56 -12 -58 -41 -45 -23 -11
right_child=4 3 22 7 5 9 38 14 35 10 37 29 41 21 -16 16 -18 47 19 40 -22 27 -24 24 39 26 -28 -29 36 31 -32 -33 46 -35 -36 -37 -38 -39 -40 50 -42 -43 43 59 -46 53 -48 -49 -50 -51 -52 -53 -54 -55 55 -57 57 -59 -60 -61 -62 -63
leaf_value=-0.032449031318858894 -0.0078247161394474195 -0.005512004179634402 -0.023341825037191045 0.0070865547980555931 -0.0014272262334795846 -0.023537066746455164 0.014697961568887065 0.0054108874896254926 0.0038045998287855767 0.0084749295402722358 0.011150959415318172 -0.0093007778379337481 0.043507970227979725 0.021923576870164056 -0.038568103764730292 0.022826044091692126 0.0026769049894995386 0.025568530686332164 -0.003054388905557856 0.014227883807345918 -0.0052580596462689306 0.021651976063795857 -0.020386456680874625 0.0080218903089389892 -0.025271647366150597 0.011296666216262394 -0.0067368469485519934 -0.0093718978085961368 -0.039698369138553957 -0.0018303488724728892 -0.00056745869210935199 0.015529928814539171 -0.014409360106335601 -0.021967200260825551 0.008810562381764038 -0.015096263482469669 -0.0091956724964302721 -0.0038482370640120639 -0.0011967641043014569 0.022811185167759339 0.0032065358232061742 0.010376299658132179 0.025691843234681034 0.00039800117710472134 -0.0093313724191592187 -0.020038026499553718 -0.00083721319145100496 0.010941806979529983 0.0034634272266761534 0.0015945886702370779 0.0099147870826540255 0.00051072355815002591 -0.0079242091501179075 -0.044492368248541192 -0.01386622514128704 0.0037049766943218197 0.0032081911617607519 0.026743043977283623 0.0064368700579196031 -0.024324169119653547 -0.0033697208183196404 -0.0022722219155812432
leaf_weight=80.499864429235458 2194.6113306060433 5791.7086150497198 212.34195896983147 786.25971107184887 1203.4339098855853 445.08571630716324 494.77150648832321 2388.0903212800622 437.58002575486898 1041.9996571093798 2979.7055832892656 5074.0686169490218 139.77189663052559 49.186627678573132 89.482729434967041 247.23074322938919 6007.9342251345515 854.09465559571981 2043.3314303308725 2003.8676036074758 815.14855466037989 247.47849138081074 2475.7851123139262 820.7037391141057 82.253609880805016 1287.4900323152542 615.62485906481743 1925.6026230379939 145.96210643649101 1670.0549506172538 5104.0589267015457 668.63908915221691 956.28954176604748 182.31216995418072 136.04562301933765 1511.7920893058181 953.46974829956889 1723.0693679004908 5787.6053546518087 1265.5646597370505 1714.2178993523121 360.75758805125952 148.29646771401167 902.05702859163284 619.04107286036015 719.0027255602181 1301.1485137045383 1073.1618169024587 1199.0049575865269 581.81021029502153 6067.0610437393188 263.38145619630814 1957.7112608402967 202.3927406668663 537.94808484613895 1138.8111979961395 6289.7124702781439 180.16917802393436 476.89757876843214 177.63067552447319 331.63376422226429 2922.0838595032692
leaf_count=371 9846 25694 968 3543 5764 1889 2393 10772 2062 4428 14558 22019 617 230 385 1144 26032 4095 8912 9288 4391 1044 11509 4168 370 5633 2629 8148 966 7458 23005 3070 4103 828 653 7614 4717 8305 27060 6812 7929 1646 684 4028 3016 3602 5801 4984 5323 2607 30808 1131 8339 937 2597 6031 30369 1044 2441 777 1392 12588
internal_value=-6.93482e-05 -0.0027626 -0.0082591 -7.7644e-05 0.001508 0.00187459 0.00483071 0.00176712 -0.00569676 0.000512093 0.000797767 -0.000745815 0.0019972 -0.00477098 0.00319252 0.00345766 0.00586717 0.011498 0.00123731 0.00482102 0.00747267 -0.00967956 -0.0166751 0.00845812 0.00973299 -0.000629942 0.00546266 -0.00550612 -0.00550418 -0.00341578 -0.00492174 0.00313752 -0.00123919 0.00346124 -0.0191121 -0.0108538 -0.0132776 0.00376484 5.71724e-05 0.0114063 0.00914874 0.0196966 0.00373672 -0.00012199 0.000559282 -0.0230311 -0.00659044 0.0174338 0.00118042 -0.00509393 0.0117958 -0.0146089 -0.00224958 -0.0254521 0.00494407 -0.00193723 0.00616518 0.00386761 0.0183359 -0.00368805 0.00734197 0.000554201
internal_weight=92103.9 34018.4 11163.3 22855.1 58085.5 55890.9 17632.5 17063.4 2735.63 38258.4 37550 24700.6 12183.7 7893.39 14327.7 14238.2 9410.41 3402.47 11683.2 5761.42 11350.1 3611.34 3269.94 10535 9331.52 4282.05 1903.11 2504.71 2378.94 12516.8 10178.1 2338.69 4827.84 2570.4 1106.63 1949.37 1099.43 12849.4 6282.38 7891.78 3718.09 500.529 1475.21 1227.98 1439.74 970.582 2257.44 1927.26 1279.5 794.152 7809.52 708.467 5921.79 921.395 11126.3 1676.76 9449.59 6469.88 1742.46 1079.69 579.112 3964.08
internal_count=425567 153275 50729 102546 272292 262446 87223 76852 13219 175223 172203 109299 53747 35645 63633 63248 41744 15712 51484 26129 57770 16006 15084 53379 47615 19639 8262 10584 11377 55552 45024 10528 21504 11600 5422 9676 5683 62904 29453 40431 17217 2263 6633 5489 7184 4769 9904 9079 5694 3575 40061 3020 25355 4539 54599 8628 45971 31413 9253 4805 2436 17016
is_linear=0
shrinkage=0.05


Tree=94
num_leaves=63
num_cat=0
split_feature=3 5 0 3 253 254 155 234 109 115 7 181 3 5 207 153 52 79 260 35 61 7 217 109 245 214 15 156 3 87 130 143 169 80 87 130 126 126 251 178 256 41 225 81 100 20 254 88 7 226 249 107 193 257 80 3 125 3 207 67 25 35
split_gain=130.808 102.603 78.1851 58.1179 47.6463 47.4749 42.7553 41.2604 39.3796 38.4688 38.2626 38.1815 37.4033 39.3358 36.8144 37.4402 40.6289 41.2132 42.4862 36.6842 45.039 35.9379 36.5684 35.6062 38.3169 35.4469 33.9218 36.1615 34.5049 33.6208 33.3494 32.9821 31.5106 31.164 30.9133 30.8432 30.6694 30.4857 38.2099 30.053 29.6283 28.4181 28.2521 28.1349 28.0741 29.5389 36.3241 32.5723 27.8318 27.4363 27.3251 27.2413 27.2177 27.1437 26.9872 26.9054 26.5853 26.5841 25.8231 25.5701 25.5377 27.7851
threshold=0.072570700198411955 1.0000000180025095e-35 0.12225000187754632 0.88766717910766613 0.10879516601562501 0.085113525390625014 -0.039566040039062493 -0.033187866210937493 0.092803955078125014 0.15045166015625003 -0.078094482421874986 0.10055541992187501 0.013127712067216636 0.17500000447034839 -0.098541259765624986 0.068267822265625014 0.037948608398437507 0.057632446289062507 -0.050918579101562493 0.048721313476562507 0.0059223175048828134 0.077117919921875014 0.019355773925781253 -0.0088081359863281233 0.043838500976562507 -0.063812255859374986 -0.025459289550781247 0.091156005859375014 0.90988111495971691 -0.0027780532836914058 0.027687072753906253 0.043228149414062507 -0.056716918945312493 -0.045700073242187493 0.021003723144531253 0.096282958984375014 -0.025993347167968747 -0.031326293945312493 0.071258544921875014 -0.11605834960937499 0.13287353515625003 0.022666931152343753 -0.025657653808593747 -0.031417846679687493 -0.085052490234374986 0.0068950653076171884 -0.17279052734374997 -0.011821746826171873 0.097564697265625014 -0.014774322509765623 0.0017867088317871096 -0.097930908203124986 -0.10769653320312499 -0.046127319335937493 0.083282470703125014 0.45108573138713842 -0.15899658203124997 0.55579555034637462 0.0036306381225585942 -0.031539916992187493 0.0056667327880859384 -0.029365539550781247
decision_type=2 2 2 2 2 2 2 2 2 2 2 2 2 2 2 2 2 2 2 2 2 2 2 2 2 2 2 2 2 2 2 2 2 2 2 2 2 2 2 2 2 2 2 2 2 2 2 2 2 2 2 2 2 2 2 2 2 2 2 2 2 2
left_child=12 10 4 44 5 6 9 8 -7 11 -2 36 -1 21 -8 16 19 -18 -19 25 32 40 -23 24 -17 31 30 28 37 41 -12 -16 58 -25 -11 -15 55 -28 -39 -5 42 -6 -14 -26 49 46 -46 -48 -35 53 -10 60 57 -4 -49 -3 -38 -47 -21 -32 -27 -62
right_child=1 2 3 39 29 7 14 -9 50 34 26 -13 13 35 15 23 17 18 -20 20 -22 22 -24 33 43 51 27 -29 -30 -31 59 -33 -34 48 -36 -37 56 38 -40 -41 -42 -43 -44 -45 45 52 47 54 -50 -51 -52 -53 -54 -55 -56 -57 -58 -59 -60 -61 61 -63
leaf_value=-0.023147466553699092 -0.0038493195359702637 -0.010776410626835277 -0.0058678689501985015 0.018939097166170031 -0.035930336344430762 0.0023187555016633441 0.01221574033757831 -0.0083058858691702851 -0.039482218306440414 -0.0066125872859000142 -0.0042891969701361974 -0.019594636478435505 0.0029942760954227167 -0.022346636016556374 0.0063922263009090364 -0.00043646786424272622 -0.0043177960911876222 -0.0058529645331241303 0.0089687308861384606 0.00071196757668530366 -0.0049839586535999712 -0.033475064368749058 -0.0037723073099283043 -0.01057893540610421 -0.021179440271173675 0.0031590477357552622 0.0025019921303467973 0.015899649108355757 -0.0046609775920641956 0.0019211726039353551 0.01390032306940576 0.019114851320763227 -0.0042096293222011749 0.0076440810272108183 -0.042293317058758557 0.010833066278140869 -0.032859318724670412 0.0068563321830651851 0.018236021955510724 -0.010749018003182835 0.03328427776416687 0.005750013640760809 -0.0065131777407766893 -0.0039648018909582122 -0.036754103439853809 -0.002260056064845764 -0.0033113744611083708 0.00075401370728850467 -0.028006396459748867 -0.0013597682873087897 -0.0060551437692973236 0.0046833515108785136 -0.0051816155320632794 0.014157153971688687 0.012585394738913208 -0.00016488042230603875 0.0023644090718038155 0.021692375178673541 0.014192070364969878 0.001096137986876582 0.0083611201488914041 -0.029992894769006073
leaf_weight=360.69935877621174 1329.542192183435 1064.0011116676033 215.19519241899252 87.503178924322128 198.33444812893867 2790.0043249055743 968.45590604841709 2303.230766505003 92.764130339026451 156.35222618281841 1684.9036072939634 261.24342045933008 1094.3759910464287 550.24431663006544 1379.5277120620012 1149.5188794583082 3311.7959711328149 696.53313391655684 1575.6142088994384 571.23981386423111 2217.1304255202413 208.18498380482197 205.90624605864286 340.92724881321192 561.88401574641466 277.31238296627998 3124.3543255701661 923.93982446938753 761.70005986839533 160.18741086870432 602.51229607313871 808.20562928169966 629.68726373463869 1371.9343010410666 98.7093525826931 79.628054723143578 53.140881642699242 4559.5416142418981 879.82735377550125 2394.8361431360245 53.667297758162022 51.133950009942055 2726.7961070425808 411.36062643676996 68.856878682971001 300.40223518759012 6223.3645848706365 7337.8267875351012 56.052468538284302 1207.9649596139789 177.01087079942226 12882.357818588614 8170.1896885409951 783.02847445756197 514.87509034574032 1360.399760864675 5096.1084068790078 187.38040709495544 939.18722756206989 1102.2279628664255 65.089466460049152 167.51791917532682
leaf_count=1634 6106 4977 990 378 942 12618 4789 10239 428 712 7866 1151 4871 2458 6757 5296 15006 3061 7426 2761 10549 904 904 1510 2581 1415 14824 4489 3321 717 2812 4483 3041 6635 436 347 240 21337 4249 10379 251 218 12046 1921 358 1355 27731 33393 261 5321 818 62054 36231 3542 2596 6354 23625 869 4530 5129 319 808
internal_value=1.46086e-05 0.00047992 -0.000305791 -0.00239983 0.000995383 0.00115417 0.00176855 -0.00325259 0.000552722 -0.00146149 0.00424513 -0.000838105 -0.00762572 -0.00648302 0.00262867 0.0023126 0.0030092 -0.000760327 0.00442452 0.00406494 9.31328e-06 -0.00476702 -0.0187501 -0.00225523 -0.00661969 0.0051991 0.00503441 0.00646829 0.00553225 -0.0159567 0.000698137 0.0110989 0.00518219 0.00298306 -0.0205323 -0.0181416 -0.000188621 0.00643932 0.00870003 -0.0096953 -0.00326825 -0.0273982 -0.00379019 -0.0139149 -0.00167534 -0.00219644 -0.000788401 -0.000609867 0.00622608 0.00370929 -0.0176527 0.00423457 -0.00449646 0.00983864 0.00153126 -0.0048245 0.00199459 0.00696676 0.00909777 0.00562706 -0.00709026 -0.0192706
internal_weight=91983.4 86703.9 71735.4 27491.4 44244 43834.3 38471.3 5363.01 3059.78 8089.96 14968.5 7834.89 5279.5 4918.8 30381.3 29412.9 25521.2 5583.94 2272.15 19937.3 4357.24 4288.93 414.091 3891.68 2122.76 15580 13639 10249.4 9325.42 409.656 3389.64 2187.73 2140.11 1768.91 255.062 629.872 7573.65 8563.72 5439.37 2482.34 3874.84 249.468 3821.17 973.245 25009.1 22802.9 14144.9 14076.1 1427.99 2206.19 269.775 13392.3 8657.97 998.224 7852.7 2424.4 5149.25 487.783 1510.43 1704.74 509.92 232.607
internal_count=425369 401954 331821 123143 208678 206801 182698 24103 13864 37495 70133 36347 23415 21781 145203 140414 122210 25493 10487 96717 20881 18976 1808 18204 9798 75836 64027 48220 43731 1877 15807 11240 10332 8406 1148 2805 35196 40410 25586 10757 17168 1160 16917 4502 112386 102533 64078 63720 6896 9853 1246 64596 38455 4532 35989 11331 23865 2224 7291 7941 2542 1127
is_linear=0
shrinkage=0.05


Tree=95
num_leaves=63
num_cat=0
split_feature=5 6 150 130 31 242 146 21 170 53 20 6 6 6 205 236 95 6 118 177 6 207 60 26 31 31 160 151 196 69 23 26 139 63 100 229 115 167 90 6 99 110 122 33 184 8 100 49 167 114 115 90 6 31 37 131 196 242 126 85 251 13
split_gain=96.5925 72.1642 71.6705 88.7746 62.0677 60.1812 58.4573 52.5587 58.8148 47.8608 52.8574 46.8021 59.8878 54.4362 44.8274 45.9233 44.5845 43.6557 42.5483 41.1859 41.0071 39.1856 39.1641 38.6364 35.389 35.1389 35.0656 35.0149 34.2712 37.1642 33.1034 40.3676 34.2856 34.5174 33.0283 32.5471 31.2205 30.5315 30.1789 29.9753 29.947 29.8496 29.4015 29.0744 40.0408 28.6708 30.3191 28.3821 29.4844 28.049 30.7226 27.9853 27.9333 29.5354 27.7634 29.17 27.7242 27.5346 27.5032 27.4743 27.297 27.296
threshold=0.12500000372529033 0.9650000035762788 -0.019508361816406247 0.053451538085937507 -0.0025835037231445308 -0.065704345703124986 0.065338134765625014 -0.070831298828124986 -0.080657958984374986 0.055831909179687507 0.034927368164062507 0.82499998807907116 0.72500002384185802 0.89499998092651378 0.084075927734375014 -0.058334350585937493 0.0025949478149414067 0.7749999761581422 -0.0075893402099609366 -0.012836456298828123 0.60500001907348644 0.0006225109100341798 0.020988464355468753 0.090240478515625014 0.088653564453125014 0.061203002929687507 0.057937622070312507 0.079681396484375014 0.016990661621093753 -0.069122314453124986 0.038833618164062507 -0.071380615234374986 0.019508361816406253 0.15948486328125003 -0.10885620117187499 0.054672241210937507 0.14117431640625003 -0.078338623046874986 0.049423217773437507 0.7150000035762788 0.054031372070312507 0.029029846191406253 0.12689208984375003 -0.042495727539062493 -0.011600494384765623 -0.034683227539062493 -0.044754028320312493 0.15191650390625003 -0.014911651611328123 0.081878662109375014 0.17608642578125003 -0.063018798828124986 0.97500002384185802 -0.015132904052734373 0.14300537109375003 -0.059036254882812493 0.0070819854736328134 0.027214050292968753 -0.023384094238281247 -0.067962646484374986 0.057357788085937507 0.023506164550781253
decision_type=2 2 2 2 2 2 2 2 2 2 2 2 2 2 2 2 2 2 2 2 2 2 2 2 2 2 2 2 2 2 2 2 2 2 2 2 2 2 2 2 2 2 2 2 2 2 2 2 2 2 2 2 2 2 2 2 2 2 2 2 2 2
left_child=1 2 3 6 5 35 9 8 38 10 18 12 39 25 15 19 17 42 -1 -6 -17 -11 60 -19 -10 -13 45 47 29 -20 31 54 33 -32 -12 -2 58 -24 -4 -9 -39 -31 -14 44 -33 46 -21 -5 -49 -45 -51 -26 53 -3 55 -22 61 -8 -23 -28 -15 -36
right_child=4 52 7 27 14 -7 57 11 24 21 34 13 16 22 -16 20 -18 23 28 26 30 36 37 -25 51 -27 59 -29 -30 41 32 43 -34 -35 56 -37 -38 40 -40 -41 -42 -43 -44 49 -46 -47 -48 48 -50 50 -52 -53 -54 -55 -56 -57 -58 -59 -60 -61 -62 -63
leaf_value=0.00020416744235434385 -0.020122755476998967 -0.0014720658328885115 0.020546155652566109 0.0078355127277452072 -0.0099270560823651929 -0.0042819518773195798 0.012916417726404509 -0.0024925894962319552 0.0025380634913860752 0.00032504966400698394 0.014533369842182967 -0.0035098922750668123 0.011866754269927799 0.00082383917966905853 -0.0080417735907251132 -0.013470169774522076 -0.0030523725844230163 0.0015247506003195634 0.0013451674703403452 -0.022505446120197045 0.015537995934539764 -0.024294753800085434 0.0079875276855323734 0.023882649433284251 0.016224347323574275 -0.010054819293289212 0.013426580231126459 0.018106492329243055 0.0007530235477476862 0.0076870524072735957 0.0067577337595160969 -0.013727068996049838 -0.0011946749851738587 0.049682814288474576 0.0037366291144987985 0.0056252218348035038 -0.031112591117167843 -0.0097047939022508103 0.0054654116733364594 -0.019692990986681338 0.0045250953431558247 0.019015956048649158 0.037849983948966298 0.0011473730363125269 -0.00063455148263034684 0.0041799135107415709 -0.00024804417995219258 -0.012198238917695989 0.0092605226532912442 -0.0052105380764926133 -0.039316140946194289 -0.013600724846891439 0.0032024553019254672 0.019217692079097029 0.037257723167309492 0.00084679612607666389 -0.010709805202845202 -0.00076198016866952062 -0.0050827676487126021 -0.010465042118894994 0.011963680473348347 -0.010142345689802832
leaf_weight=6975.7784874178469 1071.5832849144936 210.24052982777357 635.40601713955402 4955.6809998750687 2162.9061788246036 3578.6010470837355 1428.4290629401803 3704.879505880177 4253.047075368464 1251.5871537476778 213.8439377695322 5120.0508308857679 1330.7528740316629 4644.5266796126962 2286.0699308738112 499.86592808365822 1499.327566370368 2499.9256893619895 1062.6400824263692 223.3954706415534 491.68758725374937 232.03791012614965 384.66958395391703 208.43444358557463 89.702442318201065 3422.0340868085623 132.45195888727903 740.54540499299765 1903.5220226421952 1344.5597130134702 3312.8463023081422 1049.8090772405267 1793.0182966068387 46.535066194832325 1012.4193645864725 138.160753428936 182.92733398079872 2042.7906977906823 695.05075846612453 270.92997994273901 450.76974230259657 1026.7047413960099 117.91131368279457 6580.4774442464113 1314.733153834939 2323.7449027821422 481.00690811872482 381.76138970255852 274.20817741006613 1091.3197832107544 69.330731309950352 597.00069542229176 766.86193171143532 956.28107361495495 70.850714229047298 1075.7274869531393 1458.5685872882605 495.2880827113986 932.91757392883301 1234.9486615732312 622.8010521531105 543.67385639250278
leaf_count=32680 5137 1035 3199 23440 10127 16619 6764 16980 20137 5721 1014 23046 6208 21625 10094 2373 6880 11327 5001 994 2329 1044 1766 996 407 15085 602 3671 8818 6365 15238 4692 8194 210 4742 606 787 9235 3551 1214 2069 4867 576 29939 5963 10825 2145 1658 1205 5077 298 2712 3862 4749 379 4949 6688 2373 4206 5564 3032 2521
internal_value=-3.8285e-05 0.00111796 0.000806421 0.00274185 -0.00230909 -0.00754345 0.00111083 -0.00076245 0.00335108 0.000231778 0.00128219 -0.00174251 0.00103264 -0.00334431 -0.00135369 -0.000715111 0.00433771 0.00700321 0.00277529 -0.00428025 0.000629134 -0.00604652 -0.00041976 0.00325359 0.000836996 -0.00613272 -0.00150002 0.0078928 0.00613497 0.00911727 0.00104702 -0.000418954 0.00438788 0.00736695 -0.00441145 -0.0171799 -0.0119587 -0.00510891 0.0126778 -0.00366936 -0.00713162 0.0125982 0.0140063 -0.00159941 -0.00645071 0.00150127 -0.0073287 0.00654195 -0.00322761 -0.000116931 -0.00727991 -0.00968682 0.0106209 0.0154907 0.00685925 0.0054623 -0.00575966 0.00939616 -0.008927 -0.00814268 0.00214302 -0.00111586
internal_weight=91969.6 60940.5 59007.1 26417.1 31029.1 4788.35 20064.9 32590 6270.21 18141.2 15541.7 26319.8 9632.16 16687.6 26240.7 23954.7 5656.35 4157.02 12313.2 6558.45 17396.2 2599.47 8145.56 2708.36 4939.75 8542.08 4395.55 6352.2 5337.43 3433.9 16896.3 11743.9 5152.4 3359.38 3228.51 1209.74 1347.88 2878.23 1330.46 3975.81 2493.56 2371.26 1448.66 10105.7 2364.54 3028.15 704.402 5611.65 655.97 7741.13 1160.65 686.703 1933.38 1166.52 1638.27 1567.42 3014.66 1923.72 1164.96 1367.4 5267.33 1556.09
internal_count=425610 283256 273610 123565 142354 22362 93591 150045 30006 84454 72696 120039 44181 75858 119992 109898 25987 19107 57731 30257 79641 11758 37727 12323 23256 38131 20130 29974 25051 16233 77268 53626 23642 15448 14965 5743 6037 13070 6750 18194 11304 11232 6784 45969 10655 13964 3139 26303 2863 35314 5375 3119 9646 5784 7657 7278 13951 9137 5250 6166 24657 7263
is_linear=0
shrinkage=0.05


Tree=96
num_leaves=63
num_cat=0
split_feature=5 150 0 21 0 27 0 227 7 100 74 7 152 202 10 29 89 24 181 6 6 6 151 141 181 208 18 166 134 81 222 113 261 6 49 34 253 57 189 112 43 60 27 14 49 244 250 150 223 158 133 173 215 250 48 229 177 233 251 197 6 159
split_gain=90.2525 69.3414 68.7044 49.5117 48.508 47.8404 43.6914 37.9432 53.0485 45.4101 37.8679 34.6665 47.1576 53.0295 45.0326 44.9366 44.2526 39.0804 36.4295 34.0839 44.2892 33.1338 32.6138 31.9973 31.9893 31.002 30.8658 32.7235 30.7434 30.3225 30.2053 29.1639 29.9965 29.9819 32.1738 32.408 30.5415 28.3314 27.7936 27.4588 27.1566 27.0871 26.9954 26.5758 26.3545 26.3264 29.3187 25.4901 27.7798 25.1522 25.2741 31.8254 25.1477 26.6342 29.0286 25.0837 25.0661 25.0352 24.9702 24.9139 24.7482 24.809
threshold=0.075000001117587103 -0.040512084960937493 0.0082500004209578055 -0.080169677734374986 0.15675000101327899 -0.033462524414062493 0.12024999782443048 0.039321899414062507 -0.086700439453124986 -0.060226440429687493 -0.00067877769470214833 0.087738037109375014 -0.031631469726562493 0.049850463867187507 0.040328979492187507 -0.066925048828124986 0.053695678710937507 -0.0061664581298828116 0.094024658203125014 0.14500000327825549 0.60500001907348644 0.63499999046325695 -0.010005950927734373 0.079681396484375014 -0.017967224121093747 0.010204315185546877 -0.052627563476562493 0.051406860351562507 0.11026000976562501 0.061080932617187507 -0.090362548828124986 0.084747314453125014 -0.046859741210937493 0.90500000119209301 0.0083351135253906267 -0.14886474609374997 0.035415649414062507 0.080596923828125014 0.055892944335937507 -0.046249389648437493 0.15325927734375003 0.078643798828125014 -0.042526245117187493 -0.035140991210937493 -0.096099853515624986 -0.022514343261718747 0.076019287109375014 -0.10781860351562499 0.057357788085937507 0.035629272460937507 -0.15460205078124997 -0.032577514648437493 -0.045211791992187493 0.070526123046875014 -0.036331176757812493 -0.0055179595947265616 0.076507568359375014 -0.044815063476562493 0.12448120117187501 0.063873291015625014 0.55500000715255748 -0.037857055664062493
decision_type=2 2 2 2 2 2 2 2 2 2 2 2 2 2 2 2 2 2 2 2 2 2 2 2 2 2 2 2 2 2 2 2 2 2 2 2 2 2 2 2 2 2 2 2 2 2 2 2 2 2 2 2 2 2 2 2 2 2 2 2 2 2
left_child=1 4 42 5 10 40 11 8 23 -10 47 12 13 18 58 52 -15 29 60 -8 -21 -7 -9 -5 -22 39 27 55 45 -17 -29 32 59 34 35 -34 -37 -18 43 -26 -3 -31 -2 -36 -24 -12 -47 -1 -49 50 -23 -52 -14 54 -54 -19 -46 -57 -13 -11 -4 -62
right_child=2 3 6 7 -6 21 19 22 9 31 28 14 15 16 -16 17 37 26 -20 20 24 49 44 -25 25 -27 -28 30 -30 41 -32 -33 33 -35 38 36 -38 -39 -40 -41 -42 -43 -44 -45 56 46 -48 48 -50 -51 51 -53 53 -55 -56 57 -58 -59 -60 -61 61 -63
leaf_value=0.021709319651318646 0.0006218189389901324 -0.00046478280524186528 -0.01345606320632683 -0.015033310665007094 -0.00031929029909845197 -0.0076557509104619552 0.038641116109606494 -0.0014030601001140644 0.0054599347368582268 0.0039669720199648111 0.0069847371893800251 0.00093052184398215469 0.004453929298848156 0.0021750271555472968 -0.016055302236543129 0.0025683816082062855 -0.0093763600142319561 -0.0061463250154304783 -0.012231600664017891 -0.015387076828251276 -0.005333422584729487 -0.012234412577251165 -0.015577667703016138 0.0049011863533142954 -0.0097160124502062781 0.0025914686453473138 -0.0053905395973518648 -0.033287555063612105 0.022602003223918601 -0.0032304395978358675 -0.0025148887464329578 0.0040237447165479175 0.033093074310300827 3.8817850071619593e-05 0.0043410775397309982 0.00073157340234401445 -0.013779649654378116 0.0036717811766475562 -0.016122714513593411 -0.0015156894683240251 -0.033209135067902545 -0.026064250072500281 0.012014874257526672 -0.0086412611117990586 0.0052043233196220201 0.0017007198366008028 -0.013003309446621992 0.0076101143801046659 0.023798353279068402 0.00090688006831531824 0.0057731509343009503 0.019590705303468514 0.0021670060451454138 -0.034204407789101193 -0.021633034214168501 -0.00047405633928567555 0.020798649335313644 0.016874195508521216 -0.037445275177316849 -0.010944875090239906 -0.00013096616586269689 0.0079002295434406986
leaf_weight=423.27817614376545 886.57972367852926 1410.7266853153706 160.38758204877377 1106.9369705617428 3403.2545249015093 260.61269816756248 46.439433127641678 2983.6896067559719 2254.8221401199698 2000.1638844609261 2056.6565295159817 1067.4833696633577 164.13865034282207 3592.0374215245247 816.49903520941734 6138.5709637254477 1914.5658270567656 287.36409030854702 289.17611947655678 789.4737693220377 9479.5073333233595 89.42934413254261 140.86895218491554 245.48329676687717 1333.4476490914822 3403.9822925925255 6333.8264962509274 96.839092299342155 203.23933492600918 712.75863485783339 432.22034841775894 1618.3153732270002 64.799401618540287 2553.4244373589754 467.47994893044233 1602.907567948103 467.56282978504896 530.84207552671432 1031.7604910731316 4346.1232192888856 65.297605790197849 157.92893417924643 1256.6459277048707 2495.6391262412071 3395.6598649024963 2151.1683384180069 401.39789504557848 3626.7113183885813 285.24383210390806 486.22779610753059 633.95961879938841 1221.3460566550493 221.09205394238234 173.55690983310342 303.11588492244482 320.57918862253428 278.03826063126326 590.69172316044569 43.139783747494221 324.7117884978652 1186.110401391983 5078.1836012229323
leaf_count=2093 4536 6739 774 4989 15485 1175 195 13611 10236 9330 9559 4992 838 16538 3691 28824 8709 1374 1303 3865 42305 470 660 1075 5760 15292 29273 416 972 3288 1923 7332 320 11984 2124 7465 2077 2346 4521 19313 347 745 6307 11173 16008 10251 1806 17517 1410 2278 2994 6230 1003 897 1644 1450 1330 2733 210 1494 5424 24455
internal_value=-9.18928e-05 0.00170282 -0.00145981 0.000284206 0.0047769 0.00529846 -0.00183555 -0.000623295 -0.00193654 -0.00107453 0.00667268 -0.000659016 -0.000222767 0.00204332 -0.00714881 -0.00203638 -0.00135685 -0.00140092 0.00510067 -0.00369196 -0.00379554 0.00926437 0.00251252 -0.011414 -0.00330176 -0.00118118 -0.00377487 0.00214796 0.00361821 0.00132957 -0.00819969 -0.00224177 -0.00316312 -0.00451351 -0.00640941 -0.00145382 -0.00255049 -0.00654356 -0.00905716 -0.00344233 -0.00193486 -0.00739728 0.00730444 -0.00659231 0.00557478 0.00277642 -0.000615715 0.0100618 0.00879628 0.0110807 0.0136226 0.0148749 -0.0131333 -0.0172709 -0.01161 0.00671829 0.00638989 0.0107774 -0.000592448 0.00188045 0.00588258 0.00637979
internal_weight=91904.1 39750.8 52153.3 27199.9 12550.9 4167.6 50010.1 23032.3 16234 14881.6 9147.7 30611.1 28684 12751.3 1927.12 15932.7 6037.45 15070.8 6713.86 19399 19352.5 2691.58 6798.26 1352.42 18563.1 9083.55 8061.52 1727.69 4812.46 7009.26 529.059 12626.8 11008.4 8683.57 6130.15 2135.27 2070.47 2445.41 3994.88 5679.57 1476.02 870.688 2143.23 2963.12 3814.57 4609.22 2552.57 4335.23 3911.96 2430.96 1944.74 1855.31 861.903 697.765 524.208 1198.64 3673.7 911.271 1110.62 2324.88 6424.68 6264.29
internal_count=425478 185055 240423 125962 59093 20233 229580 105729 74120 68056 43608 142850 133957 59549 8893 74408 27593 70026 31956 86730 86535 13147 31609 6064 82670 40365 37169 7896 22588 32857 2339 57820 50488 39664 27680 9862 9542 11055 17818 25073 7086 4033 10843 13297 17998 21616 12057 21020 18927 11972 9694 9224 4382 3544 2647 5557 17338 4183 5202 10824 30653 29879
is_linear=0
shrinkage=0.05


Tree=97
num_leaves=63
num_cat=0
split_feature=2 78 4 68 2 4 9 4 132 72 46 151 163 82 2 3 26 60 122 2 78 195 2 2 3 144 93 190 3 4 179 1 47 19 198 42 215 191 95 154 72 238 34 58 230 133 130 201 37 215 102 203 149 2 106 251 54 113 177 66 3 46
split_gain=134.625 138.913 119.57 82.3491 85.0665 177.515 161.785 79.7887 104.221 100.41 73.8395 75.3341 80.3134 71.3822 61.6819 88.6642 59.5022 59.2871 57.3367 57.1837 56.7605 54.6417 62.3488 49.5944 46.8765 47.9306 46.3637 48.4208 46.7968 46.2888 45.5509 44.2551 43.4562 57.8055 51.2599 43.0713 42.8319 44.2042 42.7262 42.4038 41.851 41.671 41.5081 41.0169 39.4715 39.4703 39.4412 39.2455 47.7048 39.0224 49.3662 38.6572 38.4792 37.6682 37.4926 37.1963 37.1638 36.595 36.0886 35.9738 35.8761 35.8519
threshold=2.6471161842346196 0.096771240234375014 0.047015702351927764 0.081878662109375014 1.4418509006500246 0.48442445695400244 -0.028373718261718747 0.60042113065719616 0.049118041992187507 -0.047897338867187493 -0.067840576171874986 0.043197631835937507 0.019264221191406253 0.019065856933593753 1.7065220475196841 0.43294031918048864 -0.090911865234374986 -0.0029096603393554683 0.030525207519531253 0.97507533431053173 0.021171569824218753 -0.034103393554687493 1.7065220475196841 2.2872333526611333 0.90092873573303234 -0.062332153320312493 -0.034439086914062493 0.028114318847656253 0.048964103683829314 0.86808958649635326 0.037002563476562507 -34499999.999999993 0.036239624023437507 0.045181274414062507 0.081268310546875014 0.015537261962890627 0.070953369140625014 -0.017951965332031247 0.038223266601562507 0.044082641601562507 0.051284790039062507 -0.016960144042968747 -0.10513305664062499 0.049972534179687507 -0.071136474609374986 -0.090972900390624986 0.036117553710937507 0.011829376220703127 0.0097465515136718767 0.074676513671875014 0.10110473632812501 -0.051467895507812493 0.10079956054687501 3.049347043037415 0.0031328201293945317 0.10592651367187501 -0.13104248046874997 -0.089569091796874986 0.081695556640625014 0.089630126953125014 0.45843039453029638 -0.037338256835937493
decision_type=2 2 2 2 2 2 2 2 2 2 2 2 2 2 2 2 2 2 2 2 2 2 2 2 2 2 2 2 2 2 2 2 2 2 2 2 2 2 2 2 2 2 2 2 2 2 2 2 2 2 2 2 2 2 2 2 2 2 2 2 2 2
left_child=1 2 -1 4 5 13 19 9 14 21 20 32 -13 54 24 17 41 30 38 57 35 -6 -23 55 25 -9 27 51 -28 -20 45 -5 33 47 40 -11 37 -10 -8 56 -34 53 -30 59 -27 -16 -14 -12 -49 50 -21 -18 -53 -2 -4 -17 -29 -7 -43 -35 -15 -44
right_child=16 -3 3 31 7 6 18 8 36 10 11 12 46 60 15 23 26 -19 29 49 -22 22 -24 -25 -26 44 28 39 42 -31 -32 -33 34 43 -36 -37 -38 -39 -40 -41 -42 58 61 -45 -46 -47 -48 48 -50 -51 -52 52 -54 -55 -56 -57 -58 -59 -60 -61 -62 -63
leaf_value=-0.013187862064786844 -0.0062266985547081181 -0.013129933570282491 -0.0025495278090256596 0.0047214283003857629 -0.0089083753455061893 0.032070340934802877 -0.010650597166024617 0.015362637042315167 0.013805269932161643 0.0065336392792076231 -0.00093661915950547618 0.00052704910520956787 0.0084827546555697828 -0.030723457277365914 0.013107379500255973 -0.0077340400098635772 0.017711364506496678 -0.020038264537857675 0.0017531556785026173 0.0054767307685111106 -0.00069254237280900576 -0.017279793616880462 0.0026027378899295493 0.0037797959584526804 -0.028542943348058365 0.028007695708467846 -0.016740972894298822 -0.013636411615845438 -0.0077658197811967178 -0.013120232381047425 -0.017222296835643879 0.024218533024886871 -0.00051891956465706433 -0.0023411517238769936 0.021681853837152966 0.016889274113278091 -0.010382905042572254 0.0020159258116891092 -0.032205030163944846 -0.0072644334194099137 0.015003296935988031 0.020367498254937527 0.0060772171686810832 -0.017112380145588725 -0.0038318910359512689 -0.0066877613979363162 0.021806636798026413 0.0018089686637058006 0.01802884880165544 0.020666609650558259 0.038458434185802165 0.00012775741256346418 0.024896848395223076 0.015402990118877436 -0.014304272448105041 0.022036108030292045 0.018233253326253321 -0.0075435689233450433 -0.011382227305398084 -0.018618167439683322 -0.01475640837356061 0.00060010222046567147
leaf_weight=1861.3960195332766 472.36898858845234 2323.9400594457984 1411.2748628295958 4434.4098027423024 2987.7901664376259 61.650710254907608 1620.1440580487251 639.81600196659565 1141.8044246658683 2266.5782876387239 5405.4776725172997 2286.0102433785796 1418.145190872252 646.92299019172788 318.7487204298377 2904.0434856191278 407.58915419131517 1651.8869403377175 1916.9737472422421 2749.6228628382087 1353.0907020121813 447.85003334283829 3243.2617696002126 1826.5624435022473 115.22835139930248 104.77637572586536 356.79573902487755 96.935860805213451 1106.036041021347 718.34258732944727 804.46398212760687 310.59519127756357 2108.7156040966511 3642.2712256535888 408.63393999636173 1804.7690484151244 470.74641019105911 2614.7552787959576 267.45651639997959 218.80651376396418 545.8445563390851 1061.287727124989 4321.9146298840642 682.30790074914694 1219.643145672977 1184.7404273822904 914.47084078192711 1365.2946454435587 677.85194326937199 620.41656475514174 117.38275821506977 3076.0371550247073 164.22291874140501 349.254997164011 1306.1657188870013 107.91027143597603 1447.7485408261418 841.51760932058096 97.106538966298103 373.39579004794359 777.90444651991129 9674.6983475983143
leaf_count=8243 2291 10416 6688 20250 13060 270 7370 2726 5248 10161 23540 10205 6483 3643 1482 12491 2096 7101 9186 12219 6154 1972 14715 8565 481 485 1490 525 5775 3305 3441 1677 9174 15771 1881 8544 2168 11837 1291 1096 2465 5790 22286 2992 5239 5167 4354 6066 3259 2974 549 14514 813 1765 6453 481 7773 3973 499 1610 3777 47148
internal_value=-1.44239e-05 -0.00111569 -0.000696897 -0.000338101 -0.000838855 -0.00440942 -0.000434549 0.000152278 -0.00284174 0.00156862 0.00301054 0.00159621 0.00718824 -0.0129605 -0.00543069 -0.00726096 0.00331196 -0.0128083 -0.0070707 0.00640166 0.00817923 -0.00388289 0.000186323 -0.00271927 0.00231309 0.00413681 0.00252577 0.00650854 0.00113133 -0.00230452 -0.00762719 0.00600249 -0.000102232 -0.00144443 0.00521877 0.0111272 0.00381992 0.00560201 -0.0137201 0.0133087 0.00267729 0.0115935 0.00155463 -0.00578702 -0.00129379 -0.00248515 0.0137133 0.00129492 0.0071964 0.00930501 0.00684003 0.00321836 0.0013904 0.00297517 -0.00820275 -0.0066605 0.0162258 -0.00480703 0.0176984 -0.00385892 -0.0220225 0.00229165
internal_weight=91873.8 69023 66699.1 64837.7 60092.7 13055.8 8913.51 47036.9 15105.1 31931.8 25252.9 19828.4 4618.63 4142.27 10877.8 8798.36 22850.8 3959.84 4522.92 4390.59 5424.44 6678.9 3691.11 4838.52 2079.46 1964.24 20870.8 5411.34 15459.4 2635.32 2307.95 4745 15209.8 12146.6 3063.19 4071.35 4227.31 3756.56 1887.6 1763.49 2654.56 1980.02 15102.6 4697.97 1324.42 1503.49 2332.62 7448.62 2043.15 3487.42 2867.01 3647.85 3240.26 821.624 2717.44 3011.95 1544.68 903.168 1158.39 4015.67 1424.83 13996.6
internal_count=425463 311602 301186 292943 271016 61698 41137 209318 66912 142406 112659 87800 21042 20561 47659 38728 113861 17191 21152 19985 24859 29747 16687 21537 8931 8450 103516 26817 76699 12491 10090 21927 66758 53238 13520 18705 19253 17085 8661 9394 11639 10345 75209 20373 5724 6649 10837 32865 9325 15742 12768 17423 15327 4056 13141 12972 8298 4243 6289 17381 7420 69434
is_linear=0
shrinkage=0.05


Tree=98
num_leaves=63
num_cat=0
split_feature=1 5 118 1 4 248 148 4 234 17 21 197 31 117 5 38 46 7 25 232 156 52 164 4 143 214 246 239 88 221 237 21 18 111 121 7 143 178 121 256 157 164 255 125 189 234 232 17 114 195 91 155 38 143 59 190 239 208 134 105 163 21
split_gain=86.116 61.6471 55.0404 50.3167 45.9875 44.5122 49.4464 62.8354 50.3712 43.8926 43.4546 43.2602 42.0451 39.7051 39.6327 38.1248 37.2139 42.694 36.7223 38.0519 35.9631 35.2221 35.1566 33.625 33.3289 44.5789 39.5855 32.981 31.9574 31.0185 30.8963 31.3608 33.3746 30.6841 33.7904 32.1773 30.5159 30.106 31.688 33.6224 29.6333 29.2447 28.7654 28.2611 27.7767 32.9749 27.4625 28.1108 27.4339 27.3087 26.8873 26.8544 26.8492 27.0561 26.3357 30.4615 26.1177 37.9039 26.0159 25.9776 25.9111 25.8893
threshold=-279499999.99999994 0.075000001117587103 -0.10385131835937499 -16499999.999999998 0.97841215133667003 0.085418701171875014 -0.028877258300781247 0.59236320853233349 -0.048324584960937493 -0.068511962890624986 0.019569396972656253 -0.00056314468383789052 0.18463134765625003 0.097015380859375014 0.075000001117587103 -0.049148559570312493 -0.036636352539062493 -0.073822021484374986 0.013698577880859377 0.016899108886718753 0.049209594726562507 -0.036727905273437493 -0.040054321289062493 0.43383960425853735 0.067352294921875014 -0.034103393554687493 0.024101257324218753 0.010448455810546877 -0.063385009765624986 -0.026679992675781247 0.076629638671875014 -0.10275268554687499 -0.092681884765624986 0.074859619140625014 -0.055374145507812493 0.072235107421875014 0.018013000488281253 0.035110473632812507 -0.016975402832031247 -0.0073490142822265616 -0.040145874023437493 -0.068023681640624986 0.0080223083496093767 -0.060775756835937493 0.028907775878906253 -0.14007568359374997 -0.060836791992187493 -0.022987365722656247 -0.017997741699218747 0.036575317382812507 0.053848266601562507 0.074493408203125014 0.073455810546875014 0.027671813964843753 0.045028686523437507 0.023231506347656253 0.017753601074218753 0.064910888671875014 0.047592163085937507 0.048263549804687507 -0.039901733398437493 -0.034255981445312493
decision_type=2 2 2 2 2 2 2 2 2 2 2 2 2 2 2 2 2 2 2 2 2 2 2 2 2 2 2 2 2 2 2 2 2 2 2 2 2 2 2 2 2 2 2 2 2 2 2 2 2 2 2 2 2 2 2 2 2 2 2 2 2 2
left_child=14 4 -3 5 9 6 10 12 21 11 22 43 16 36 15 27 17 -8 19 20 -11 -9 23 29 26 -26 37 -1 -12 -4 31 -24 -33 34 35 -10 -7 58 -39 -40 49 -17 -23 60 45 -20 -43 -48 -22 -13 -25 59 -19 -54 -28 -56 57 -44 -18 -47 -2 -31
right_child=1 2 3 -5 -6 13 7 8 33 18 28 40 -14 -15 -16 41 24 52 44 -21 48 42 30 50 25 -27 54 -29 -30 61 -32 32 -34 -35 -36 -37 -38 38 39 -41 -42 46 56 -45 -46 51 47 -49 -50 -51 -52 -53 53 -55 55 -57 -58 -59 -60 -61 -62 -63
leaf_value=-0.010541144622641024 -0.031582090147476378 0.0089127460592987092 0.01132358847576552 0.0069493846650691277 -0.022916389544562495 -0.011039077752798923 -0.0088538421225037977 0.015868510980254238 0.0024383510102598035 0.0033662961320763832 -0.017908055261014338 -0.0068916404291982682 0.023972908016627981 -0.051814300586880024 -0.004041890452258611 0.0064451365758977103 0.0019694424850774275 0.0071918544204155783 0.026371422974770506 -0.00073705849725515813 0.004636226225947916 -0.0062756772777741339 0.0058123456415846014 0.0012543083987035936 0.01947248790417298 0.00096303483097645516 -0.0064883744956149448 -0.00057143525940523061 0.0051271012257514664 -0.018555687213993435 0.0029429558404589478 0.0050505567356100159 -0.01322309978241764 0.0046882197230624341 -0.0095205382475429465 -0.038822654447588367 0.0046060612171454351 0.018198409422505914 -0.0072482166524775868 0.012184848492231316 0.0057109500502006078 0.0064170059659720132 0.0022174571934155101 0.012754385046414258 -0.0059920332414394439 0.0012198452884721296 0.0013904511348176169 -0.0047580314851396327 0.016091464343639835 0.011790631503861268 0.020819380824433895 0.0139698942401182 0.006500988501722549 -0.044029489150311185 -0.0047788580286996628 0.014207754919878119 0.013874065430111788 -0.042769927100924046 -0.0077954950567939848 -0.0092212186763298218 0.0038768743600935476 0.0013327782132590566
leaf_weight=1489.3180512189865 60.005176350474358 1591.7989395409822 181.30428968369961 2086.9476167485118 168.96177463978529 1343.6111991517246 485.98463732749224 416.43617606163025 1026.8058470338583 5567.8177320063114 165.90152186155319 1012.7862537354231 218.11134854704142 50.884767815470695 14508.300225619227 2070.6571469679475 3036.5107463896275 4902.2256543263793 124.07565548270941 3624.0628383904696 939.47816981375217 987.86554473638535 275.72247852757573 649.99392761290073 494.48544126749039 947.40912068635225 3326.4773781523108 1871.2332292124629 1539.0655630454421 477.11654233932495 495.53801146149635 271.74300041422248 3037.2983849272132 603.97740535438061 3719.4279935620725 48.527927786111832 405.1061267927289 512.82819251716137 438.56598303467035 449.97045282274485 3371.4979372769594 1348.4461343437433 613.38466958701611 2681.5169128105044 2091.6785456687212 2867.9669685438275 4203.7151313647628 3331.3872072398663 1180.1640833765268 241.41731452196836 239.6716199144721 328.07919878512621 53.60765964537859 50.943018399178982 494.85414037108421 367.14383363723755 504.40453837066889 49.684582389891148 878.60984686762094 750.86284543573856 330.43245098739862 248.57054410874844
leaf_count=6527 280 7864 861 10569 746 5996 2249 2034 4723 26593 735 4795 989 227 64766 9477 13913 23590 639 17439 4468 4460 1355 2967 2524 4411 14984 8284 7014 2304 2267 1270 14402 2802 16855 228 1966 2370 1925 2088 15885 6096 2845 13100 9415 13267 19122 15078 5759 1213 1120 1624 250 247 2185 1692 2396 250 4059 3489 1574 1135
internal_value=6.35913e-05 0.00109889 -0.000183337 -0.000584694 0.00300583 -0.0010472 -0.000619505 0.000467493 -0.00318333 0.00318073 -0.00414998 0.00632628 0.00221445 -0.0086977 -0.00220032 -0.000333699 0.00192433 0.00528228 0.00179478 0.00348652 0.00547746 0.002575 -0.00618857 -0.000360268 0.000239101 0.00731979 -0.00083569 -0.0049916 0.00287649 -0.00713093 -0.0087542 -0.0103715 -0.0117214 -0.00592637 -0.00726415 0.000541975 -0.00741418 0.00202821 0.00831438 0.00259566 0.00327053 0.00109559 3.75829e-07 0.010925 -0.00131045 0.00109584 -0.000151921 -0.00132816 0.0110188 -0.00328903 0.0065425 0.00029479 0.0066559 -0.0183042 -0.0044705 0.00331505 0.00531173 -0.00121283 -0.000223382 -0.000948496 -0.00163947 -0.0117508
internal_weight=91852.4 63029.3 37688.5 36096.7 25340.8 34009.8 32210.2 24628.2 7970.51 25171.8 7581.93 7697.66 16657.7 1799.6 28823.1 14314.8 16439.6 5492.76 17474.2 11311.5 7687.46 2571.78 5876.96 1796.66 10946.9 1441.89 9504.96 3360.55 1704.97 906.991 4080.3 3584.76 3309.04 5398.74 4794.76 1075.33 1748.72 5316.49 1401.36 888.536 4625.7 10954.2 2155.34 3071.95 6162.66 4070.98 8883.55 7535.1 2119.64 1254.2 889.666 3946.91 5006.78 104.551 4188.48 861.998 1167.47 663.069 3915.12 3618.83 390.438 725.687
internal_count=425757 296407 176121 168257 120286 157688 149499 114069 36593 119540 35430 36847 77476 8189 129350 64584 76487 26336 82693 54259 36820 11985 27681 8387 50151 6935 43216 14811 7749 4300 19294 17027 15672 24608 21806 4951 7962 24355 6383 4013 21893 49773 9951 14954 28434 19019 40296 34200 10227 6008 4087 18380 24087 497 18861 3877 5491 3095 17972 16756 1854 3439
is_linear=0
shrinkage=0.05


Tree=99
num_leaves=63
num_cat=0
split_feature=2 241 257 234 110 225 5 253 23 58 69 233 215 19 14 117 174 110 42 29 118 8 242 93 213 226 235 139 156 106 231 5 110 54 50 77 102 2 239 213 217 142 211 215 173 66 168 211 77 182 121 2 215 3 211 147 217 233 258 164 52 36
split_gain=122.87 90.2169 74.7179 73.7938 71.1755 69.0518 61.3021 64.0776 62.8853 60.0233 57.3311 63.8032 53.2861 48.2006 47.3556 47.159 46.1127 50.6116 53.5427 55.872 53.9525 45.1261 44.6391 43.5295 42.6955 39.7548 46.7282 41.0296 39.1803 38.794 37.3395 37.2086 36.3751 35.6655 35.0901 35.61 34.1838 33.4402 50.0122 34.4293 33.2823 33.0518 32.9368 32.3798 32.1813 31.8452 31.8233 31.6428 32.5324 31.5492 31.5653 31.4942 30.4802 30.3674 30.332 29.8718 33.7666 33.6031 33.2151 29.7607 34.2071 29.6245
threshold=1.9550755620002749 0.060989379882812507 -0.031539916992187493 -0.097991943359374986 -0.024726867675781247 -0.027595520019531247 1.0000000180025095e-35 -0.025642395019531247 0.028099060058593753 -0.021095275878906247 0.037551879882812507 0.023307800292968753 -0.14154052734374997 0.056747436523437507 -0.010364532470703123 -0.084014892578124986 0.13739013671875003 0.025154113769531253 0.012172698974609377 0.042098999023437507 0.0006339550018310548 0.064971923828125014 -0.0019693374633789058 -0.048019409179687493 -0.11276245117187499 -0.019798278808593747 0.063629150390625014 -0.032211303710937493 0.082305908203125014 0.023185729980468753 -0.060165405273437493 0.17500000447034839 -0.069976806640624986 0.011089324951171877 0.087677001953125014 -0.066680908203124986 0.010807037353515627 1.0692129135131838 -0.056747436523437493 0.057235717773437507 -0.058273315429687493 0.028312683105468753 -0.033767700195312493 0.074676513671875014 -0.024696350097656247 0.10006713867187501 -0.031356811523437493 -0.093353271484374986 -0.097625732421874986 -0.092315673828124986 0.013355255126953127 1.1422427892684939 -0.10360717773437499 0.93205747008323681 -0.11972045898437499 0.088043212890625014 0.11941528320312501 -0.075347900390624986 0.0055446624755859384 -0.076629638671874986 -0.040573120117187493 0.015323638916015627
decision_type=2 2 2 2 2 2 2 2 2 2 2 2 2 2 2 2 2 2 2 2 2 2 2 2 2 2 2 2 2 2 2 2 2 2 2 2 2 2 2 2 2 2 2 2 2 2 2 2 2 2 2 2 2 2 2 2 2 2 2 2 2 2
left_child=1 3 9 37 49 23 28 14 12 15 16 13 -9 32 41 61 17 24 20 22 40 29 -20 -4 -7 34 27 -27 52 43 -16 54 -12 -25 35 -11 -6 44 -39 59 -19 -8 -24 -10 -1 -37 -18 -26 -49 -3 -51 -43 -5 -50 -17 56 -14 -57 -58 -40 -61 -2
right_child=2 4 5 6 36 10 7 8 21 25 11 -13 55 -15 30 31 46 18 19 -21 -22 -23 42 33 47 26 -28 -29 -30 -31 -32 -33 -34 -35 -36 45 -38 38 39 -41 -42 51 -44 -45 -46 -47 -48 48 53 50 -52 -53 -54 -55 -56 57 58 -59 -60 60 -62 -63
leaf_value=0.0076791113196390441 0.0072903154775736979 0.027762322135830322 0.011085114401003827 0.010593718667885747 -0.019498688603579437 0.015038451290777908 -0.0013525922729629423 0.010463924285827228 -0.0023509964111670476 -0.012393026882542518 -0.0013298628175078212 -0.0042448748134319581 -0.0086571146446065891 -0.0040423230796379321 -0.01210561961967219 -0.018466365488178083 -0.0015103882136035902 -0.021685866822446827 -0.00134075312352644 -0.0024898161541414003 0.0027057877194313256 0.0099430092292073519 0.023994381239301865 -0.0012112557063049137 0.0081354361245161017 -0.003199867584457023 0.020236677032879877 0.0064894630836595541 0.012281403514191998 -0.011064694554616238 -0.0017929774575195822 -0.0013542110425052375 0.010695815918048553 0.0061887036082858976 -0.024059135272191421 0.0024119870043222765 -0.0058786004982331764 -0.010325792150362454 0.023828339584589502 -0.0016911016480942163 -0.0050348537606748388 -0.0043534994189519836 0.0087547507624184586 0.016546049305235379 -0.01047975568955916 -0.0092924297079037457 -0.028283742310185069 -0.012743367828791 -0.0031781639811612541 0.0047834002976867469 -0.014613231776621197 0.013216578091976123 -0.00093461600570351111 -0.01532456037117603 0.0076577501841952542 0.016392975610817852 -0.038739502114039384 -0.023760858286628994 0.0083627903670045033 0.022748117890668544 0.004855600944156737 0.019685488004821304
leaf_weight=427.13145273178816 912.98379947990179 96.07568583637476 1792.2512258738279 643.52737829834223 1533.804103307426 302.41771344095469 1325.2909230925143 308.87791004776955 1358.1476557441056 600.53390848636627 776.75536361336708 2160.0826768428087 4981.8589551337063 961.09435521066189 1007.2657312043011 112.59951323270798 183.14370279014111 369.36939542740583 478.9828732162714 1054.6565159857273 2709.3982294946909 702.03612139448524 702.91261573135853 3441.2241626158357 524.86210910975933 1700.0710324570537 429.0607632920146 3054.0578932836652 777.33999424427748 1192.1697900444269 6785.0396976582706 1718.0823173746467 3296.0837361291051 3089.2549416795373 169.36640317738056 3707.5279076397419 659.87831702083349 323.05234765261412 518.24549973011017 454.48262600600719 1587.5818850174546 323.98709367960691 718.00776363164186 271.06549249589443 566.37745376676321 688.1384459733963 281.1756454333663 1068.2833978235722 12623.698758229613 579.57566651701927 327.41688733547926 1190.4317209646106 5191.3531279340386 535.54479803144932 5230.1004745662212 56.003241494297981 172.91300900280476 642.42438357323408 47.289893433451653 366.22105656564236 982.9764928817749 1024.6024646759033
leaf_count=1970 4511 430 8824 2940 6987 1538 5944 1390 6044 2855 3598 9912 22434 4359 4459 551 860 1658 2180 4802 12242 3317 3550 16458 2482 7944 2051 14896 3658 5199 30126 8110 15906 14866 849 18214 2939 1429 2519 1986 7357 1499 3593 1268 2673 3400 1209 4719 57019 2598 1436 5415 23497 2293 25042 249 847 3261 217 1800 4526 4842
internal_value=2.38401e-05 -0.00237178 0.00142034 -0.00153704 -0.0103631 0.000150763 -0.00243859 -0.00379668 -0.00672785 0.00395689 -0.000956171 0.00294205 -0.00975497 0.00602622 -0.00111304 0.00694331 -0.00216816 -0.00184835 0.00147161 0.00673739 -0.00186322 -0.00139186 0.0118581 0.00418486 -0.00352893 0.00135974 0.00445306 0.00302463 0.00174411 -0.00421481 -0.00312741 0.00504585 0.00840256 0.00228972 -0.0017444 -0.000983286 -0.0154062 0.00514618 0.00808313 0.0106477 -0.00818716 0.00441365 0.0163052 0.00080128 -0.00267299 0.000577972 -0.0177493 -0.00391055 -0.00435547 0.000670214 -0.00222701 0.00945733 0.000338438 -0.00367362 0.00710382 -0.010815 -0.00950799 -0.0205223 -0.0286319 0.0136499 0.00972553 0.0138517
internal_weight=91816.2 33812.3 58003.9 30615.5 3196.75 38656.8 26977 20364.8 9732.79 19347.1 30334.1 7194.02 6209.37 5033.93 10632 8998.37 23140 22675.7 7620.91 2954.56 4666.35 3523.42 1899.9 8322.73 15054.8 10348.8 5183.19 4754.13 6612.22 2821.38 7792.31 7060.78 4072.84 6530.48 5165.57 4996.2 2193.68 3638.49 2644.98 2321.93 1956.95 2839.71 1420.92 1629.21 993.509 4395.67 464.319 14752.4 14227.5 1003.07 906.993 1514.42 5834.88 13159.2 5342.7 5900.49 5202.06 698.428 220.203 1867.44 1349.2 1937.59
internal_count=425747 153057 272690 138667 14390 179425 121764 91669 44226 93265 139277 33775 28398 23863 47443 43056 105502 103433 35382 14125 21257 15828 9323 40148 68051 50209 24891 22840 30095 12511 34585 33703 19504 31324 25318 24469 9926 16903 12260 10831 9015 12858 7143 7312 4643 21614 2069 66513 64031 4464 4034 6914 26437 59312 25593 27008 23498 3510 1064 8845 6326 9353
is_linear=0
shrinkage=0.05


Tree=100
num_leaves=63
num_cat=0
split_feature=3 3 129 156 5 46 127 226 7 88 198 186 242 117 150 158 131 115 7 221 72 77 99 193 234 143 159 7 26 7 93 129 240 77 218 213 158 16 34 41 57 118 29 180 118 224 143 81 14 30 33 114 105 116 218 43 129 101 234 251 156 72
split_gain=103.578 128.413 73.9106 74.6724 67.5482 62.583 67.2015 63.0563 54.0149 77.1905 53.0329 51.7787 47.7268 47.7161 45.8292 45.7806 84.4362 45.3424 45.0465 60.73 44.245 42.1143 40.125 39.0458 39.0245 38.6488 37.77 36.3862 36.1717 35.3447 35.3332 34.9936 42.3487 34.8947 34.6762 35.6814 34.6046 37.5034 34.3606 35.6743 38.8317 32.881 32.784 32.5086 32.4548 32.0175 31.9167 31.9103 31.8801 32.5692 31.7076 31.1652 37.608 31.6552 38.0356 34.2961 34.4919 31.0484 30.3762 38.7596 29.8783 29.8369
threshold=0.94494023919105541 0.27426199615001684 -0.0023984909057617183 -0.049209594726562493 1.0000000180025095e-35 -0.015754699707031247 0.020713806152343753 0.11038208007812501 0.068756103515625014 0.083038330078125014 0.057723999023437507 -0.012157440185546873 -0.068084716796874986 0.0020475387573242192 -0.025016784667968747 -0.0094947814941406233 -0.043716430664062493 0.0034017562866210942 -0.063934326171874986 -0.037460327148437493 -0.18096923828124997 0.063140869140625014 0.076751708984375014 -0.069000244140624986 0.017356872558593753 0.075469970703125014 -0.10848999023437499 -0.084869384765624986 -0.031181335449218747 -0.10104370117187499 -0.091583251953124986 0.059707641601562507 0.058547973632812507 -0.062240600585937493 -0.080047607421874986 0.027458190917968753 -0.012264251708984373 0.011180877685546877 0.037002563476562507 -0.013149261474609373 0.10787963867187501 -0.027290344238281247 0.0059833526611328134 -0.17669677734374997 0.024909973144531253 0.045089721679687507 0.010265350341796877 -0.11032104492187499 -0.0013041496276855467 -0.045578002929687493 0.043930053710937507 -0.092926025390624986 -0.064239501953124986 -0.058578491210937493 0.071868896484375014 -0.062179565429687493 -0.084991455078124986 0.093170166015625014 0.0090904235839843767 0.054092407226562507 -0.034530639648437493 -0.041763305664062493
decision_type=2 2 2 2 2 2 2 2 2 2 2 2 2 2 2 2 2 2 2 2 2 2 2 2 2 2 2 2 2 2 2 2 2 2 2 2 2 2 2 2 2 2 2 2 2 2 2 2 2 2 2 2 2 2 2 2 2 2 2 2 2 2
left_child=1 2 12 13 14 6 18 29 9 11 15 -5 17 44 24 20 38 -1 33 23 -7 48 -19 -20 -3 -22 42 50 47 60 -18 -32 -33 -6 -12 36 -36 -38 39 -17 -41 -29 -14 -31 -4 -13 -43 -25 49 -11 -28 52 -21 54 -53 -55 -57 -2 59 -27 -8 -59
right_child=57 4 3 8 5 10 7 -9 -10 21 34 45 26 -15 -16 16 30 22 19 51 25 -23 -24 28 -26 58 27 41 -30 43 31 32 -34 -35 35 -37 37 -39 -40 40 -42 46 -44 -45 -46 -47 -48 -49 -50 -51 -52 53 -54 55 -56 56 -58 61 -60 -61 -62 -63
leaf_value=-0.024546103047274517 -0.010208961781521675 0.0063819191125707711 0.0055401478421102822 0.0024768261327662976 -0.026659633554745755 0.033543758156309257 -0.030974705515742995 -0.032828194810173392 -0.010547296821163553 -0.0030847480649084957 -0.0088152174822524795 -0.0079395670375593981 -0.036063263876850653 0.014618046387669141 0.0023558021106834374 -0.00085899680781017628 0.011321420268223588 -0.010616716844823673 -0.0068574686263623737 -0.021924636072027947 -0.00052359176193630421 0.021710298190967162 0.025146611337802851 -0.013477409002330612 0.017137154869655783 0.0070458545892586825 -0.024442869157071907 -0.0077823473075962143 0.0089411921935325708 0.014642783254167175 -1.9209907504372632e-05 -0.0097706004326851871 0.0029799577297386893 -0.00074173091730082928 -0.0012410464377439051 -0.0041953252381109396 0.00386912001929441 0.014246624223662314 -0.021314761584687175 -0.014060898259371677 0.011350666153171433 -0.0039466658150918302 0.0023686013466924058 0.00013178215747398231 -0.0097905400218852318 0.00046219361119392567 0.0047211037856197263 0.022439910969159878 -0.0030351615847695433 0.020060154988705031 0.0053031817685938471 0.0011036741471827803 0.00077314433567736494 -0.0015541256131235187 -0.024631254535428124 -0.0087158674658179124 0.0087066842860759087 -0.015432926134692038 -0.0051160140282764961 0.032118848242462618 -0.0019053126953861551 0.024017891429439761
leaf_weight=638.84494794160128 2893.4907962083817 3556.963206730783 1315.72700368613 2951.0798297896981 141.98372759670019 104.05345655232668 163.36355978250504 145.80912666767836 1693.7486649379134 232.86159252375364 532.96242636442184 4195.8698165640235 170.88561088964343 1139.696722663939 6121.3965166956186 1126.2431527152658 525.8411460518837 688.78326953575015 251.57734899222851 229.41687022149563 6336.6782582104206 445.23370074480772 87.533761411905289 64.87985435128212 1105.6386334225535 441.27802855521441 368.61703452467918 2429.3923511393368 1667.1178453043103 400.28749462962151 7279.7078001946211 2359.1593699455261 898.81934143602848 1416.410551212728 1133.1935246363282 969.73272008448839 1828.7070360854268 1662.5340018793941 570.93887025862932 1836.6309131234884 162.99488994479179 2710.9084416218102 81.771680295467377 10105.757198043168 466.91054468601942 1553.5806397199631 1744.7150800563395 1100.5887209847569 743.82805415987968 435.41210152208805 117.83232691138983 1328.862496688962 877.19153755158186 1156.3022308349609 159.95952728390694 298.10020173341036 5735.4735570997 74.051495492458344 231.78882791846991 236.52988861501217 191.5493453964591 132.08706849068403
leaf_count=3076 12561 17080 5943 13616 659 503 722 687 7578 1052 2412 18717 1112 5263 28637 5264 2434 3180 1197 1017 29118 2048 399 332 5481 2268 1667 11121 7968 2012 33747 10634 3949 6560 5158 4353 8499 7724 2668 8277 733 12389 368 47608 2058 6872 8120 5728 3340 2031 532 6486 4013 5207 803 1386 27337 322 1054 1277 889 569
internal_value=0.000109996 0.000424108 -0.00268034 -0.00054809 0.00159032 0.000864744 0.00266367 -0.000278858 -0.00226121 -0.000931041 -0.000755641 -0.0029065 -0.00625921 0.00663233 0.00520115 -0.0018963 -0.00350174 -0.0146894 0.00490834 0.00588052 0.00132765 0.00831943 -0.00655705 0.0119976 0.00893543 0.000860476 -0.00469271 -0.00403932 0.0136741 0.000161101 -0.00131538 -0.00194698 -0.00625311 -0.00311867 0.00336024 0.00452158 0.00635 0.00881357 -0.0100428 -0.00797782 -0.0119849 -0.00310418 -0.0236646 0.000686002 0.00152148 -0.00566961 -0.000552278 0.0204306 0.00408493 0.0120027 -0.0172414 0.00395148 -0.003948 0.00495907 -0.00167597 0.00633305 0.00784459 -0.00887289 0.0104925 0.0158298 -0.0153352 0.00983982
internal_weight=91769.3 88669.7 24213.2 15173.9 64456.4 53672.4 25434.6 11006.8 12251.6 10557.9 28237.8 8700.53 9039.28 2922.33 10784 22110.7 14760.3 1415.16 14427.9 12869.5 7350.33 1857.34 776.317 3084.16 4662.6 7246.28 7624.12 7371.47 2832.59 10861 11063.5 10537.7 3257.98 1558.39 6127.13 5594.17 4624.43 3491.24 3696.81 3125.87 1999.63 6885.02 252.657 10506 1782.64 5749.45 4455.62 1165.47 1412.1 668.274 486.449 9785.31 1106.61 8678.7 1488.82 7189.88 6033.57 3099.63 909.597 677.808 354.913 206.139
internal_count=425815 412363 110482 68518 301881 250683 120611 51918 55254 47676 130072 39205 41964 13264 51198 101926 67706 6655 68693 61474 34220 8471 3579 15225 22561 33717 35309 33829 14028 51231 50764 48330 14583 7219 28146 25734 21381 16223 16942 14274 9010 31630 1480 49620 8001 25589 20509 6060 6423 3083 2199 46249 5030 41219 7289 33930 28723 13452 4599 3545 1611 891
is_linear=0
shrinkage=0.05


Tree=101
num_leaves=63
num_cat=0
split_feature=2 4 6 6 6 5 21 141 2 6 3 4 6 3 3 4 2 2 6 4 3 6 95 12 239 6 234 6 2 4 2 241 200 39 156 183 118 2 159 6 78 66 121 85 6 3 2 6 141 6 248 4 254 118 128 194 163 4 88 179 163 3
split_gain=127.919 162.231 209.717 122.425 94.6382 92.9888 88.8823 78.7029 75.0618 137.19 120.719 108.046 103.521 79.1383 90.9364 91.783 348.863 139.656 80.1325 78.4524 73.1962 69.2466 67.9583 64.3974 85.1544 62.5554 62.5548 60.508 58.0132 70.0158 69.0622 61.5643 64.8818 55.9387 54.8688 61.2034 65.4422 54.5003 53.9658 56.6166 53.2151 52.4247 51.5176 53.197 50.2771 50.2661 49.8254 49.5653 49.5123 49.1405 48.2094 47.8248 47.6051 47.0839 46.8389 46.6225 46.1552 45.0167 47.1511 44.8904 44.4646 44.372
threshold=1.4269599914550783 0.50574335455894481 0.6850000023841859 0.9350000023841859 0.24499999731779101 1.0000000180025095e-35 0.075164794921875014 0.13714599609375003 3.0618563890457158 0.85500001907348644 0.61026453971862804 0.7808634638786317 0.88499999046325695 0.79839324951171886 0.47596007585525518 0.40510573983192449 1.9310117363929751 1.6222460865974428 0.72500002384185802 0.58865386247634899 0.66327115893363964 0.82499998807907116 0.052108764648437507 0.053329467773437507 -0.032608032226562493 0.9350000023841859 -0.055770874023437493 0.82499998807907116 2.7263709306716923 0.57776942849159252 2.0479447841644292 0.060012817382812507 -0.034347534179687493 -0.10031127929687499 0.076629638671875014 -0.040176391601562493 -0.078338623046874986 1.2073848843574526 0.056747436523437507 0.88499999046325695 -0.076629638671874986 -0.032272338867187493 -0.036666870117187493 0.016365051269531253 0.78499999642372142 0.68117323517799389 2.9497700929641728 0.62500000000000011 -0.018821716308593747 0.82499998807907116 0.022071838378906253 0.10782293230295183 0.085113525390625014 -0.058273315429687493 0.042526245117187507 -0.092864990234374986 -0.024726867675781247 0.69620147347450267 -0.0075473785400390616 0.072601318359375014 -0.051162719726562493 0.50409045815467846
decision_type=2 2 2 2 2 2 2 2 2 2 2 2 2 2 2 2 2 2 2 2 2 2 2 2 2 2 2 2 2 2 2 2 2 2 2 2 2 2 2 2 2 2 2 2 2 2 2 2 2 2 2 2 2 2 2 2 2 2 2 2 2 2
left_child=1 2 51 6 -2 40 7 22 13 44 55 38 -13 14 15 16 48 21 19 -16 25 -17 34 24 -18 -4 -25 37 29 30 49 32 -31 -30 35 36 -3 -22 39 -12 -6 60 -26 -44 -10 52 -47 -9 -7 -19 -27 -1 -20 -32 -42 -11 -57 -23 -59 -14 -28 -5
right_child=4 3 20 61 5 8 -8 47 9 10 11 12 59 -15 18 17 23 28 45 -21 27 57 -24 26 42 50 41 -29 33 31 53 -33 -34 -35 -36 -37 -38 -39 -40 -41 54 -43 43 -45 -46 46 -48 -49 -50 -51 -52 -53 -54 -55 -56 56 -58 58 -60 -61 -62 -63
leaf_value=-0.016364686076851181 -0.043981306672715312 0.018123694794021789 -0.031196293914786871 -0.015883901759521844 0.01182117602651734 -0.0053334082751867809 0.015296068666482388 -0.020980616141403192 0.0054381155334791847 -0.026285381107590634 -0.010638894152668514 0.019501962369317477 -0.048802945459197632 -0.0048414945695177325 -0.0019409139874442584 0.019579159667570109 -0.0041223716965062811 0.016681165434209212 0.0068985221636662921 -0.029431946721156656 -0.01779394263120512 -0.016628275162129752 -0.02007131705304661 -0.0045341930961065703 -0.0010434225775350127 -0.022911185761097266 -0.02958541421714439 -0.026703927051520478 -0.035793847028221179 -0.016673643610176515 -0.023248310287904403 -0.024009215431659944 -0.0050749855274840154 0.0044181746259951459 0.0095577045996902074 -0.0061349955049085549 -0.0011354459372704578 0.011463991742827521 0.024894256264957459 0.01128477215664918 0.0012953359259607351 0.022178143349293938 0.012849657557508977 0.0011723917546214106 0.020209609539959022 0.0012172326045079781 -0.018342904913640632 0.034030877618684438 -0.018903160469872955 -0.0018608167585471855 0.032122440885506691 0.0016392406480308546 -0.0028592044226526826 -0.0047721095412107282 0.0095471857920486208 -0.011875949127386466 9.1751421840105595e-05 -0.014437692603686922 0.02246453245761075 0.0061126378846868825 0.011538832371209694 -0.058103132415891684
leaf_weight=442.28450401872396 116.99772010743618 605.46277348697186 1455.8610160388052 141.63140419125557 2264.476928755641 1046.2289277538657 917.42030100524426 48.726959429681301 943.97826386243105 243.040432035923 350.2844348102808 119.52641181647778 183.04028701037169 9205.0406647473574 1075.1212919726968 820.27473446726799 2570.1899250149727 615.21246276795864 10226.448489814997 341.15897404402494 284.6293340921402 295.72970288991928 488.4496982395649 389.44697946310043 1602.2914536073804 87.529051572084427 92.087978258728981 376.88580478727818 90.465266823768616 1880.2870641723275 404.78791312128305 814.82072329521179 3361.5713167488575 1588.348993845284 1084.1086561009288 4216.1540598869324 1617.1582841202617 358.50769740343094 581.49879142642021 1824.9223900362849 7137.1371537074447 1307.0784256309271 3255.6983607560396 1392.5776866450906 1480.8170098885894 5824.0852702707052 343.84590303897858 237.42815656214952 1884.5720540806651 850.11546646058559 71.290231384336948 2196.1210645399988 1423.4410460665822 2301.2405640855432 2264.715795904398 1181.3539919629693 2528.5029527321458 133.2451373487711 243.21617706120014 46.386064298450947 222.64535155147314 111.53664329648018
leaf_count=2242 526 2984 7814 631 11154 4470 4451 223 4522 1170 1723 573 884 40649 4796 3773 11503 2785 48362 1488 1412 1255 2391 1866 7146 460 398 1862 429 8167 1833 3486 14855 7704 4836 19303 7293 1610 3253 9491 32677 6107 14927 6307 7406 26739 1769 1131 8231 3601 333 10604 6296 10310 11147 5852 12759 557 1024 242 1029 488
internal_value=-5.56509e-05 -0.00432201 -0.0113497 -0.000407262 0.000762567 0.000831346 0.000536885 -0.00109663 9.44809e-05 0.00420575 0.000680351 0.00805597 -0.0181212 -0.0006068 0.000233452 -0.00162926 0.00123856 -0.00457476 0.0028639 -0.00857915 -0.0213252 0.00983871 -0.00201826 0.00537947 0.00353773 -0.0279479 0.013451 -0.0108246 -0.0063821 -0.00779596 -0.00281018 -0.0112287 -0.00923788 0.00223128 -0.000843588 -0.00259609 0.00411672 -0.00149204 0.0113749 0.00775103 0.00494184 0.01777 0.00668766 0.00935227 0.0144636 0.0037739 0.00012401 0.024623 -0.0140625 0.00593003 0.00183853 -0.00138387 0.00570613 -0.00754348 0.00328384 -0.005115 -0.00372138 -0.00205899 0.00939967 -0.0377216 -0.000549325 -0.0346396
internal_weight=91609.1 14741.2 5273.11 9468.08 76868 76751 9214.91 8297.49 65084.6 9483.35 7058.56 3105.66 348.953 55601.3 46396.2 27162.1 13762.8 13399.3 19234.1 1416.28 2634.7 1492.47 8011.33 10832 8820.76 1614.68 2011.26 1020.02 11906.8 10228 4171.36 6056.68 5241.86 1678.81 7522.88 6438.78 2222.62 643.137 2756.71 2175.21 11666.3 1621.81 6250.57 4648.28 2424.8 17817.8 6167.93 286.155 2930.8 1465.33 158.819 2638.41 11649.9 2706.03 9401.85 3952.9 3709.86 672.191 376.461 229.426 314.733 253.168
internal_count=425309 70068 26337 43731 355241 354715 42612 38161 299737 47875 35947 16166 1699 251862 211213 121763 61984 59779 89450 6284 13491 6609 36807 49283 39883 8607 9400 4884 53170 45037 18529 26508 23022 8133 34416 29580 10277 3022 14467 11214 54978 7534 28380 21234 11928 83166 28508 1354 12701 6386 793 12846 54658 12143 43824 19781 18611 2836 1581 1126 1427 1119
is_linear=0
shrinkage=0.05


Tree=102
num_leaves=63
num_cat=0
split_feature=2 6 4 6 6 141 0 9 75 6 9 2 6 199 11 118 53 2 6 6 141 241 261 4 134 114 6 234 2 155 59 179 6 6 183 84 183 180 237 6 6 123 122 211 7 4 6 53 6 6 95 185 2 112 176 259 190 43 146 185 134 91
split_gain=112.073 110.787 173.953 163.23 101.545 94.3363 84.23 66.9785 84.0462 69.1062 66.5085 62.3054 119.929 62.1246 55.1174 53.6427 48.799 48.3574 60.661 51.7368 47.9468 55.5855 46.7538 46.5509 45.5975 47.567 45.517 49.1886 45.395 45.1461 50.8433 44.5615 44.229 56.6231 41.4886 40.2751 50.0759 40.0438 39.6306 38.7554 60.6018 39.021 42.5221 39.9638 37.6155 37.3507 45.9932 37.344 36.7481 40.0487 36.6148 36.5021 36.518 36.1528 34.6859 34.6486 35.3291 34.5819 34.1395 33.945 37.2234 33.4113
threshold=1.3261731266975405 0.42499999701976782 0.48086188733577734 0.48999999463558203 0.23499999940395358 0.14471435546875003 0.093250002712011351 -0.045761108398437493 -0.039749145507812493 0.53499999642372142 -0.066375732421874986 0.18044797331094745 0.32500000298023229 -0.012706756591796873 -0.066619873046874986 0.037673950195312507 0.020576477050781253 3.0618563890457158 0.85500001907348644 0.60500001907348644 -0.062271118164062493 -0.079620361328124986 0.043655395507812507 0.71601495146751415 0.10543823242187501 -0.14691162109374997 0.34499999880790716 0.034286499023437507 0.88494509458541881 0.031028747558593753 0.039138793945312507 0.024299621582031253 0.6850000023841859 0.46500000357627874 -0.10330200195312499 0.0079994201660156267 -0.013416290283203123 -0.0084877014160156233 -0.043624877929687493 0.89499998092651378 0.88499999046325695 0.055221557617187507 0.079071044921875014 -0.054641723632812493 0.056015014648437507 0.25247788429260259 0.5249999761581422 -0.043685913085937493 0.30500000715255743 0.29000000655651098 0.078826904296875014 0.086822509765625014 3.3534613847732548 -0.032119750976562493 0.038467407226562507 0.052017211914062507 0.053268432617187507 -0.0071239471435546866 0.062652587890625014 -0.043045043945312493 0.069976806640625014 0.030876159667968753
decision_type=2 2 2 2 2 2 2 2 2 2 2 2 2 2 2 2 2 2 2 2 2 2 2 2 2 2 2 2 2 2 2 2 2 2 2 2 2 2 2 2 2 2 2 2 2 2 2 2 2 2 2 2 2 2 2 2 2 2 2 2 2 2
left_child=1 11 32 -4 -2 7 10 15 9 -9 44 12 16 29 54 35 48 19 -19 23 -16 57 -20 -8 25 38 27 -13 -17 30 55 -28 33 -3 -11 36 47 -31 -21 40 41 42 43 -27 -6 46 -35 -5 49 -1 59 -23 -53 -24 -15 56 -12 -22 -26 -10 -61 -36
right_child=4 2 3 5 6 -7 17 8 50 34 13 26 -14 14 20 28 -18 18 22 24 21 51 53 -25 58 39 31 -29 -30 37 -32 -33 -34 45 61 -37 -38 -39 -40 -41 -42 -43 -44 -45 -46 -47 -48 -49 -50 -51 -52 52 -54 -55 -56 -57 -58 -59 -60 60 -62 -63
leaf_value=0.003544125876797167 -0.046644833330642246 -0.049932631452686421 -0.056650558389327421 -0.015450165148984145 0.00038485756523530686 0.037533399756033453 -0.0059607942457271116 0.049533939546967325 -0.025268857377000832 0.03059768977345928 0.0016356833050396903 0.010713852552072009 -0.041058110733092866 0.010688358910718818 0.0085882289534856392 -0.028897934042263887 -0.019035892651680972 0.012462150612400686 0.0036549475835805758 -0.036017455173904075 0.00070282170519048355 -0.00032849688522591878 -0.022220000531606127 -0.032267391482431636 0.0030071384969585268 0.0017697756065496385 0.0099428916720961345 -0.02793000707800988 0.019788058071825224 0.0143773977579391 0.01505068448069222 0.053107738624795869 -0.023379220815024238 0.027292731187379349 -0.01043817070313395 -0.0094826814527448726 -0.0051575077583063331 0.004621063212209009 -0.0078370565291130297 0.0012597074200234541 -0.010635993744008712 0.0028239650009458119 0.0027914249784017162 -0.0052136330957560503 -0.0088091771575205501 0.0091998837104336536 -0.026878347108767676 0.023886247473030406 0.035594624968844794 -0.032851975209664895 -0.043916412634681379 -0.010371118337028841 0.018271808014168781 -0.0016877258239708631 -0.0023258391199653269 -0.0089679155109900419 0.013758429659850059 0.018902206244909601 0.019053228909083463 -0.0044691890833730352 -0.025468194902326203 0.0064471326264816907
leaf_weight=2129.6514582559466 111.32296682149172 69.976981058716774 137.46673806011677 70.745686493813992 8194.7082202881575 148.15847852826118 578.38034699857235 70.898628361523151 416.16008219122887 96.197668470442295 3519.9674247726798 893.72910083085299 179.198660120368 2493.5063397213817 1649.1809942051768 51.195846155285835 267.23395439982414 1491.2015957608819 2977.7775649577379 142.49019294977188 488.92458316683769 8502.6188455894589 337.74635730683804 236.47017262876034 1428.7017244398594 2560.9322406575084 120.79986006766558 89.734734438359737 593.76683697849512 2861.0871435925364 896.36175464093685 118.50257068127394 1697.9610167182982 47.457034915685654 698.07307108491659 772.57993841916323 494.0722668915987 1664.7756111100316 964.62482322752476 12461.00733269006 1952.6383948102593 4278.898965023458 3006.8913401812315 10232.256043836474 1286.2242479398847 306.83649623021483 206.33990934491158 386.58106535673141 84.872770071029663 77.365871332585812 99.865167737007141 1578.8213875517249 118.80920662730932 584.50809928774834 643.80692905932665 616.77127077430487 723.82902981340885 559.16715160012245 430.83097261190414 1016.6453920267522 265.53325804322958 503.42672152817249
leaf_count=9398 505 498 848 321 36994 721 2507 348 1860 496 17108 3959 1037 12186 8239 248 1209 7044 14610 608 2433 39949 1564 1061 6437 11291 614 438 2901 15184 4501 567 9256 294 3266 3423 2183 8321 4176 56242 8542 19273 13293 44337 5777 1612 1282 1787 391 389 455 7501 681 2816 3072 2910 3810 2930 1958 4663 1238 2513
internal_value=0.000180396 -0.00430032 -0.00763393 -0.00301267 0.000862389 -0.00170569 0.000929529 -0.00276247 -0.0075183 0.00181843 0.00272735 0.00255877 -0.00163225 0.00402084 0.00207526 0.0035956 0.00114344 -0.00054442 0.00388859 -0.00116893 0.000629224 -0.000538349 0.000608084 -0.0136252 -0.000897616 -0.00129638 0.011938 0.00716306 0.0158847 0.00705426 0.00411563 0.0314502 -0.0191807 -0.0078568 -0.000824606 -0.00100846 0.00587573 0.0107905 -0.0114932 -0.000968765 -0.00222918 -0.00141115 -0.00255819 -0.00381567 -0.000863242 -0.00252544 -0.0166816 0.0177807 0.00350363 0.00225398 -0.0146214 -0.00166536 -0.00835696 -0.00922294 0.00801783 0.00209636 0.00370611 0.0104211 0.00673306 -0.012874 -0.00883444 -0.00336377
internal_weight=91686.3 12111 8149.94 5821.37 79575.2 5683.9 79463.9 5535.74 3166.8 1368.6 35798.6 3961.09 2738.32 26317.6 16034.8 2368.94 2559.12 43665.4 5391.23 38274.1 12897.5 11248.3 3900.03 814.851 37459.3 35599.7 1222.77 983.464 644.963 10282.8 5756.93 239.302 2328.57 630.61 1297.7 1723.98 951.399 4525.86 1107.12 34492.6 22031.6 20079 15800.1 12793.2 9480.93 560.633 253.797 457.327 2291.89 2207.02 1798.2 10200.2 1697.63 922.254 3137.31 4860.57 4243.8 1048.09 1859.53 1698.34 1282.18 1201.5
internal_count=426075 58215 40213 27271 367860 26423 367355 25702 14839 6623 171596 18002 12424 128825 76991 10863 11387 195759 26034 169725 61733 53494 18990 3568 166157 157762 5578 4397 3149 51834 28329 1181 12942 3686 6275 7714 4291 23505 4784 152978 96736 88194 68921 55628 42771 3188 1576 2108 10178 9787 8216 48131 8182 4380 15258 23828 20918 5363 8395 7761 5901 5779
is_linear=0
shrinkage=0.05


Tree=103
num_leaves=63
num_cat=0
split_feature=1 93 6 6 202 114 144 211 73 234 255 230 49 103 6 122 254 256 174 91 184 65 249 139 28 207 6 6 6 215 88 81 55 217 204 150 123 158 171 73 202 196 213 202 254 123 148 116 37 204 219 40 40 125 252 185 203 182 235 157 6 250
split_gain=70.425 59.159 56.4236 131.155 53.3332 46.3148 49.587 46.5163 42.1531 41.0487 40.8172 40.0748 46.1688 71.8535 68.214 46.7533 47.667 43.6741 42.2037 40.0299 39.4439 38.9163 38.811 37.5436 37.4932 43.9217 34.0609 72.0751 43.8559 34.5085 40.0209 33.7285 33.0918 36.0078 32.574 43.3047 34.6077 33.5578 32.4951 31.7011 31.3279 36.3472 31.2418 30.9038 30.7083 30.6026 30.3171 29.7947 29.6933 36.6712 29.1337 28.9683 28.6035 28.0962 28.0669 27.9891 27.5011 36.8315 27.1676 27.1656 27.1207 32.0024
threshold=-28499999.999999996 -0.070037841796874986 0.89499998092651378 0.85500001907348644 0.034805297851562507 -0.035812377929687493 -0.029487609863281247 -0.10671997070312499 0.0044994354248046884 -0.063507080078124986 -0.025260925292968747 -0.0042400360107421866 0.058975219726562507 0.089752197265625014 0.51499998569488536 0.099884033203125014 0.0038213729858398442 0.081329345703125014 0.070648193359375014 0.029060363769531253 -0.10049438476562499 -0.065216064453124986 -0.086578369140624986 -0.011463165283203123 -0.085540771484374986 -0.079071044921874986 0.72500002384185802 0.7150000035762788 0.76499998569488536 0.095794677734375014 0.044082641601562507 0.061080932617187507 0.028297424316406253 0.065948486328125014 -0.046401977539062493 0.010013580322265627 -0.042129516601562493 0.0077877044677734384 0.032485961914062507 0.054092407226562507 -0.016258239746093747 0.045089721679687507 0.099395751953125014 0.043380737304687507 -0.070159912109374986 0.052413940429687507 0.0016756057739257815 0.067413330078125014 0.089569091796875014 0.019645690917968753 -0.14984130859374997 -0.12664794921874997 0.066375732421875014 -0.015785217285156247 -0.040603637695312493 -0.13250732421874997 -0.046554565429687493 -0.059158325195312493 0.12081909179687501 -0.014415740966796873 0.72500002384185802 0.0029554367065429692
decision_type=2 2 2 2 2 2 2 2 2 2 2 2 2 2 2 2 2 2 2 2 2 2 2 2 2 2 2 2 2 2 2 2 2 2 2 2 2 2 2 2 2 2 2 2 2 2 2 2 2 2 2 2 2 2 2 2 2 2 2 2 2 2
left_child=1 4 3 11 9 32 10 44 47 -1 39 22 13 17 -15 16 20 -13 51 -16 -14 59 -3 -19 43 -26 27 29 -28 30 -24 42 33 48 37 36 -36 -23 -11 -7 41 -30 -12 -2 -8 -34 -22 -6 49 -4 -10 -18 -37 -43 -35 -20 57 -27 -48 -5 -52 -62
right_child=24 2 5 21 8 6 7 -9 50 38 31 12 15 14 19 -17 18 23 55 -21 46 34 26 -25 25 56 28 -29 40 -31 -32 -33 45 54 35 52 -38 -39 -40 -41 -42 53 -44 -45 -46 -47 58 -49 -50 -51 60 -53 -54 -55 -56 -57 -58 -59 -60 -61 61 -63
leaf_value=0.0065106618467035519 0.02057301175885342 0.010328524996044836 -0.0077891793222625893 0.016645106010861291 0.0065878875143897276 0.014777479005405748 -0.039131205059869001 0.00060175101241012868 -0.0068046405644763171 -0.0069414984148819126 0.0057973766126273351 0.0028456393655829689 -0.020187558857087656 -0.038152283046398165 -0.012625019036748919 0.0082654910424428112 -0.028123074521445208 -0.017208717299384439 0.010703887682841438 0.0093513684787467251 -0.0054884218635045286 -0.0044214724179200398 -0.0032014084536056172 0.0025106931714368895 0.02186598438873448 0.021894510052504253 0.011249224298292875 -0.026162582277906812 0.0018347223954541471 -0.020390576428660549 0.0080859632865893805 -0.0046831585675716726 0.00059958288418728847 0.016149935512363944 -0.0074929098239674228 -0.0075569585902408466 0.00035713227365014928 -0.013329473873576731 0.0043681445978467418 0.00053628387204453221 -0.00063706834781813201 0.025308922564065986 -0.016450777316259772 -0.0065183858197237713 0.00057641316239898707 0.014519505378712114 0.0059308624625487114 -0.0056216911539172841 -0.024736056682002048 0.00084867845015450705 0.0024241781479370111 -0.0048880359857823436 -0.023329553962413773 0.0044429758697922045 -0.00087279980638718148 -0.019023173931706137 0.0001445888699639759 0.0039254492906895047 -0.025303988738820199 -0.0031525390409210376 0.01836493787971764 0.0041364703702365252
leaf_weight=1450.5139199197292 611.9941698461771 1309.5387016683817 3255.7327667474747 321.15369173139334 1223.7734834253788 1651.7259973138571 123.24563911184669 7697.3573735766113 213.47463413327932 2201.4899899661541 5035.1123821958899 10271.748214766383 233.24523040652275 194.24712884798646 658.31622133776546 714.03842500597239 138.02434480935335 529.48200056701899 85.203796707093716 301.32433789223433 1119.2364927306771 1785.1148912757635 2350.4167492687702 442.47870296984911 318.39522957801819 371.64560230076313 1381.2105146273971 296.68095774948597 1216.3741255700588 206.9644967764616 1178.1035104393959 1059.7067073583603 2437.667749941349 358.52646949142218 2045.8378562927246 3288.6003307402134 4470.2030041739345 2596.8921784684062 891.70277616009116 511.87532549351454 4880.6443482637405 377.49720834195614 161.9529775083065 126.59450075030327 80.022587530314922 470.18291787058115 1914.6252996101975 843.02384133636951 187.44536805897951 1972.8819848224521 547.74661889672279 3870.85382142663 314.35083599388599 282.05523490160704 741.3768497928977 1020.9742509573698 3326.1831037178636 1217.6073065698147 71.267209872603416 374.36720552667975 1620.6062313094735 523.44920840859413
leaf_count=6813 3523 6196 14952 1458 5636 7957 651 36061 1008 10123 24686 46996 1045 1032 3388 3202 601 2460 381 1507 5128 8140 10822 2118 1762 1992 6629 1348 5674 950 5376 4993 11239 1785 9021 14521 20449 11480 4134 2433 22271 1831 726 686 367 2178 8846 3753 874 9034 2520 17012 1366 1316 3615 4532 16445 6253 313 1661 7915 2428
internal_value=0.000139573 -0.000227121 -0.000692559 -0.00166787 0.0034892 0.00121076 0.00282218 -2.31199e-05 0.007067 -0.000426608 0.00549153 1.44334e-05 -0.00132232 0.000667108 -0.0112096 -0.00401249 -0.00505043 0.00188685 -0.00808319 -0.00572195 -0.000402623 -0.00554717 0.00215297 -0.00823823 0.00538835 0.00389839 0.00127246 -0.00248497 0.0031343 -0.000597935 0.000568446 0.00344341 -0.00158004 -0.00355919 -0.00610137 -0.00454114 -0.00210831 -0.00970242 -0.00368081 0.01141 0.00147399 0.00696378 0.00510104 0.015927 -0.0235728 0.00285457 0.00108957 0.00160742 -0.00523411 -0.00453037 0.010949 -0.00569482 -0.00893918 0.0164059 0.00468559 -0.0167258 0.00273034 0.00813863 0.00479777 0.00599971 0.012359 0.0148948
internal_weight=91474.1 85501.7 75985.9 50241.1 9515.78 25744.8 16321 7900.63 4972.07 4543.71 8420.37 35044.6 21565.1 12397.6 1153.89 9167.47 8453.43 11243.7 5115.06 959.641 3338.37 15196.5 13479.5 971.961 5972.42 5233.83 12169.9 4032.17 8137.78 3735.48 3528.52 6256.77 9423.81 6515.96 14501 10119 6516.04 4382.01 3093.19 2163.6 6756.57 1875.93 5197.07 738.589 203.268 2907.85 3105.13 2066.8 5416.06 5228.61 2905.28 4008.88 3602.95 659.552 1099.9 1106.18 4915.44 1589.25 1985.89 695.521 2691.8 2144.06
internal_count=425612 394951 350621 229070 44330 121551 77874 37079 23260 21070 40795 160974 98561 57501 5927 41060 37858 51574 22526 4895 15332 68096 62413 4578 30661 26452 56217 18496 37721 17148 16198 30405 43677 30260 64977 45357 29470 19620 14257 10390 31092 8821 25412 4209 1018 13417 14287 9389 24860 23986 13871 17613 15887 3147 5400 4913 24690 8245 9159 3119 12863 10343
is_linear=0
shrinkage=0.05


Tree=104
num_leaves=63
num_cat=0
split_feature=4 4 1 141 24 215 121 44 4 34 46 141 107 26 42 84 27 251 118 259 151 211 213 213 14 113 50 103 159 233 246 46 255 66 39 27 253 6 26 39 50 250 118 116 245 8 246 4 202 254 176 159 179 29 255 124 157 237 140 213 121 134
split_gain=87.5912 69.2401 60.5705 56.0045 58.3209 89.2826 60.884 59.442 56.7976 59.7229 50.4527 77.9943 49.2543 47.0646 46.707 52.0475 64.0103 51.7241 48.6874 46.0405 59.3521 52.8595 40.0712 39.2076 39.0365 38.7725 42.3907 39.7194 38.4109 37.8075 36.2885 35.0513 33.9814 33.7415 32.9055 32.5057 32.4412 32.3312 31.5742 30.5159 30.4257 29.9774 29.4739 29.4417 29.2598 29.2491 28.8988 29.3356 30.204 33.8013 28.7253 28.4512 28.0319 27.8068 38.2845 30.5996 30.2313 29.2804 27.5319 27.0248 26.9408 26.9307
threshold=0.013615854084491731 0.95560783147811901 -331499999.99999994 -0.071563720703124986 -0.011074066162109373 0.087677001953125014 0.068389892578125014 0.088348388671875014 0.7851865589618684 0.0085487365722656267 -0.056411743164062493 0.088775634765625014 0.071502685546875014 -0.032577514648437493 0.098480224609375014 1.0000000180025095e-35 0.049118041992187507 0.018959045410156253 -0.10189819335937499 0.016944885253906253 0.022865295410156253 -0.10671997070312499 0.032577514648437507 -0.064117431640624986 -0.016288757324218747 -0.055557250976562493 -0.089141845703124986 -0.0013346672058105467 -0.033737182617187493 -0.091156005859374986 0.10311889648437501 -0.14141845703124997 0.047988891601562507 -0.066009521484374986 0.051040649414062507 0.057418823242187507 0.087860107421875014 0.65500000119209301 -0.0075092315673828116 0.13165283203125003 0.0091743469238281267 -0.054183959960937493 0.15216064453125003 -0.083648681640624986 0.11453247070312501 0.058303833007812507 -0.025245666503906247 0.60806670784950267 -0.031753540039062493 0.038497924804687507 -0.0037622451782226558 0.017860412597656253 0.12518310546875003 0.086761474609375014 -0.11843872070312499 0.060775756835937507 -0.0079612731933593733 0.029472351074218753 -0.018287658691406247 0.011608123779296877 0.0054759979248046884 0.10104370117187501
decision_type=2 2 2 2 2 2 2 2 2 2 2 2 2 2 2 2 2 2 2 2 2 2 2 2 2 2 2 2 2 2 2 2 2 2 2 2 2 2 2 2 2 2 2 2 2 2 2 2 2 2 2 2 2 2 2 2 2 2 2 2 2 2
left_child=-1 2 -2 8 5 14 7 10 9 38 13 22 34 -6 15 16 25 32 -18 20 51 -21 33 -15 35 30 -27 46 -11 -19 -5 -31 -16 52 -8 -10 45 -3 -4 42 -26 -24 53 -23 -33 -25 -28 48 -48 -50 -13 -17 -12 54 57 56 -55 -35 -7 -32 -58 -56
right_child=1 37 3 4 6 58 12 -9 24 28 11 50 -14 23 17 19 18 29 -20 21 -22 43 41 36 40 26 27 -29 -30 31 59 44 -34 39 -36 -37 -38 -39 -40 -41 -42 -43 -44 -45 -46 -47 47 -49 49 -51 -52 -53 -54 55 61 -57 60 -59 -60 -61 -62 -63
leaf_value=-0.024214034858597903 -0.0025064287604224713 -0.028777258420650761 0.0039853063512054355 0.01101469420947576 0.0096607041372874149 -0.027433399117233311 -0.0021384169622252372 -0.0095179029497553871 -0.0084996892652689955 -0.0083885195799303005 -0.0062044325197668868 -0.012197209432928204 -0.027535799341195124 -0.0091554202917428322 -0.013445372061198065 -0.0031726178404185889 0.030887949413941653 -0.012417887321282968 0.0095992555101349249 -0.032957276369350162 0.014194646833867553 -0.016392764734244697 -0.013562794644277652 0.0016427506676974465 0.0081452553287675641 -0.011429444857194647 -0.0039692918352319979 0.0075758259852134746 0.0043178870096169239 -0.0089688048985282539 0.0040186177996019241 0.010013925949731547 0.0062491270813486025 -0.022285945420981126 -0.010357052802262082 -0.040524270505405809 -0.028632489351268393 -0.0075709425241667662 0.013684505537646486 0.021041546829151537 -0.0067586896965759966 -0.0020405138656245342 0.027341694157382936 -0.0012673290843714295 -0.016688662323581668 0.012120856400345461 -0.012046040147651142 0.0081206571373712219 0.0072442450050583659 -0.0038238999621748836 -0.00042101447286146471 0.0065308170726221214 0.024296734382072457 -0.0091259087620255263 0.0029679358895766967 0.013753026422641486 0.011124189004135383 0.013366011155383896 -0.0076672240309231922 -0.032066415684246008 -0.011817232230236965 0.017262521928339099
leaf_weight=371.26262237876654 16117.640685368329 207.4372548982501 1221.3206776604056 2302.8153145313263 2433.545003220439 211.52046330273151 3943.7445645779371 1576.976743131876 283.12780793756247 736.79997162520885 1760.6854725405574 1875.4274173937738 244.87944513559341 772.01920703053474 1202.0809895470738 2242.6628020778298 299.94063287228346 373.96937961876392 2523.0030499175191 157.8510777130723 956.77676471322775 370.59612129256129 748.20319535583258 3508.9721715822816 654.20236729085445 533.81810769438744 2125.4826348498464 3259.9258193559945 3067.5848130658269 367.61130027472973 129.08737531304359 1470.3175902217627 267.14715520292521 247.38192684948444 1761.5169022604823 109.45615537464619 78.344536677002907 1317.1774112582207 2687.4575562924147 213.49794244766235 716.35611534118652 2291.5468825474381 112.89326390624046 2398.9226707778871 109.38684142380953 821.17796535789967 438.62987783551216 1787.7603871002793 1471.989608027041 1296.4708728715777 715.31772850453854 1137.8715942800045 77.721752181649208 1436.3576075285673 9498.8855216354132 237.37000500410795 422.28521274775267 74.236247017979622 1039.6812481060624 85.542177151888609 182.49312650412321 340.39348644018173
leaf_count=1662 72529 952 6016 11557 11871 1063 18474 7163 1298 3439 7884 8363 1076 3768 5670 10206 1598 1813 11973 790 4658 1804 3379 16203 2964 2501 9820 16181 14610 1692 608 7194 1297 1115 8225 484 355 5745 13114 1120 3264 10136 527 11060 533 3861 2027 8200 6927 5847 3325 5306 365 6630 44075 1162 1959 341 4815 416 815 1674
internal_value=-9.89588e-06 8.90573e-05 0.000269037 0.000878409 0.000346712 0.00202732 -0.00101015 -7.73262e-05 0.00446536 0.00631595 0.000457583 -0.000847918 -0.00562253 0.00392666 0.00262583 0.00345594 0.00502833 -0.00252434 0.0118713 -6.24165e-05 0.00320742 -0.00490658 0.000341772 0.00123176 -0.00362938 0.00358933 0.00229868 0.0030057 0.00185546 0.00212253 0.00918166 0.00491987 -0.00986254 0.00142893 -0.00467732 -0.0175087 0.00305243 -0.0104732 0.0106557 0.00234103 0.000356094 -0.00488013 0.0020213 -0.00329649 0.00815551 0.00363218 0.000912579 0.00299036 0.000128893 0.00206152 -0.00894716 9.44771e-05 -0.00490244 0.00178933 0.00290876 -0.00320182 -0.00517932 -0.0140408 -0.011028 -0.0104453 0.00419349 0.00346417
internal_weight=91426.6 91055.3 89530.7 73413 63936.7 28560.9 35375.9 29425.7 9476.31 7713.16 27848.8 20234.7 5950.14 7614.06 27309.7 23519.1 16254.5 3790.51 2822.94 7264.68 4337.31 2927.37 17644 5180.51 1763.14 13431.5 10914.1 10380.3 3804.38 2321.29 2517.44 1947.32 1469.23 14604.2 5705.26 392.584 4408.49 1524.61 3908.78 12765.8 1370.56 3039.75 12552.3 2769.52 1579.7 4330.15 7120.33 4994.85 3207.09 2768.46 2590.75 3380.53 1838.41 12439.4 10160.9 2278.51 2041.14 321.618 1251.2 214.63 604.778 9839.28
internal_count=425499 423837 417140 344611 299422 135556 163866 136091 45189 37179 128928 92870 27775 36058 129678 111479 77655 18199 13571 33824 20170 13654 81182 24187 8010 64084 51503 49002 18049 11232 12581 9419 6967 67667 26699 1782 20419 6697 19130 59418 6228 13515 58298 12864 7727 20064 32821 23001 14801 12774 11688 15512 8249 57771 47205 10566 9404 1456 5878 1024 2774 45749
is_linear=0
shrinkage=0.05


Tree=105
num_leaves=63
num_cat=0
split_feature=5 6 7 0 0 39 113 112 61 132 223 109 85 215 89 27 142 179 118 228 205 197 53 203 87 254 10 239 156 138 176 89 138 212 189 77 251 91 121 65 13 207 197 15 148 16 13 66 7 107 11 109 29 132 126 182 7 156 224 41 85 48
split_gain=75.3003 63.3054 55.945 55.1325 52.7776 46.3216 60.4388 45.0164 41.9069 54.3385 53.0386 48.688 47.2066 43.5813 41.3535 39.1487 38.8781 38.0855 41.3769 37.8591 36.8106 37.1737 36.2317 34.5429 33.7513 33.4999 32.3503 32.003 31.6503 31.4438 34.6568 31.2466 31.0803 31.052 30.8415 30.3273 30.0761 29.8919 29.8312 29.7701 29.2852 28.8116 33.1811 28.7505 27.5775 31.7021 27.0003 26.8773 26.869 26.5775 26.3832 26.2314 26.1339 28.0733 25.4908 26.2782 26.2799 25.3884 25.2947 24.622 24.4522 24.2542
threshold=0.12500000372529033 0.9650000035762788 -0.13055419921874997 0.16475000232458117 0.0032500000670552258 0.025657653808593753 -0.064361572265624986 -0.083404541015624986 0.016517639160156253 0.050094604492187507 -0.069244384765624986 0.040512084960937507 0.057022094726562507 -0.092315673828124986 -0.059097290039062493 0.049118041992187507 0.0012507438659667971 0.081817626953125014 -0.093109130859374986 -0.17523193359374997 0.081451416015625014 -0.11196899414062499 -0.11282348632812499 -0.10623168945312499 0.083465576171875014 0.099212646484375014 -0.088714599609374986 -0.018226623535156247 0.0018677711486816408 -0.037612915039062493 0.016365051269531253 -0.089019775390624986 0.094879150390625014 0.023399353027343753 -0.0012135505676269529 -0.097625732421874986 0.030357360839843753 0.060775756835937507 0.070343017578125014 0.014705657958984377 0.061874389648437507 0.012783050537109377 -0.037704467773437493 0.040847778320312507 0.092254638671875014 0.051559448242187507 -0.071624755859374986 -0.034774780273437493 0.093292236328125014 -0.0071659088134765616 -0.085784912109374986 0.090911865234375014 0.0099143981933593767 -0.12957763671874997 0.028099060058593753 -0.0051021575927734366 -0.063934326171874986 -0.13116455078124997 -0.019325256347656247 0.066925048828125014 -0.089508056640624986 0.11862182617187501
decision_type=2 2 2 2 2 2 2 2 2 2 2 2 2 2 2 2 2 2 2 2 2 2 2 2 2 2 2 2 2 2 2 2 2 2 2 2 2 2 2 2 2 2 2 2 2 2 2 2 2 2 2 2 2 2 2 2 2 2 2 2 2 2
left_child=1 2 59 8 -2 7 -7 51 9 11 34 13 14 33 49 22 27 18 -9 -15 21 -19 -16 28 26 29 58 -8 -24 46 39 -20 52 -4 43 -33 -5 41 -29 40 -31 54 50 -10 60 -46 -13 -18 -23 -12 -43 -6 53 -21 55 56 -25 -44 -14 -1 -37 -54
right_child=4 -3 3 36 5 6 16 17 10 -11 12 25 24 19 15 -17 47 20 31 32 -22 48 23 37 -26 -27 -28 38 -30 30 -32 35 -34 -35 -36 44 -38 -39 -40 -41 -42 42 57 -45 45 -47 -48 -49 -50 -51 -52 -53 61 -55 -56 -57 -58 -59 -60 -61 -62 -63
leaf_value=-0.0096895788056251143 0.01470734183488218 0.0099368780645684822 0.0017448123768031216 -0.0039361981501000332 -0.0077289820556669525 0.0049315697077989933 -0.0097365237189597081 0.0066551445627294958 -0.0067887994079865012 0.0065927203312275227 -0.013950097853728919 0.015064833611761783 -6.5180488404771063e-05 0.017610904821796367 -0.035852167968651129 0.012219213423102275 -0.024861288503826708 -0.014193395401437124 -0.013943544227504726 -0.020083444831229744 -0.015039964429651945 0.0069968741624693576 0.0027494178248669964 -0.014311365228370457 0.0074508244419581376 -0.0062332816705033718 -0.0055280399608597574 0.002650891884751433 0.034573057878368341 0.01248827994160198 0.003636263647069884 -0.016394316809063583 0.014247202721650724 0.013312907933592161 -0.011107460863350675 0.0082594162306928749 0.0014676132269612026 0.0082521578475543336 -0.0088106725233200647 0.022335901957996958 -0.013856389134234232 0.0057633909144897428 0.033592582262674538 0.0071888039163433897 0.0031736756733347707 0.030650350321804517 -0.00039173157116573958 -0.010411977852465431 -0.015050790313413802 -0.00057023889913164873 -0.012245705688593398 -0.033591769813570357 0.00076934404935469593 -0.0032584330035267776 -0.0028306164030806277 -0.00044935535951646241 0.014544474872478142 0.0004072238140674388 -0.031976325495790263 -0.035756174679272917 -0.0025647815497148309 -0.012642459248151303
leaf_weight=434.65525655448437 463.48950266838074 1923.2296482101083 1369.5819714441895 7953.0326542332768 1376.6145690008998 1142.2790769450366 2001.2863481417298 1392.0869380682707 915.15511656552553 7036.1521437242627 536.75407112017274 341.2937059700489 85.518241554498672 278.58271256089211 60.301525093615055 1175.0446247234941 410.07776235789061 238.51772621273994 558.06188880652189 259.55369038879871 245.07991756498814 3539.3011049851775 153.15314761921763 84.539654895663261 399.15048344433308 518.43024068325758 1484.8792168721557 1659.321092735976 158.89518188685179 776.20764598995447 1085.1599889025092 351.95291166752577 327.95951628684998 1005.8147032260895 1599.489836409688 541.9819505661726 3806.8231604993343 1546.6857119016349 861.70332655310631 769.19745863229036 121.20741383731365 250.9539403617382 58.320299133658409 613.77325023710728 885.02338211983442 118.15895134210587 1618.3030245415866 1500.1891380436718 142.88371242582798 1198.2835531122983 1060.0671956539154 104.71271800249815 9223.7744638770819 5139.7784577235579 818.10297825187445 616.31184633821249 1047.4579848945141 2028.9384059160948 225.80118765681982 113.91617792844772 13371.315765004605 348.88067401200533
leaf_count=1948 2337 9675 6288 35582 5973 5526 9268 6747 4275 34214 2578 1732 428 1340 283 5531 1885 1076 2553 1162 1097 16642 744 393 1847 2356 6867 7814 799 3719 5266 1582 1576 4901 7311 2502 17308 7293 4002 3786 576 1171 264 2971 4130 542 7825 6884 697 5595 4755 459 42785 23981 3716 2959 5095 9314 1020 495 60828 1565
internal_value=-1.16848e-05 0.00101303 0.000720216 0.000870399 -0.00202 -0.00227516 -0.00566366 -0.00115244 0.00164634 0.00274443 -0.000412585 0.00157626 0.000995154 0.000339487 0.00235462 0.00370906 -0.00754561 -0.000568323 -0.00160623 -0.000622584 0.00372107 0.00489734 0.00243926 0.00273895 -0.00568692 0.00582124 -0.0086089 -0.00501734 0.0190127 0.00714874 0.0105949 -0.00233327 -0.00095571 0.00664663 -0.00625595 -0.00190803 -0.00218694 0.00206044 -0.00126869 0.0151208 0.00891863 0.000453774 -0.00256585 -0.0011766 -0.00156515 0.00643729 0.00230658 -0.0135252 0.00613748 -0.00471511 -0.00879666 -0.00957861 -0.00128966 -0.0040708 0.00445161 0.00785892 0.0123787 0.0013501 -0.0232387 -0.0151578 -0.00214257 0.000279274
internal_weight=91473.1 60569.1 58645.9 58097.3 30904 30440.5 7574.86 22865.7 46337.5 30219.9 16117.6 23183.7 12989.2 17953.9 10793.8 9058.77 6432.58 21384.4 17218.6 15578.5 4165.78 3920.7 7883.73 7823.43 2195.35 5229.8 1796.2 4522.31 312.048 4711.37 2751.77 15826.5 15299.9 2375.4 3128.42 15268.4 11759.9 7511.38 2521.02 1666.61 897.415 5964.69 3398.28 1528.93 14916.5 1003.18 1959.6 1910.27 3682.18 1735.04 1311.02 1481.33 14972 5399.33 2566.41 1748.31 1132 2087.26 311.319 548.571 13913.3 9572.66
internal_count=425833 283289 273614 271171 142544 140207 35379 104828 218281 143072 75209 108858 60652 83598 50490 42317 29853 98396 78884 72409 19512 18415 36786 36503 10162 25260 8315 21084 1543 22904 13347 72137 71069 11189 14557 69584 52890 34960 11816 8081 4295 27667 15504 7246 68002 4672 9557 8769 17339 8173 5926 6432 69493 25143 12163 8447 5488 9578 1448 2443 63330 44350
is_linear=0
shrinkage=0.05


Tree=106
num_leaves=63
num_cat=0
split_feature=3 3 3 78 132 6 125 262 83 247 88 5 5 3 169 54 190 151 79 20 6 170 240 82 151 60 102 196 58 132 210 190 105 62 195 204 252 136 63 43 137 244 233 93 154 18 116 208 127 118 101 109 59 127 146 166 56 33 62 80 18 254
split_gain=100.242 84.7686 79.3167 89.7985 72.1478 59.1602 59.917 58.1597 69.5581 55.4026 54.6066 54.5871 53.8357 52.4414 49.9512 49.5106 46.7062 54.0881 45.414 44.8339 41.4963 40.9757 64.4511 41.879 40.9387 38.7612 38.4971 43.0187 38.1868 36.9332 36.6066 36.5631 37.8714 36.3885 35.7196 46.9701 36.757 33.8433 33.7428 32.8493 32.3818 34.4833 31.9232 31.84 34.7913 31.7881 34.5638 34.0029 31.6757 31.2509 31.1423 30.9396 30.3531 30.321 32.5998 29.9316 29.7286 29.4227 29.2728 29.0734 29.0518 28.9686
threshold=0.072570700198411955 0.81808942556381237 0.51126310229301464 -0.11178588867187499 -0.12301635742187499 0.94499999284744274 -0.011875152587890623 0.031181335449218753 0.037246704101562507 -0.058425903320312493 0.051895141601562507 0.17500000447034839 0.17500000447034839 0.98232102394104015 -0.038925170898437493 -0.067901611328124986 0.017356872558593753 -0.033645629882812493 -0.0012779235839843748 -0.014842987060546873 0.15500000119209292 -0.0077533721923828116 -0.062271118164062493 0.024452209472656253 0.15277099609375003 0.054367065429687507 0.0031595230102539067 0.062210083007812507 -0.0061740875244140616 -0.057815551757812493 -0.065887451171874986 -0.060012817382812493 -0.054733276367187493 -0.048721313476562493 -0.032424926757812493 0.026481628417968753 -0.028709411621093747 -0.021339416503906247 -0.053726196289062493 -0.072906494140624986 -0.021934509277343747 -0.033004760742187493 0.060043334960937507 -0.057510375976562493 0.098175048828125014 0.042678833007812507 -0.030235290527343747 0.019157409667968753 0.077484130859375014 -0.055679321289062493 0.034713745117187507 -0.096038818359374986 -0.051315307617187493 0.021385192871093753 -0.050094604492187493 0.0039653778076171884 -0.095611572265624986 -0.067474365234374986 -0.11416625976562499 -0.053451538085937493 -0.018760681152343747 -0.10952758789062499
decision_type=2 2 2 2 2 2 2 2 2 2 2 2 2 2 2 2 2 2 2 2 2 2 2 2 2 2 2 2 2 2 2 2 2 2 2 2 2 2 2 2 2 2 2 2 2 2 2 2 2 2 2 2 2 2 2 2 2 2 2 2 2 2
left_child=37 2 3 10 25 6 7 26 48 19 39 21 14 20 -7 34 45 59 -10 -4 -3 22 -11 38 43 -5 27 33 -21 -13 -28 -24 -33 -6 -8 -36 -37 61 55 -2 41 -19 58 -22 56 47 -47 -17 49 -9 -29 -34 -39 54 -31 -23 -45 -12 -25 -18 -55 -1
right_child=1 13 9 4 5 12 15 8 18 11 57 29 -14 -15 -16 16 17 40 -20 28 24 23 31 42 -26 -27 30 50 -30 53 -32 32 51 -35 35 36 -38 52 -40 -41 -42 -43 -44 44 -46 46 -48 -49 -50 -51 -52 -53 -54 60 -56 -57 -58 -59 -60 -61 -62 -63
leaf_value=-0.040627670643315364 -0.0092390634895664712 -0.038932304423397457 0.0028592927895854875 -0.0076542543958777257 -0.021430372164699375 0.01440024817846821 -0.012169745434795038 -0.0055372279775244022 -0.012285112309976332 0.020238702756693844 0.036963474364008611 0.0057396310816536893 -0.0079778991311040565 -0.021197244627114659 0.00034290860420613256 -0.001748314681899117 -0.015368122534002316 0.0088376801039414966 0.00018850549033365042 -0.0013824481161093718 0.003451892612158447 0.0052542882106995595 -0.0087365249010687811 0.01778866509343021 -0.034150087726496546 -0.027560476472134294 0.010929500897020361 0.0066330934252912949 -0.013474296332877226 -0.017159618844230097 -0.0040973917245039661 0.00017922778458821567 0.0410123430757562 -0.0090392302747227243 0.0052469568634249831 -0.027455242347638464 -0.0025355242211289823 -0.014275813571964214 0.0070092200720625834 0.0061840008254244981 0.010423242791644081 -0.0071707890242163055 0.0078830482614733761 0.006422581926965128 0.012702031723547001 -0.019041116821374274 -0.0028468146344383287 0.0071974706681772922 0.017320251132453685 0.0048380043973082487 -0.012269209415607945 0.0084643475340971698 -0.00047505561498043252 -0.00018884046914668088 0.001485771324932108 -0.011263451195822012 -0.0043861092531944567 0.013638689746988201 -0.0046208532843603533 0.0009199377398282333 -0.018619967088250467 -0.0099708740293394747
leaf_weight=78.724383946508169 415.71221110969782 77.386860631406307 3033.8521468341351 1278.4506633430719 729.19973141700029 1615.5361212268472 1095.8085093796253 932.34504941850901 1461.7119224667549 924.24793337285519 163.64188846945763 1467.2468821331859 573.57547729089856 391.32203601300716 1037.6335965245962 2897.4819943159819 312.20683114975691 715.39947997778654 1456.0472253784537 1737.8310544192791 2096.9802975207567 579.42362292855978 384.16852685809135 152.69245349615812 100.08074633777142 301.83782119303942 450.15619162470102 654.9028230458498 1045.1441609486938 265.14504934102297 3987.9536219462752 1584.8705840036273 72.996525384485722 3164.4543029032648 1164.7938789129257 231.89627682417631 406.47025885805488 482.71799793094397 5740.5190191939473 2013.7956392541528 3550.6448115259409 633.20806491374969 782.09922587126493 676.66041260957718 330.9479561522603 399.51550696790218 1860.8450748622417 1675.7790855392814 395.37074606120586 3263.8203213252127 325.30703829228878 5953.7048318088055 2259.7125428058207 345.8610738068819 1966.3309967592359 519.04218140989542 10419.178663820028 773.60939497500658 2819.6229484081268 2186.0457188263535 559.02338552474976 2422.1359667554498
leaf_count=375 1928 326 14358 5696 3209 7856 4965 4358 6715 4862 853 6717 2771 1688 4983 13063 1374 3366 6623 8011 9508 2675 1779 724 450 1316 2108 2914 4683 1254 18114 7796 374 14698 5456 1068 1888 2143 27264 9414 17376 2963 3714 3054 1474 2049 8481 7813 1889 15038 1429 28999 10186 1688 9331 2339 47311 3869 13255 10388 2613 10745
internal_value=-3.47334e-05 0.000373811 0.00106741 -0.000330951 -0.00101141 -0.000566499 -0.00118144 -0.00330102 -2.69773e-05 0.00303525 0.0075005 0.00409163 0.00590219 -0.00317259 0.00890473 0.000899993 0.00211327 0.00486608 -0.00606248 -0.00134455 -0.00265628 0.00524699 0.00774381 0.00314405 -0.00244738 -0.0114714 -0.00594096 -0.00900837 -0.00592674 -0.000805686 -0.0025711 0.00629715 0.00705697 -0.0113647 -0.00505467 -0.000726379 -0.0116168 -0.00674624 0.00547308 0.00354225 0.00791861 0.00132152 -0.00109881 -0.00221026 -0.00324956 -0.00086698 -0.00571629 0.00153054 0.00380886 0.00253196 0.000353783 0.00886531 -0.00290856 -0.00386856 -0.000736377 -0.00255375 -0.00372644 0.0177462 -0.00346405 -0.00112092 -0.0115833 -0.0109518
internal_weight=91394.8 86151.5 72059 42125.2 38758.4 37178.1 33951.4 16821.3 7509.3 29933.8 3366.76 24117 3226.75 14092.6 2653.17 17130.1 14231.1 7397.5 2917.76 5816.83 13701.2 19513.4 8919.99 10593.4 13623.8 1580.29 9311.97 4873.86 2782.98 4603.61 4438.11 7995.74 7611.57 3893.65 2898.97 1803.16 638.367 5243.29 6838.98 2429.51 4899.25 1348.61 3754.41 13523.8 11426.8 6833.62 2260.36 4573.26 4591.54 4196.17 980.21 6026.7 2742.43 3136.36 2231.48 1098.47 11095.8 937.251 2972.32 2498.25 904.884 2500.86
internal_count=425727 402278 338467 196031 179967 172955 157345 77095 34623 142436 16064 115384 15610 63811 12839 80250 66873 35467 13338 27052 62123 93781 43810 49971 61797 7012 42472 22250 12694 21603 20222 38948 37169 17907 13377 8412 2956 23449 32278 11342 23705 6329 17693 61347 51839 31406 10530 20876 21285 19396 4343 29373 12329 14886 10585 5014 50365 4722 13979 11762 4301 11120
is_linear=0
shrinkage=0.05


Tree=107
num_leaves=63
num_cat=0
split_feature=2 6 6 4 6 6 6 203 2 6 1 2 9 160 190 255 118 207 6 260 2 5 259 151 6 6 2 2 6 135 175 176 201 21 27 160 53 242 102 4 109 109 39 30 151 246 53 210 6 6 60 156 17 6 2 158 136 54 1 148 46 148
split_gain=103.293 100.545 186.653 144.663 96.027 84.0577 83.5434 83.2197 79.5742 104.974 72.5848 71.9028 66.8699 91.1856 66.4468 65.5193 52.2528 50.5864 49.3339 54.3928 63.6128 49.2103 48.3241 47.7504 44.8955 44.259 49.1416 43.5471 62.4598 42.4674 42.4112 42.0028 41.2024 40.9577 40.3327 40.1614 40.097 39.7298 42.8399 38.2406 38.0486 37.5664 37.4244 36.1572 36.069 35.6666 35.5391 35.4761 35.4214 54.9412 35.0068 34.5722 34.4435 34.0115 33.6789 33.2969 32.8492 32.2021 40.592 31.6372 31.2865 30.4951
threshold=1.3416095376014712 0.42499999701976782 0.48999999463558203 0.48086188733577734 0.53499999642372142 0.23499999940395358 0.9350000023841859 -0.093048095703124986 0.18044797331094745 0.32500000298023229 -165499999.99999997 0.88494509458541881 -0.053543090820312493 -0.039077758789062493 0.0057010650634765634 -0.038589477539062493 0.036941528320312507 -0.063079833984374986 0.53499999642372142 0.054306030273437507 0.88494509458541881 1.0000000180025095e-35 0.0070819854736328134 -0.11410522460937499 0.34499999880790716 0.82499998807907116 1.7835880517959597 3.0618563890457158 0.82499998807907116 0.073394775390625014 0.036758422851562507 -0.059066772460937493 -0.078521728515624986 -0.074859619140624986 0.030311584472656253 0.11752319335937501 0.022895812988281253 -0.033889770507812493 -0.016914367675781247 0.41570511460304266 0.039779663085937507 -0.038681030273437493 0.015460968017578127 -0.043472290039062493 -0.011890411376953123 0.12750244140625003 0.042922973632812507 0.00052309036254882823 0.60500001907348644 0.30500000715255743 -0.0079994201660156233 -0.058181762695312493 0.065460205078125014 0.7749999761581422 0.6535552740097047 0.027000427246093753 -0.030052185058593747 -0.029624938964843747 -5499999.9999999991 -0.018714904785156247 -0.029319763183593747 0.049789428710937507
decision_type=2 2 2 2 2 2 2 2 2 2 2 2 2 2 2 2 2 2 2 2 2 2 2 2 2 2 2 2 2 2 2 2 2 2 2 2 2 2 2 2 2 2 2 2 2 2 2 2 2 2 2 2 2 2 2 2 2 2 2 2 2 2
left_child=1 8 -3 4 11 -2 12 43 9 36 21 -4 16 51 37 -6 33 60 54 20 -20 46 25 -22 31 29 39 35 53 59 -8 -10 -28 44 -21 48 -1 38 42 -27 -18 -24 47 -7 -5 57 52 -12 49 -23 55 -14 -9 -29 -15 -30 -52 58 -45 -19 -16 -34
right_child=5 2 3 6 15 7 30 10 24 -11 14 -13 13 18 17 -17 40 22 19 34 23 27 41 -25 -26 26 32 28 50 -31 -32 -33 61 -35 -36 -37 -38 -39 -40 -41 -42 -43 -44 45 -46 -47 -48 -49 -50 -51 56 -53 -54 -55 -56 -57 -58 -59 -60 -61 -62 -63
leaf_value=0.0022732037959863347 -0.041760195260987905 -0.050997283332325241 0.062249817695640357 0.02316067114498041 -0.0056034546305383142 0.018890670280477147 -0.04947903187491496 0.006000649935554098 -0.036274236092169808 -0.039450318944910023 -0.0060599166074950701 -0.014877477919517696 0.025365164980163314 0.056476348520707348 0.019166974135700312 -0.024694068384625508 0.0026017290650306789 0.0043972177210054308 -0.027969446486399437 -0.013059124941335168 0.02328495756460186 0.033900959543149832 -0.0077166283396595051 -0.0069323943877656821 0.03197157891096903 -0.022149048246571913 -0.0052785114348447093 0.004663730469801116 0.01120404190073862 0.00044555133652694865 0.0029360573677246547 0.010525923057479717 0.0041632282610498776 -0.0029095765978774434 -0.048641667247585042 0.0081280300321190917 -0.018880727608032923 -0.0031562194220452807 0.0064728786250102411 -0.00022340617284105388 0.028430866238610037 0.0017844866222921165 -0.01946011851711512 -0.0067001175985190843 -0.023962873305311709 0.023406923764620075 -0.0035260848532797599 0.019150413931165722 -0.0022913577767284289 -0.018047210729336089 -0.011330872450084154 0.0029441497906027552 -0.0039204751355913616 0.023376308809018836 -0.0028063540671464139 -0.0029908264697793095 0.00073722636072124194 0.0092750560105340548 0.0380475321349193 0.017285145223411347 0.0056058064298390754 0.012416305782035566
leaf_weight=2299.512425377965 115.39509035646915 236.25522871315479 64.407483384013176 292.50988076627254 636.56079724058509 710.6814194470644 134.63655384629965 5448.3227997347713 49.568230241537094 177.50664370879531 490.82261810451746 55.57965923845768 227.94866238161922 44.817848488688469 840.99765363335609 1533.7283237986267 231.06280075013638 659.81407584995031 346.2197196111083 165.69388648122549 140.2567728087306 54.493429243564606 1265.786344371736 1759.1791494935751 246.52811758592725 302.51495778560638 882.76639284938574 480.9337679669261 1023.7087376564741 808.27853734046221 53.790366671979427 933.7479312941432 4307.6135505139828 1247.3507756218314 154.16603476554155 906.72962713241577 247.177371121943 6724.855121769011 2764.268843203783 576.83194144815207 372.2518625408411 5819.9954832047224 326.24115524441004 783.14063519984484 46.294787377119064 255.28518995642662 1802.6543671414256 193.82812361419201 31009.449273169041 624.05879950523376 912.31001017987728 691.71959827840328 1041.4186604321003 490.75487861782312 50.02504600584507 691.60994035750628 1473.53480450809 1070.9351952150464 53.190598011016846 1717.8601491898298 861.78092122823 1512.1496122032404
leaf_count=10242 532 1574 342 1384 3404 3491 609 25242 250 1047 2235 292 1195 216 4536 8587 1081 3249 1818 739 720 232 5776 7942 1215 1318 3938 2212 5089 3771 239 4162 22447 5540 675 3898 1118 31231 12902 2519 1893 27853 1471 3725 201 1187 8125 940 136970 2767 4210 3280 4732 2386 244 3321 7287 5315 283 8579 4367 7951
internal_value=3.22063e-05 -0.00420279 -0.00727137 -0.00601288 -0.01669 0.000699006 -0.0019064 0.000761642 0.00238183 -0.00238455 0.000445861 0.0266957 -0.000833515 -0.00504264 0.00235638 -0.0190998 0.00604803 0.00407893 -0.00973361 -0.0110457 -0.00828994 -0.000803584 0.00329316 -0.00469003 0.0129331 0.00540318 0.00332444 -0.00157124 0.00273774 0.0103475 -0.0345796 0.00813231 0.00478263 0.00128053 -0.0303073 -0.00224193 0.000213434 -0.000851969 0.00325244 -0.00778291 0.0185593 8.63818e-05 -0.0055515 0.00911312 0.0166701 0.00589267 0.0026832 0.00109478 -0.0025389 -0.0138316 3.60469e-05 0.00852293 0.00440823 0.0141289 0.0255046 0.00548232 -0.00388024 0.00353737 -0.00381213 0.013712 0.0123109 0.00630939
internal_weight=91443.5 12438.5 8484.46 8248.2 2290.28 79005 5957.92 78889.6 3954.04 2724.2 76016.4 119.987 5769.5 3580.03 30056.4 2170.29 2189.47 19556.4 2660.36 2565.52 2245.66 45960 17853.6 1899.44 1229.84 10767.8 7581.88 37667.6 5072.85 3185.95 188.427 983.316 6702.53 1586.16 319.86 32594.7 2546.69 10500 3775.16 879.347 603.315 7085.78 1010.89 2873.23 338.805 2162.55 8292.4 684.651 31688 678.552 4101.16 919.668 6489.74 971.689 94.8429 1715.32 2385.84 1907.27 836.331 2377.67 1702.78 5819.76
internal_count=426096 60009 41975 40401 12625 366087 27776 365555 18034 12407 351554 634 26928 16829 145083 11991 10099 96304 12354 11894 10480 206471 87401 8662 5627 53772 38173 168372 24505 15599 848 4412 34336 7125 1414 143867 11360 48779 17548 3837 2974 33629 4646 14001 1585 10510 38099 3175 139969 2999 19907 4475 29974 4598 460 8410 11497 9323 4008 11828 8903 30398
is_linear=0
shrinkage=0.05


Tree=108
num_leaves=63
num_cat=0
split_feature=2 4 6 2 234 21 203 169 232 201 114 229 4 2 16 21 234 2 4 262 235 6 4 6 2 34 118 5 6 2 78 156 190 34 7 255 125 4 12 78 6 174 6 182 20 258 246 54 54 156 228 127 6 55 246 145 147 80 64 38 126 201
split_gain=104.026 198.349 153.296 85.972 85.5489 98.3482 71.2078 70.1644 69.138 60.7528 61.0474 63.5349 59.6625 68.6836 58.8968 70.5914 64.6203 64.294 83.3048 65.3849 65.9232 61.0884 59.9601 68.7348 78.9296 59.7931 58.5658 55.3277 53.5224 52.2944 52.1844 55.704 52.0963 49.754 47.0527 46.9188 46.8984 45.8647 45.699 45.205 43.9679 43.35 42.988 42.6761 41.1453 40.3929 44.5224 44.7125 42.2454 51.0491 40.5702 40.3203 46.7173 40.3149 39.2918 38.6261 37.7506 36.2078 36.1311 35.8409 40.8493 44.8603
threshold=1.7835880517959597 0.47739908099174505 0.82499998807907116 1.4957965612411501 -0.045516967773437493 0.079803466796875014 -0.093048095703124986 -0.022941589355468747 0.021537780761718753 0.045944213867187507 -0.094390869140624986 0.018486022949218753 0.90880402922630321 1.1422427892684939 0.070465087890625014 0.070892333984375014 0.018119812011718753 2.8446367979049687 0.60806670784950267 -0.024635314941406247 0.060867309570312507 0.73500001430511486 0.60042113065719616 0.87500000000000011 3.6239241361618046 -0.10513305664062499 0.084930419921875014 1.0000000180025095e-35 0.85500001907348644 3.5796049833297734 0.030708312988281253 0.10910034179687501 -0.0037240982055664058 -0.10513305664062499 -0.048721313476562493 -0.073028564453124986 -0.025642395019531247 0.63078761100769054 0.14617919921875003 -0.12579345703124997 0.9650000035762788 0.11300659179687501 0.94499999284744274 -0.013362884521484373 0.0086402893066406267 0.059066772460937507 0.12142944335937501 0.11068725585937501 -0.11984252929687499 -0.0087852478027343733 -0.15985107421874997 0.032913208007812507 0.74500000476837169 -0.024848937988281247 0.033462524414062507 -0.062774658203124986 -0.015331268310546873 -0.00055480003356933583 0.081634521484375014 -0.027244567871093747 0.019737243652343753 -0.019920349121093747
decision_type=2 2 2 2 2 2 2 2 2 2 2 2 2 2 2 2 2 2 2 2 2 2 2 2 2 2 2 2 2 2 2 2 2 2 2 2 2 2 2 2 2 2 2 2 2 2 2 2 2 2 2 2 2 2 2 2 2 2 2 2 2 2
left_child=1 2 8 7 12 30 -2 -4 58 10 11 -8 13 -3 15 17 56 18 19 36 54 26 25 -24 35 -19 -20 -23 -15 45 31 38 -5 -16 39 -25 -12 -18 59 -11 -26 -22 -13 -10 -29 46 47 48 49 -27 -50 -7 -53 -32 -21 -9 -17 -35 -1 60 61 -6
right_child=6 4 3 32 5 51 9 55 43 34 14 42 -14 28 33 16 37 22 21 20 41 27 23 24 40 29 -28 44 -30 -31 53 -33 -34 57 -36 -37 -38 -39 -40 -41 -42 -43 -44 -45 -46 -47 -48 -49 50 -51 -52 52 -54 -55 -56 -57 -58 -59 -60 -61 -62 -63
leaf_value=-0.0017556115459930793 0.0099528585439712727 -0.00096936014839264653 -0.032745220380168416 0.00080377158845349795 0.014614867479070879 0.021413347922035465 0.0001090298216104528 -0.044142920207141785 -0.0060327439631466216 0.031704697299551575 -0.0088876092179783119 -0.011533279787580994 -0.0048164338340974736 0.015031389650601513 0.016974071057042781 -0.016570661978218576 0.0069939807775583201 -0.015086967856917408 -0.026775841564865163 0.0069342069663888232 -0.002183113725451396 0.0056597898952017089 0.017873125269222689 -0.023565329223351812 -0.014316222099646898 -0.04176799720159674 0.028362158117393257 -0.0023981616584978255 0.0024065420119056451 0.022297861123379881 -0.001183291101933565 0.012150319375687835 -0.015249258079355805 6.5875691408510969e-07 0.0063993831758263038 0.0093847905565176814 0.00021057167749207758 -0.014054592294353845 0.035235795847416006 -0.0057750026984839456 -0.072746129462140527 -0.030524016083040201 0.0062546360400505541 -0.023556960965967925 -0.010849915077413889 0.012381585770583339 -0.027718597297553854 -0.019548534403422763 0.024919276294833679 0.00106519741721573 0.0023169412119110242 -0.024368391044685276 0.014105311314618469 -0.021543416912781763 0.00052604292952380461 -0.0038733052121367392 -0.0041214568591990712 0.0098214072986803104 0.012567261248163869 -0.0070093311921562255 -0.0077677735022101974 -0.0025626557766842686
leaf_weight=4125.7827185243368 2226.6866624131799 1737.0507586598396 1021.8269762247801 756.87892799079418 725.25381261110306 571.61593344062567 4033.5743064805865 68.51958055794239 922.51540465652943 84.582663990557194 2067.8194011747837 2774.3452221229672 1243.417423710227 2628.9331962540746 865.52273105829954 1366.8122769370675 1137.7564972490072 492.05669673532248 464.40801323205233 8050.8040215522051 2523.4764554053545 1392.7816450297832 1495.344697393477 115.46262395381927 155.00135353952646 116.06024192273617 52.899991452693939 4134.9553440511227 1233.7754414379597 331.64206474274397 376.72357399016619 597.13279766589403 1519.5003379583359 2458.3817182406783 7200.5907668620348 1501.0518709644675 4491.343951523304 333.94176394492388 73.251114882528782 1343.3126521855593 39.896750740706921 141.56580431759357 386.37747593969107 557.25821837037802 2209.1236164271832 783.82160406559706 138.28639128804207 249.74882175028324 208.44224195927382 171.31285848468542 3820.6723923832178 125.9448818936944 207.48837212473154 685.2612197175622 3403.330556795001 416.93782731890678 1099.1494651809335 1517.1114119365811 491.90310344472528 4196.3724607750773 907.98224610835314 796.88099646568298
leaf_count=19353 11193 8077 5451 3248 3255 2691 18178 393 4321 421 9129 12201 5380 12650 4261 5990 5198 2565 2087 36972 11428 6552 7374 555 803 541 223 18682 5319 1848 1681 2663 6635 10956 36189 7645 20272 1542 327 6323 201 611 1834 3023 9702 3881 628 1172 1199 891 19097 635 1036 3071 15345 2071 4891 7156 2361 19184 3978 3577
internal_value=0.000103409 -0.00257247 -0.0081491 -0.0160536 0.000848885 -0.00228289 0.00116709 -0.0253137 -0.00324226 0.000857162 0.000240206 -0.00405071 0.00508821 0.00728799 0.000892509 0.000297089 -0.00607892 0.000948481 -0.000228901 0.00146619 0.00338245 -0.00447511 0.0044896 0.00994265 0.0033897 0.00163172 -0.0210936 -0.00336137 0.0110006 0.00304757 -0.0039785 -0.00247035 -0.00991374 0.00611729 0.00475529 0.00701815 -0.00265861 0.00221157 -0.00377508 -0.00353422 -0.0265874 -0.00369945 -0.00935753 -0.0126435 -0.00534246 0.00188049 0.00012864 0.000977865 0.00216976 -0.0163185 0.00349214 0.0133646 -0.000456441 -0.0143289 0.00503038 -0.00963619 -0.0110256 0.00374994 -0.000227464 -0.00421157 0.000620555 0.00562617
internal_weight=91367.7 25988.2 9881.12 3783.66 16107.1 9263.91 65379.5 1507.28 6097.46 63152.8 54524.3 7194.3 6843.18 5599.76 47330 42489 3937.66 38551.3 28932.5 20678.3 14119.2 8254.17 9618.8 3306.76 1811.41 6312.04 517.308 7736.86 3862.71 5819.99 8358.86 7296.87 2276.38 4841.02 8628.49 1616.51 6559.16 1471.7 6699.74 1427.9 194.898 2665.04 3160.72 1479.77 6344.08 5488.34 4704.52 4566.24 4316.49 287.373 4029.11 905.049 333.433 1061.98 11454.1 485.457 2465.96 3975.49 4617.69 6626.49 2430.12 1522.13
internal_count=426116 120380 46856 17798 73524 42098 305736 7915 29058 294543 251610 32213 31426 26046 219397 197024 17621 179403 131003 93757 64356 37246 48400 16578 9204 31822 2310 34936 17969 29257 37736 32984 9883 22373 42933 8200 29401 6740 30321 6744 1004 12039 14035 7344 28384 27409 23528 22900 21728 1432 20296 4362 1671 4752 52317 2464 10881 18112 21714 29994 10810 6832
is_linear=0
shrinkage=0.05


Tree=109
num_leaves=63
num_cat=0
split_feature=4 4 1 225 29 19 139 39 163 260 132 193 151 126 243 139 15 48 114 167 81 143 248 52 234 211 21 148 32 159 174 21 16 204 137 107 51 67 89 174 214 86 260 4 222 159 239 208 144 216 82 248 117 159 48 165 188 36 35 61 61 243
split_gain=73.5446 76.7438 53.877 45.9205 52.2009 50.7082 61.076 55.8429 54.0793 47.9295 44.8926 65.2932 51.8992 43.1813 52.807 39.8322 37.7645 37.1562 35.9669 60.2645 41.5137 36.4877 54.4598 43.2647 36.1399 43.4132 41.6708 35.2039 40.9568 34.2424 36.7029 33.8938 33.1636 35.2244 35.1671 31.7195 31.2836 32.0112 34.5912 31.5539 31.2632 30.9177 31.5884 30.8837 29.9967 29.9738 29.7692 29.6163 29.4908 30.1635 29.7624 31.512 29.1973 29.1276 41.0113 29.0724 28.6053 28.1826 28.0276 27.4583 27.3363 27.244
threshold=0.95094677805900585 0.043301574885845191 -34499999.999999993 -0.018196105957031247 -0.052474975585937493 -0.082611083984374986 0.0034151077270507817 0.037216186523437507 0.021995544433593753 0.11776733398437501 0.061386108398437507 -0.094390869140624986 0.067535400390625014 -0.045425415039062493 -0.0076847076416015616 -0.047164916992187493 0.088531494140625014 0.0017771720886230471 -0.092926025390624986 -0.067962646484374986 0.079132080078125014 0.050247192382812507 -0.028892517089843747 0.066131591796875014 -0.068572998046874986 -0.0079765319824218733 0.018196105957031253 -0.028144836425781247 -0.0082740783691406233 -0.027000427246093747 -0.018196105957031247 0.040145874023437507 0.036453247070312507 0.10256958007812501 -0.016868591308593747 0.051834106445312507 0.022972106933593753 0.0064411163330078134 0.059249877929687507 0.076995849609375014 -0.062652587890624986 0.0046672821044921884 0.090850830078125014 0.2856165766716004 0.014598846435546877 0.028923034667968753 -0.052841186523437493 -0.028022766113281247 -0.097930908203124986 0.021659851074218753 0.10531616210937501 -0.12628173828124997 0.026695251464843753 0.017860412597656253 0.037704467773437507 -0.060165405273437493 -0.058151245117187493 0.0010886192321777346 -0.034469604492187493 -0.10134887695312499 0.041397094726562507 -0.073028564453124986
decision_type=2 2 2 2 2 2 2 2 2 2 2 2 2 2 2 2 2 2 2 2 2 2 2 2 2 2 2 2 2 2 2 2 2 2 2 2 2 2 2 2 2 2 2 2 2 2 2 2 2 2 2 2 2 2 2 2 2 2 2 2 2 2
left_child=1 -1 3 4 55 6 43 16 31 10 12 -12 18 14 40 -15 29 -14 19 27 21 32 -23 44 -21 26 56 28 -5 30 -7 -9 33 36 -34 47 37 -20 39 -39 61 -17 -43 -6 -24 -19 -36 -32 49 57 -50 -52 -18 54 -38 -3 -26 -4 -55 -31 -47 -13
right_child=-2 2 48 9 5 7 -8 8 -10 -11 11 13 17 15 -16 41 52 45 20 24 -22 22 23 -25 25 -27 -28 -29 -30 59 35 -33 34 -35 46 -37 53 38 -40 -41 -42 42 -44 -45 -46 60 -48 -49 50 -51 51 -53 -54 58 -56 -57 -58 -59 -60 -61 -62 -63
leaf_value=-0.0089482876571961977 -0.0096639109517352786 -0.015830176325651004 0.025148109311176621 -0.027684493832413327 0.00054830236125724761 0.0023703914270724845 0.0056826372810795363 -0.0097987837423961915 0.0072449396515272052 -0.03762720568450903 -0.015106273450324087 -0.037968314436378513 0.0065633070096713618 -0.0031813986573097893 -0.0078710467771198299 0.0017484910191047885 0.0087933050060473045 -0.0067599909289281571 -0.00052890550594174464 0.0054128035624900032 -0.0074162329356108163 -0.0025825799880836186 0.014810381711343102 -0.017861906810232635 -0.038247231132441023 -0.01129938408174723 0.0078035158645252331 -0.0054951254892120563 -0.00051884026652181787 0.012226918312756524 -0.012041632266405401 0.0055955192688970593 -0.0038102436582460905 -0.015775433505250704 -0.0039793157500861822 0.024836423411812948 0.0011766354733258057 -0.002785626667559599 -0.01373278276483772 -0.013000461982138773 0.0046618068205620403 0.0093234714255270995 -0.029482117135696963 -0.018265823029198405 0.000766011817460654 -0.00028234976010916337 0.0057856617498859052 0.012421751793223648 0.0043640542226499766 -0.0033911190015217087 0.018828952804461438 -0.017772751932581224 0.024917876190355695 0.013096905235020379 -0.0088187750565077282 -0.0020723633070874252 -0.0045400007960469313 0.00051505999837841673 0.0014914206207189485 0.0020150021413192169 0.016252496793725067 -0.00073541812376767433
leaf_weight=2223.1375603079796 1920.3858041465282 458.32050312310457 465.2248674929142 613.88039610534906 308.07545015215874 1188.8018175587058 779.43403348326683 1723.8016499429941 1040.8492607623339 86.469566628336906 535.18033928796649 80.967932976782322 3291.0515161752701 1280.4182575792074 1790.39374120906 2320.371666520834 1353.4564243480563 1310.6986664831638 4372.409273058176 1039.3639559447765 2589.4133427515626 1850.679208599031 1437.3872837498784 137.19238287210464 65.506830677390099 1616.9917741641402 891.92830883711576 600.04048386216164 179.22955545037985 710.61147663742304 140.00946933031082 450.35021936148405 2192.4777098074555 490.75305458903313 976.60173439979553 472.26546703279018 3042.5810829140246 4846.2173165678978 1193.800845772028 894.97687382251024 2552.1616728268564 4413.1474092304707 52.125935018062592 745.57105009257793 516.95112150162458 985.36634017527103 3873.5751287192106 1018.0005243867636 5765.8500945866108 197.84177669882774 72.842554368078709 289.70841557532549 354.04859331995249 677.82271382212639 1547.3704403117299 2344.0844677574933 1185.629312902689 154.67996017634869 2228.2210568264127 8792.5764172449708 333.91463380306959 122.74355586618185
leaf_count=9928 8453 2058 2878 2683 1414 5608 3722 7972 5066 388 2840 384 15539 5882 8500 10870 6507 6022 19628 4753 11674 8789 7223 603 287 7120 3936 2645 799 3344 672 2100 9760 2204 4372 2325 14011 21781 5297 3969 12242 20888 236 3461 2396 4503 17307 4913 29303 1055 382 1387 1663 3145 6915 11425 5260 806 10278 41982 1485 593
internal_value=1.47145e-05 0.000223038 0.000457382 9.10268e-05 0.00204379 0.00297983 -0.00492473 0.00382031 -0.00212291 -0.000642936 -0.000587274 0.00198277 -0.00133848 0.00270905 -0.00118774 0.00490527 0.00518228 0.00302335 -0.00199973 -0.00549489 -0.00134107 -0.000821309 0.00366436 0.00919052 -0.00283601 -0.005117 -0.000449156 -0.0146462 -0.0215539 0.00421594 0.00905447 -0.00660893 -0.00149286 -0.00256477 0.00144373 0.0139241 -0.00221917 -0.00387957 -0.00599173 -0.00437997 0.00315544 0.00643143 0.00886397 -0.0127695 0.0110977 -0.00140722 0.00381903 0.00945616 0.00468122 0.0135946 0.00348982 -0.0103873 0.0121493 0.000285666 -0.00219422 -0.00432723 -0.00633398 0.0190123 0.00420193 0.00277982 0.00391182 -0.0156473
internal_weight=91185.9 89265.6 87042.4 80096.3 21880.3 19077.9 1833.08 17244.8 3215 58216 58129.5 13147.5 44982 12612.3 4546.27 8066.06 14029.8 5921.03 39061 6192.57 32868.4 30279 3942.21 2091.53 4799.42 3760.06 2143.06 1393.15 793.11 12322.3 2819.08 2174.15 26336.8 19294.2 7042.65 1630.28 18803.4 11307.4 6935 5741.19 2755.87 6785.65 4465.27 1053.65 1954.34 2629.98 4850.18 1158.01 6946.15 817.747 6128.4 362.551 1707.51 7496 4589.95 2802.4 1251.14 619.905 2906.04 9503.19 1319.28 203.711
internal_count=425631 417178 407250 371439 104232 90749 8597 82152 15138 267207 266819 62435 204384 59595 21719 37876 67014 27549 176835 27483 149352 137678 19011 10222 21356 16603 9483 6127 3482 58844 13518 10072 118667 87228 31439 7910 85024 50675 31047 25750 13219 31994 21124 4875 9619 12010 21679 5585 35811 4739 31072 1769 8170 34349 20926 13483 5547 3684 13423 45326 5988 977
is_linear=0
shrinkage=0.05


Tree=110
num_leaves=63
num_cat=0
split_feature=4 5 138 39 38 4 234 6 254 142 230 133 151 130 84 46 143 4 157 227 39 183 239 126 113 68 18 134 77 43 209 44 49 126 0 4 247 14 248 6 77 234 220 259 174 252 156 49 73 254 79 156 202 83 6 6 227 222 41 138 248 14
split_gain=66.5959 69.3513 56.5664 57.2821 55.6239 46.6132 54.557 44.5799 44.7008 46.8598 44.2095 44.0828 43.5184 48.9027 47.1639 42.8699 42.6282 41.3969 40.3599 37.9149 37.6677 37.5675 37.7764 36.5707 35.9499 36.5048 34.2946 33.4628 33.3749 34.2582 33.2356 32.8883 30.9684 30.6452 30.6037 30.3817 32.2883 29.7754 29.7311 29.5896 32.8608 33.3155 34.7931 33.1848 32.148 29.4946 30.6848 29.0888 28.8777 28.6167 28.9603 27.7685 32.2038 27.6102 28.0135 42.9387 27.3163 27.247 27.2201 27.2122 26.7567 26.6409
threshold=0.022828357294201854 0.075000001117587103 -0.067718505859374986 0.018745422363281253 -0.053848266601562493 0.57408028841018688 -0.048324584960937493 0.95499998331069957 0.093841552734375014 0.022941589355468753 0.055130004882812507 -0.097259521484374986 0.034072875976562507 0.065704345703125014 -0.0093498229980468733 0.058822631835937507 -0.011631011962890623 0.5622389316558839 0.044937133789062507 0.027549743652343753 -0.057388305664062493 0.0049991607666015634 0.0084190368652343767 -0.054733276367187493 0.10122680664062501 -0.11697387695312499 0.050827026367187507 0.11026000976562501 -0.10507202148437499 -0.053085327148437493 -0.041885375976562493 0.011745452880859377 -0.069915771484374986 -0.053787231445312493 0.014250000007450582 0.91345110535621654 0.059432983398437507 -0.084320068359374986 -0.085479736328124986 0.89499998092651378 -0.014774322509765623 0.039688110351562507 0.087005615234375014 -0.018394470214843747 0.075958251953125014 -0.10421752929687499 0.073455810546875014 0.063140869140625014 0.014316558837890627 0.019996643066406253 -0.075653076171874986 -0.065032958984374986 0.013042449951171877 0.077850341796875014 0.50499999523162853 0.32500000298023229 -0.025245666503906247 0.046768188476562507 -0.012569427490234373 -0.14263916015624997 0.098846435546875014 0.063934326171875014
decision_type=2 2 2 2 2 2 2 2 2 2 2 2 2 2 2 2 2 2 2 2 2 2 2 2 2 2 2 2 2 2 2 2 2 2 2 2 2 2 2 2 2 2 2 2 2 2 2 2 2 2 2 2 2 2 2 2 2 2 2 2 2 2
left_child=-1 4 10 5 21 7 35 8 9 39 18 17 14 19 20 24 28 -5 34 -14 -6 22 -2 -22 25 -13 47 45 -8 -30 -31 57 -32 -17 -3 36 -7 58 -10 40 43 44 56 60 -42 -16 -47 -25 -15 -12 -51 52 -35 54 55 -21 -43 -18 -27 -36 -4 -19
right_child=1 2 3 11 12 6 16 -9 38 -11 49 15 13 48 27 33 31 61 -20 53 23 -23 -24 26 -26 37 -28 -29 29 30 32 -33 -34 51 59 -37 -38 -39 -40 -41 41 42 -44 -45 -46 46 -48 -49 -50 50 -52 -53 -54 -55 -56 -57 -58 -59 -60 -61 -62 -63
leaf_value=-0.014899778769501083 -0.0097654725775262116 0.017984771887082272 0.011466473160057765 0.013452782384746438 0.010537343496075392 0.004880195005304312 -0.031294121147301034 0.010423315009327897 -0.020161693068421901 0.0042156406923577741 0.0016079546027001628 0.012699282397193449 0.00091701674056896194 0.0066547004399396502 -0.021107237678765961 -0.013000741404847608 -0.012263755579366736 0.0014963579957488515 -0.0042850550287758422 0.005600550647167476 -0.0024535570462541362 0.002641151230807659 -0.00087234095323905224 0.0049892296343854716 0.0078348596319824364 -0.042863137144102739 0.01019269595322333 0.012285624632045515 -0.008561198077572987 -0.0066169524410361821 -0.027183279664541007 -0.019418457718274058 0.0061914739738547359 0.024471657126731983 0.02352498328490496 -0.009071436931405592 -0.021692184068909978 -0.0081209896470207567 -0.0040071991253843317 0.0029337088052497021 -0.0012544324921966159 -0.025259485070399414 0.018413510424209127 -0.0041780768991446981 -0.019344335521894768 -0.002416747755249261 0.0046541414132464298 -0.0024874934463616737 0.020180748976343969 -0.033325103171157326 -0.0052970839611594378 -0.00087629243944442863 -0.00075601479931783604 -0.0059395800657160479 0.013288361720276406 -0.036304540175869107 -0.008447250737151326 0.00011173106273451317 -0.0075908154855768217 0.0043899080555154764 -0.028389315838968372 -0.035469793794707924
leaf_weight=734.77161063626409 2078.9258291646838 498.61105558276176 784.15315230935812 581.60900719463825 1736.9075433313847 2815.7715748250484 99.440148912370205 1146.2766202166677 345.1689081788063 6836.7853059470654 2324.0874539315701 204.6106856353581 4132.4478859677911 759.00064089894295 186.16959676891565 400.90614964812994 1091.0107593983412 127.54939457029104 1098.8447224199772 603.12629051506519 2673.282642185688 2755.7209031358361 2804.4344873130322 3792.1466915383935 369.5321949198842 118.96001360565424 1884.6775336191058 463.18635606020689 1384.5972145944834 940.23939058929682 71.324180983006954 790.50730745494366 1797.1320508345962 261.45563662052155 191.58988323807716 542.0710276812315 118.17899437993765 7524.0994809530675 1611.7811937853694 2637.7747938968241 2276.1176090613008 456.13786891847849 76.881156630814075 1004.0045910254121 274.32613322883844 8073.1543582901359 1893.3168547153473 1979.1774173006415 824.1953411847353 96.733577288687229 1634.86211476475 1879.4862022995949 244.092169996351 298.28733606636524 1857.9144705235958 67.013475984334946 515.71983444690704 750.37361376732588 101.48707552999258 5325.0570383220911 43.558227211236954 77.805379405617714
leaf_count=3299 9366 2830 3596 2903 8104 12999 434 5754 1550 31893 11029 907 19699 3721 857 1928 5035 618 4966 2666 12897 12775 12791 18405 1665 636 9141 2229 6210 4232 318 3610 8270 1205 981 2358 548 34805 7114 12393 10265 2066 352 4568 1244 37106 8882 8941 4199 454 7415 8701 1167 1424 9209 391 2287 3420 473 25454 201 366
internal_value=8.19157e-05 0.00020394 -0.000999871 -0.0018725 0.00179827 -0.00065286 -0.00331774 0.000886301 0.000237412 0.00117034 0.0021485 -0.00478597 0.00273389 0.00577545 0.00158824 -0.00559648 -0.00588318 0.00664353 0.00452335 0.0039698 0.0037267 -0.00202587 -0.00465952 0.00258055 -0.00739413 -0.00810298 0.00433843 -0.000842492 -0.00281029 -0.00212752 0.001046 -0.0108922 0.00490361 -0.000228029 0.00613288 0.00179312 0.00380284 -0.00865414 -0.00686539 -0.00141022 -0.0035202 -0.00629422 -0.0137919 0.001931 -0.003207 -0.00144258 -0.00107317 0.00242523 0.0137045 -0.00201732 -0.00688117 0.00192352 0.0123136 0.00843143 0.0101288 0.00136222 -0.0163559 -0.00722336 -0.0267324 0.0050586 0.00933734 -0.0126135
internal_weight=91068.6 90333.8 51470.7 40300.9 38863.1 28409.3 10400.6 18008.7 16862.4 14905.5 11169.8 11891.6 31224 8541.99 22682 11104.6 6924.62 786.964 7114.1 6958.79 12066.2 7639.08 4883.36 10329.3 8318.69 7949.16 7656 10615.8 4292.73 4193.29 2808.7 2631.89 1868.46 2785.94 6015.26 3476.02 2933.95 7744.55 1956.95 8068.67 5430.9 3599.18 1048.74 1831.72 2550.44 10152.6 9966.47 5771.32 1583.2 4055.68 1731.6 2385.03 505.548 2826.34 2528.05 670.14 971.858 1841.38 220.447 5516.65 827.711 205.355
internal_count=425322 422023 239220 186091 182803 130717 47434 83283 77529 68865 53129 55374 147871 41309 106562 51487 31529 3887 34231 33389 57488 34932 22157 49384 38486 36821 36487 49074 19464 19030 12820 12065 8588 13001 29265 15905 13547 35914 8664 36972 24579 16214 4705 8365 11509 46845 45988 27346 7920 18898 7869 11073 2372 13690 12266 3057 4353 8455 1109 26435 3797 984
is_linear=0
shrinkage=0.05


Tree=111
num_leaves=63
num_cat=0
split_feature=1 1 132 193 207 81 211 185 11 66 36 200 157 92 52 108 81 77 205 24 24 190 185 142 110 256 30 215 168 147 144 16 242 262 214 211 230 210 130 216 12 262 121 214 126 126 247 175 194 16 80 213 119 105 60 174 94 122 126 230 60 69
split_gain=59.5571 44.4781 51.7553 57.9156 43.8757 48.3064 43.8671 52.4784 45.3342 42.7901 46.3181 43.0287 42.557 39.507 38.3984 37.6987 36.9965 35.7269 34.9351 39.7264 44.7362 47.1203 38.4693 35.1569 34.7705 32.5789 31.8834 31.7913 34.6939 39.1936 31.6359 33.5866 31.6002 42.0002 31.4583 31.4342 31.013 38.5525 29.8504 29.1795 43.7132 30.107 30.5017 29.0122 28.7059 28.3466 27.8522 27.5134 29.4386 27.2446 29.4169 29.5837 26.9648 26.6673 25.8243 25.8 25.7949 25.6123 25.4909 27.238 35.6387 25.4111
threshold=-13499999.999999998 -331499999.99999994 0.11270141601562501 -0.087249755859374986 -0.098541259765624986 -0.14984130859374997 -0.071502685546874986 0.016197204589843753 -0.085784912109374986 0.093353271484375014 -0.077301025390624986 -0.041030883789062493 -0.010822296142578123 0.099517822265625014 -0.040573120117187493 -0.071197509765624986 0.045639038085937507 -0.084259033203124986 0.070831298828125014 -0.0043697357177734366 0.11209106445312501 -0.0010457038879394529 0.023139953613281253 0.024925231933593753 -0.024726867675781247 -0.14447021484374997 -0.10379028320312499 0.059280395507812507 -0.024604797363281247 0.0067844390869140634 0.060440063476562507 -0.048385620117187493 0.044967651367187507 -0.0012106895446777342 0.048568725585937507 0.0032892227172851567 0.058059692382812507 -0.0019979476928710933 -0.027137756347656247 -0.029426574707031247 -0.078399658203124986 0.017265319824218753 0.065460205078125014 -0.057388305664062493 -0.022758483886718747 0.054489135742187507 0.074920654296875014 -0.011531829833984373 0.061111450195312507 -0.061965942382812493 -0.054397583007812493 -0.068084716796874986 -0.10629272460937499 0.0032482147216796879 0.018302917480468753 -0.0082893371582031233 -0.034683227539062493 0.086029052734375014 -0.13360595703124997 -0.012538909912109373 0.029212951660156253 0.057785034179687507
decision_type=2 2 2 2 2 2 2 2 2 2 2 2 2 2 2 2 2 2 2 2 2 2 2 2 2 2 2 2 2 2 2 2 2 2 2 2 2 2 2 2 2 2 2 2 2 2 2 2 2 2 2 2 2 2 2 2 2 2 2 2 2 2
left_child=1 -1 4 -4 55 -6 7 49 13 10 36 46 -13 -8 15 -9 17 26 19 32 23 -22 45 -21 -18 -25 -12 39 -29 -30 31 -5 33 -19 38 -2 37 -10 -15 40 -26 -42 -43 -34 -38 -20 -11 -14 61 -7 53 -52 -16 -51 -41 -3 -32 -35 -28 -60 -61 -49
right_child=35 2 3 30 5 6 8 14 9 11 16 12 47 34 52 -17 24 18 22 20 21 -23 -24 25 27 -27 58 28 29 -31 56 -33 43 57 -36 -37 44 -39 -40 54 41 42 -44 -45 -46 -47 -48 48 -50 50 51 -53 -54 -55 -56 -57 -58 -59 59 60 -62 -63
leaf_value=-0.0025323422489910256 0.010855376632587736 0.0011275976713418609 -0.020802540624766264 -0.0016035187510040246 -0.014899813035723235 -0.0016714656647853435 0.0057554441533542756 -0.044847599219347632 0.0031807275878875372 -0.013926985564043296 0.028514854899153078 -0.0068458419303930457 -0.0055213929575878709 -0.058001666221084269 -0.018243873821851872 -0.0072167848126291822 0.0026272453092376288 -0.0028769345053988558 -0.0023700772341737836 -0.0025097133634312944 -0.0023489162183854724 0.016091759999608723 0.0026458174629763703 0.029595954331326748 0.0098429511819359133 0.0018660767631013553 -0.035299722688137386 0.0020388282910396047 -0.036521129340582104 -0.0048255948691725064 -0.029553452812543724 0.0097688135389633821 0.015996864218623726 0.0026896429531297183 0.0098113821991633113 -0.00054860135301389786 -0.020736415368725818 -0.008091426161506883 -0.0098547117451703581 0.0052503574410880686 -0.015544472933967308 0.0016795450528320794 -0.029995214080700924 0.0054487553066778381 -0.0051230724107895345 -0.011389519173412573 0.016610253589989476 0.016419769475771444 -0.012778480830246589 -0.0080360760424301025 -0.0007117776590389672 0.012030267191531149 0.0015215762579514226 0.0097277585730166042 -0.0059143335115412693 0.012767297442945628 0.0029497531383936922 0.010926981216789009 0.0021145834586726621 -0.0033013330557618149 -0.019094250148095487 -0.0063372326341249469
leaf_weight=16520.879158113152 1900.0921299159527 877.76245845109224 200.50107950717211 800.13782857358456 555.2861542776227 884.40182944387197 3738.1582423448563 95.582682706415653 1423.0107677206397 1444.483447059989 67.269348040223122 2125.1204273253679 484.44074717909098 57.640219189226627 187.53644940257072 215.68548652157187 1726.9079453870654 2696.1341462805867 2562.9695265218616 9299.7182439006865 580.37290584295988 857.49503734707832 2369.8761786296964 106.79697141051292 292.17857689410448 6107.9110433086753 71.722489841282368 176.60233122110367 254.77212631702423 158.2065452337265 104.04330692067742 3435.816584803164 820.68084913492203 3470.4894738644361 70.664094522595406 885.69709365814924 548.08910357952118 1622.4581785127521 72.493853367865086 1124.832667671144 1232.8694482445717 588.76732441782951 86.255647212266922 3165.9030238501728 636.55916068702936 1319.2356764003634 77.917983785271645 701.59617640823126 132.97506806999445 485.3498520553112 540.28824060410261 2898.9299411252141 2034.5080585516989 372.54553288966417 958.2195640206337 1039.8658849895 145.33176391199231 1295.6082556247711 820.39712536334991 961.41043462604284 567.92915345728397 148.05494483560324
leaf_count=74461 10155 4207 1088 3964 2520 4300 17730 456 6731 6580 309 10162 2272 298 901 1051 7850 12507 11792 42856 2634 4047 10866 482 1333 28496 333 818 1196 736 633 16549 4294 15977 352 4623 2560 7619 372 5247 5500 2702 393 15313 2874 5904 346 3208 636 2151 2692 13816 9805 1685 4401 5112 862 5972 3753 4376 2511 687
internal_value=3.385e-05 -0.000192979 0.000344587 0.00542467 -9.65182e-06 -0.00022863 -0.000102564 0.00343572 -0.000581304 -0.000965348 -0.000501781 -0.00531237 -0.00232538 0.00459349 -0.00246131 -0.0188789 -1.85788e-05 0.000594403 0.00101003 0.00175489 0.000218071 0.00865201 -0.00237335 -0.000564089 -0.00346794 0.00234729 -0.00519092 -0.0056282 -0.0165045 -0.02442 0.00660144 0.0076208 0.00403025 0.00210976 -0.0169594 0.00723077 -0.00549715 -0.00282514 -0.0314601 -0.00412755 -0.00814186 -0.0108998 -0.0024063 0.00762366 -0.0123581 -0.00543717 -0.0123542 0.00422294 0.00902769 0.00631878 0.00796328 0.0100289 -0.000154048 -0.000319694 0.000114143 0.00744278 -0.010675 0.00493069 -0.00613867 -0.00523393 -0.00917477 0.0124515
internal_weight=91205.4 88419.6 71898.8 4685.83 67212.9 65295.3 64740 7714.83 57025.2 53086.2 47971.6 5114.59 3592.19 3938.96 2533.31 311.268 43741.5 37141.9 34653.2 28401.1 16952.3 1437.87 6252.08 15514.4 6599.61 6214.71 2488.73 4872.7 589.581 412.979 4485.33 4235.95 11448.8 7462.23 200.798 2785.79 4230.12 3045.47 130.134 4283.12 2200.07 1907.89 675.023 3986.58 1184.65 3882.21 1522.4 1467.07 982.626 5181.52 4297.11 3439.22 2222.04 857.895 2083.05 1917.63 249.375 4766.1 2421.46 2349.74 1529.34 849.651
internal_count=426056 411278 336817 23096 313721 304402 301882 36857 265025 246273 222382 23891 16965 18752 12213 1507 202598 172422 161140 132578 78515 6681 28562 71834 30176 28978 11282 22326 2750 1932 22008 20513 54063 34456 1022 14778 19784 14350 670 19576 9928 8595 3095 19607 5434 17696 6926 6803 4531 24644 20344 16508 10706 3836 9648 9319 1495 21949 10973 10640 6887 3895
is_linear=0
shrinkage=0.05


Tree=112
num_leaves=63
num_cat=0
split_feature=3 3 3 3 44 88 6 9 143 5 255 125 6 228 174 260 36 34 223 211 223 48 45 226 45 91 113 6 91 88 32 75 205 182 232 148 227 143 52 101 246 64 6 54 131 36 236 262 6 110 148 170 81 183 45 5 237 110 253 256 157 245
split_gain=96.9352 75.2563 57.8212 88.6555 64.7527 64.5049 63.3063 63.646 63.3053 70.9984 49.263 48.7371 46.73 59.4864 44.1369 43.9651 43.5879 48.7758 43.0922 41.9577 41.705 41.5972 39.2509 38.1716 51.1126 46.0438 44.231 42.3695 45.3522 37.5874 37.4976 37.3157 36.8502 36.5724 35.7652 34.5466 34.3659 37.6085 35.0576 34.1487 33.3124 32.184 32.1533 36.9626 32.1463 32.1105 32.0517 31.9648 39.4242 31.9402 31.9162 31.5312 31.4001 31.0542 30.6751 29.0576 28.8838 28.7554 29.005 28.6065 28.1882 28.5177
threshold=0.044915270060300834 0.94494023919105541 0.47596007585525518 0.68117323517799389 0.068572998046875014 0.0021314620971679692 0.94499999284744274 -0.015892028808593747 -0.028602600097656247 0.12500000372529033 -0.12277221679687499 0.012393951416015627 0.82499998807907116 -0.037612915039062493 0.10238647460937501 -0.098358154296874986 0.022880554199218753 -0.028999328613281247 0.037063598632812507 -0.10964965820312499 0.088714599609375014 0.0035982131958007817 0.090911865234375014 -0.058120727539062493 0.015369415283203127 0.075469970703125014 -0.029624938964843747 0.60500001907348644 -0.029136657714843747 0.15142822265625003 -0.014598846435546873 -0.017097473144531247 0.054458618164062507 -0.099884033203124986 -0.051284790039062493 0.095672607421875014 -0.060623168945312493 0.0095787048339843767 0.056808471679687507 0.093170166015625014 -0.040664672851562493 0.088409423828125014 0.85500001907348644 -0.017189025878906247 -0.0017805099487304685 0.047042846679687507 0.033035278320312507 0.035720825195312507 0.67500001192092907 -0.0044040679931640616 -0.080841064453124986 0.015399932861328127 -0.072540283203124986 0.10989379882812501 -0.073944091796874986 0.17500000447034839 0.13006591796875003 -0.059768676757812493 0.040847778320312507 -0.080291748046874986 0.097930908203125014 -0.0040035247802734366
decision_type=2 2 2 2 2 2 2 2 2 2 2 2 2 2 2 2 2 2 2 2 2 2 2 2 2 2 2 2 2 2 2 2 2 2 2 2 2 2 2 2 2 2 2 2 2 2 2 2 2 2 2 2 2 2 2 2 2 2 2 2 2 2
left_child=42 2 5 4 32 6 7 35 12 11 -9 52 13 -7 22 -13 17 -15 55 -16 36 -6 23 24 34 27 -27 28 -25 -18 31 -14 51 40 -5 46 -12 -38 -39 -3 -29 -35 43 -1 -30 -17 -2 48 -48 -20 -26 -4 -10 60 -23 -8 57 -53 -59 -45 61 -11
right_child=1 39 3 14 21 8 18 10 9 53 20 15 30 16 19 45 29 -19 49 -21 -22 54 -24 25 50 26 -28 33 44 -31 -32 -33 -34 41 -36 -37 37 38 -40 -41 -42 -43 -44 59 -46 -47 47 -49 -50 -51 -52 56 -54 -55 -56 -57 -58 58 -60 -61 -62 -63
leaf_value=-0.014873898403056635 -0.0055520092551342186 -0.0088425310832198154 0.0084614427410195526 -0.020909973941350541 -0.0076541858243723802 -0.003580483872196033 0.01192963381208912 -0.018363571653861717 -0.010251747158705348 0.0016956081746722707 -0.0067638676591338029 0.019148700572283048 0.0060238078591839037 0.028625214487267354 -0.048464751563200834 0.0060593009597627251 0.002666257415544551 0.0084653167476992121 -0.033603327727785216 -0.0069249538759161419 -0.019701915073185014 0.018499894088689173 -0.0096795711256869865 -0.026859428688448851 -0.028503225125244648 0.017935575250202493 0.0021588663677268591 0.026528314632908598 -0.015191931087001585 0.033042426837509763 0.0056150612818736045 -0.007929919823179846 0.00091395521500234821 0.00015000392631740208 -0.0049340250757480397 0.00278789698297356 -0.00095683711201843932 0.0083220945598953423 -0.012987583337955941 0.012216920690054159 0.0055160785542737335 0.0096344089617965908 -0.014693057968227646 -0.024804506072282458 0.0070578894512176044 -0.00933352594316522 0.0080407323234201744 -0.0029158615917472719 -0.019700299768904146 0.0025932699854327845 0.0073323883590049686 0.011858599247139445 0.0003594996803724005 -0.045698226578139794 -0.00065014959269386842 -0.0055741808839564902 0.018303733303308825 0.0028015179276525588 -0.0092509335727543381 0.0061416650167389116 -0.020889235864795616 -0.0076814489660999262
leaf_weight=462.03107517957687 8145.0085050687194 2859.8960408046842 8246.085737220943 406.20049870759249 1731.8510706201196 649.56579230725765 1359.9006942436099 354.98158810287714 840.97813225537539 1180.6122837252915 1106.2948745638132 561.62130829691887 723.00422534346581 697.96720064431429 62.642758287489414 2273.2876477949321 922.58897633850574 527.6952245645225 108.90300444513559 1377.0077247098088 242.11423770710826 300.5529423058033 949.16214199364185 266.79619305580854 64.932299681007862 812.30703173577785 979.74107028543949 247.76763614267111 282.75177424401045 113.51015783846378 2745.9448897056282 1416.0569905489683 3783.7926861718297 12615.056346543133 2517.325099773705 1003.3962921351194 3208.6304859817028 2775.0193023458123 206.54536112397909 205.52429697662592 783.58100271970034 961.72124283015728 1386.9674229323864 82.436580702662468 378.45805042982101 397.19608148932457 142.3300518617034 589.73206943273544 1235.4192608743906 136.51922767609358 1083.7925541847944 755.7107982262969 4053.3010482341051 48.648082070052624 681.97432302683592 286.5032907128334 317.1012669801712 4181.1187058538198 565.8622891753912 711.16108073666692 290.32954823598266 2585.3860426880419
leaf_count=2175 36632 12469 40262 1866 8020 3011 6520 1582 3881 5521 5188 2727 3281 3489 301 11064 4271 2701 491 6378 1132 1598 4359 1214 295 3902 4565 1182 1319 558 12725 6242 17808 58613 12107 4537 14976 13393 935 895 3725 4398 6062 365 1707 1869 657 2644 5399 629 5172 3590 19121 252 3228 1327 1488 19887 2625 3263 1603 12038
internal_value=-1.35264e-05 0.000268771 0.000545476 0.00179611 0.00420037 -0.000809802 -0.00275277 -0.00362091 0.00121796 -0.00102636 -0.000187574 0.00168114 0.00473866 0.00975184 -0.00028228 0.00644504 0.0135807 0.0199596 0.00596778 -0.00876484 0.000670629 -0.00299365 0.000264492 0.000705967 -0.00364947 0.00172968 0.00931621 0.00085405 -0.00949985 0.00602278 0.00174956 -0.00321294 0.00529446 0.0015124 -0.00716015 -0.00605875 0.00134924 0.00280006 0.00684203 -0.00742705 0.0105848 0.000822499 -0.00944785 -0.00364692 -0.00246533 0.0037672 -0.00693673 -0.0126635 -0.0168307 -0.0135397 0.00528373 0.00647269 -0.00146554 -0.00638536 0.00522066 0.00888213 0.00365384 0.00280644 0.00136316 0.0028999 -0.00590273 -0.00474214
internal_weight=90990.3 88347.7 85282.3 44353.3 20564 40929 20901.3 19009.5 20027.7 12231.4 7893.59 8126.38 7796.33 2911.33 23789.2 3232.11 2261.76 1225.66 1891.83 1439.65 7538.6 2714.38 22349.6 21400.4 4072.25 17328.2 1792.05 15536.1 928.006 1036.1 4885.01 2139.06 17849.7 14608.1 2923.53 11115.9 7296.49 6190.2 2981.56 3065.42 1031.35 13576.8 2642.6 1255.63 661.21 2670.48 10112.5 1967.48 1377.75 245.422 1148.72 14065.9 4894.28 4104.98 982.527 1646.4 5819.79 5502.69 4746.98 793.598 4056.33 3766
internal_count=425234 413369 400005 209609 98506 190396 96042 87075 94354 58076 37206 38662 36278 14030 111103 15660 11019 6190 8967 6679 35624 12846 104424 100065 19440 80625 8467 72158 4240 4829 22248 9523 85660 67918 13973 49869 34492 29304 14328 13364 4907 63011 11865 5803 3026 12933 45332 8700 6056 1120 5467 67852 23002 19414 4826 7847 27590 26102 22512 3628 19162 17559
is_linear=0
shrinkage=0.05


Tree=113
num_leaves=63
num_cat=0
split_feature=2 6 6 4 0 5 255 226 6 2 151 198 2 31 157 21 86 6 0 159 190 2 6 6 2 4 6 4 190 77 132 155 181 52 4 23 49 49 203 213 6 6 210 4 72 164 2 244 132 69 4 190 2 187 61 24 78 90 124 178 181 213
split_gain=94.2775 81.8253 76.3756 75.1723 66.6797 59.1609 58.8719 57.8992 55.1446 50.9021 49.7604 49.3785 47.9233 49.6585 47.2319 51.7325 46.498 42.7124 39.0245 38.8196 38.7098 52.6672 43.344 59.8308 37.4424 60.6401 66.1853 37.2798 36.9868 36.9003 37.8178 55.3359 39.1422 40.5917 36.4385 36.3712 36.2799 35.0804 34.5547 36.1899 33.9753 93.3337 32.5271 39.324 33.5076 38.7945 32.0834 31.9443 31.5856 31.5802 39.2912 35.6396 35.6265 40.5717 31.0568 30.947 30.805 29.913 29.8373 29.6552 29.384 34.2232
threshold=1.3261731266975405 0.81499999761581432 0.23499999940395358 0.55881196260452282 0.13125000149011615 0.075000001117587103 -0.038589477539062493 0.061019897460937507 0.9350000023841859 0.88494509458541881 0.058486938476562507 0.050704956054687507 3.2191882133483891 0.015998840332031253 0.10848999023437501 -0.085845947265624986 0.063751220703125014 0.9650000035762788 0.0022500000195577745 0.038192749023437507 -0.043869018554687493 1.0420281291007998 0.14500000327825549 0.13499999791383746 3.5423169136047368 0.64245733618736278 0.90500000119209301 0.21931309998035434 -0.062210083007812493 -0.10507202148437499 0.077423095703125014 0.0023927688598632817 0.15887451171875003 0.030448913574218753 0.25570407509803778 -0.013851165771484373 0.066497802734375014 0.031478881835937507 -0.072296142578124986 0.014080047607421877 0.13499999791383746 0.14500000327825549 0.023582458496093753 0.082662671804428114 -0.051620483398437493 -0.040878295898437493 3.7630152702331547 0.045516967773437507 0.048171997070312507 -0.031784057617187493 0.59236320853233349 0.028556823730468753 1.8887845277786257 -0.0042667388916015616 -0.012424468994140623 -0.0012507438659667967 -0.057144165039062493 -0.022056579589843747 -0.028175354003906247 -0.020103454589843747 0.035110473632812507 -0.055557250976562493
decision_type=2 2 2 2 2 2 2 2 2 2 2 2 2 2 2 2 2 2 2 2 2 2 2 2 2 2 2 2 2 2 2 2 2 2 2 2 2 2 2 2 2 2 2 2 2 2 2 2 2 2 2 2 2 2 2 2 2 2 2 2 2 2
left_child=1 16 -2 6 5 10 -3 8 9 -5 11 12 13 28 15 37 19 55 -7 20 -1 22 23 -22 29 27 46 -26 -4 -20 32 -32 33 35 -23 -31 -28 -11 57 -40 -21 -42 43 -6 -44 59 -27 -24 -45 58 51 -51 -53 -54 -10 -15 -50 -36 -37 -46 61 -60
right_child=2 3 4 7 42 18 -8 -9 54 14 -12 -13 -14 17 -16 -17 -18 -19 24 40 21 34 47 -25 25 26 36 -29 -30 30 31 -33 -34 -35 38 49 -38 -39 39 -41 41 -43 44 48 45 -47 -48 -49 56 50 -52 52 53 -55 -56 -57 -58 -59 60 -61 -62 -63
leaf_value=-0.021442086135742115 -0.04101289695140941 -0.0044782035387433746 -0.012714069405397061 -0.038321450873062025 -0.0087236780004980446 0.014175192490207121 -0.029499528670281133 -0.028675408117662362 -0.060699358008246156 0.031206809411393328 0.0099882964896554835 0.0090451771551910941 0.012905597631709013 0.00065707082825417688 0.02891186889863652 -0.0056258355671250137 -0.0096756851612508511 0.01832134949651882 -0.010165558647179 -0.012522851135687458 -0.0043728893548317617 -0.01856247989532557 -0.0059270707509065743 0.042391981492394724 -0.023930429186049311 0.024586605867795232 0.00013898866448710869 0.027536262307140111 0.0064637123437023191 -0.0023802706417101341 -0.0038156235420164566 0.010232866086944419 -0.033714105844571754 -0.0032334082528697817 0.017258394661725168 0.0074138942960365441 -0.051966156429055388 -0.0094574583547482431 0.017464839662909164 -0.00011639555278157685 0.048410191953347281 0.0037724007272041714 -0.0093962486123002065 -0.00079699267360417705 0.010874827292326042 -0.0041876018075570941 -0.01563807607747884 -0.021399381411513985 0.011314153015924091 0.0029139516502019649 -0.001262798174985995 -0.0019740017927783937 0.0054726278038334164 0.018866498682388235 -0.010649446212380627 -0.0057838288565719397 0.0018217842423286614 -0.030683635733732617 -0.011350258533366091 -0.0014204604506218219 0.0069925064855834752 -0.00074612858373631719
leaf_weight=272.7141525670886 109.16758364439011 340.3754328712821 268.22110149264336 75.779851965606213 1220.2904983907938 508.56184918433428 761.91007139533758 225.89138495922089 55.780328623950481 185.6619621142745 2919.165812432766 2673.0181301832199 867.79394430667162 4066.73361415416 160.25662066042423 902.07876639068127 1573.4727704189718 258.89287510514259 875.15891403704882 280.03342601656914 201.82007470726967 142.8462011963129 1943.8866466581821 102.3304688334465 37.725440293550491 159.70896748453379 55.244275957345963 409.51060755550861 3816.9497137665749 5572.1754149720073 1061.76187941432 2059.2283852994442 86.66617414355278 8009.0318115130067 47.591742515563965 900.56810458004475 83.496501334011555 73.543683014810085 750.76505549252033 479.31518062949181 121.42378711700439 2702.7595803961158 1995.8161816820502 12261.440588317811 860.0015858784318 5890.7175608575344 70.874903067946434 402.1142553538084 1099.748337648809 3396.2695381417871 2334.2673899829388 471.33920587599277 993.42490734159946 1314.6452331468463 69.412291161715984 3443.2970334216952 3826.0484844222665 98.371136665344238 1193.1423311084509 1138.9342116564512 655.4653318375349 2097.4559261724353
leaf_count=1272 507 1808 1233 405 5245 2692 4375 1122 239 920 14599 12911 4790 19366 760 3946 7570 1362 3911 1208 884 729 9989 468 200 830 299 2345 18806 26138 5026 10289 379 35672 209 4072 421 332 3611 2218 548 12930 8944 54227 3878 26101 374 1938 5238 15712 10968 2070 5055 6849 312 15813 17786 435 5610 5013 3063 9573
internal_value=-3.66395e-05 -0.00417179 0.000589475 -0.0115641 0.000647517 0.00173341 -0.0217842 -0.00511209 -0.00159953 0.00125828 0.00400409 0.00286879 0.00157045 0.00073963 0.00355512 3.40346e-05 -0.00185996 -0.00160707 0.000447669 -0.000229174 -0.00322693 -0.00203054 -0.00628421 0.0114484 0.000227949 0.0107899 -0.00420128 0.0231512 0.00520175 -5.04128e-05 0.00024357 0.00545387 -0.000358336 -0.000249774 0.00539049 0.00101275 -0.0313662 0.0196772 0.00788871 0.0106196 0.0040599 0.00570803 -0.00129681 -5.4384e-05 -0.00361006 -0.00214534 0.0122085 -0.00858708 0.000561606 0.00242834 0.00426296 0.00635144 0.0105493 0.0131065 -0.0332538 -0.00229641 0.00394295 -0.0150409 -0.000793186 0.00387213 -0.0026676 -0.00459337
internal_weight=91032.1 11970.1 79062 2850.69 78952.8 50659.8 1102.29 1748.4 1522.51 1397.32 18314.1 15394.9 12721.9 11854.1 1321.54 1161.28 9119.44 7768.92 32345.7 7545.97 4441.75 4169.04 2650.15 304.151 31837.2 816.561 369.325 447.236 4085.17 31020.6 30145.4 3120.99 27024.5 26937.8 1518.89 18928.8 138.741 259.206 1376.04 1230.08 3104.22 2824.18 28293 18407.5 9885.47 7889.65 230.584 2346 17187.2 13356.6 8509.95 6175.68 2779.41 2308.07 125.193 7510.03 4925.8 145.963 4846.63 1998.94 3946.06 3290.6
internal_count=425595 58228 367367 14219 366860 240428 6183 8036 6914 6363 88880 74281 61370 56580 5958 5198 44009 36541 151548 36439 21753 20481 13279 1352 148856 4469 1924 2545 20039 144387 140476 15315 125161 124782 7202 89110 720 1252 6473 5829 14686 13478 126432 82496 43936 34992 1204 11927 77251 62972 40654 29686 13974 11904 551 35179 23024 644 22318 8891 18246 15183
is_linear=0
shrinkage=0.05


end of trees

feature_importances:
Column_6=574
Column_2=428
Column_3=301
Column_4=288
Column_5=121
Column_225=86
Column_0=84
Column_21=82
Column_141=81
Column_78=70
Column_254=70
Column_190=68
Column_144=66
Column_132=63
Column_234=63
Column_9=61
Column_201=59
Column_49=58
Column_259=57
Column_80=55
Column_1=54
Column_61=53
Column_103=53
Column_253=52
Column_129=51
Column_183=50
Column_207=50
Column_213=50
Column_260=50
Column_182=47
Column_7=44
Column_151=44
Column_82=42
Column_52=41
Column_95=39
Column_114=39
Column_143=37
Column_180=37
Column_20=34
Column_27=34
Column_106=34
Column_230=34
Column_69=33
Column_72=33
Column_102=33
Column_240=33
Column_156=32
Column_227=32
Column_31=31
Column_159=31
Column_170=31
Column_179=31
Column_185=31
Column_22=30
Column_77=30
Column_150=30
Column_203=30
Column_93=29
Column_202=29
Column_215=29
Column_24=28
Column_46=28
Column_148=28
Column_96=27
Column_109=27
Column_125=27
Column_218=27
Column_256=27
Column_32=26
Column_123=26
Column_136=26
Column_184=26
Column_200=26
Column_211=26
Column_241=26
Column_23=25
Column_39=25
Column_45=25
Column_88=25
Column_135=25
Column_217=25
Column_229=25
Column_14=24
Column_121=24
Column_169=24
Column_199=24
Column_239=24
Column_34=23
Column_115=23
Column_117=23
Column_118=23
Column_122=23
Column_139=23
Column_17=22
Column_48=22
Column_51=22
Column_133=22
Column_68=21
Column_113=21
Column_127=21
Column_175=21
Column_164=20
Column_247=20
Column_257=20
Column_47=19
Column_54=19
Column_66=19
Column_86=19
Column_90=19
Column_91=19
Column_138=19
Column_155=19
Column_174=19
Column_157=18
Column_158=18
Column_208=18
Column_26=17
Column_40=17
Column_165=17
Column_166=17
Column_188=17
Column_198=17
Column_212=17
Column_214=17
Column_233=17
Column_255=17
Column_29=16
Column_30=16
Column_36=16
Column_110=16
Column_126=16
Column_128=16
Column_152=16
Column_163=16
Column_210=16
Column_228=16
Column_242=16
Column_249=16
Column_13=15
Column_37=15
Column_53=15
Column_112=15
Column_187=15
Column_189=15
Column_221=15
Column_222=15
Column_248=15
Column_11=14
Column_19=14
Column_43=14
Column_107=14
Column_235=14
Column_18=13
Column_25=13
Column_44=13
Column_62=13
Column_81=13
Column_98=13
Column_104=13
Column_108=13
Column_134=13
Column_154=13
Column_160=13
Column_172=13
Column_205=13
Column_246=13
Column_251=13
Column_262=13
Column_12=12
Column_15=12
Column_16=12
Column_38=12
Column_41=12
Column_50=12
Column_75=12
Column_84=12
Column_146=12
Column_238=12
Column_261=12
Column_8=11
Column_42=11
Column_60=11
Column_63=11
Column_120=11
Column_130=11
Column_147=11
Column_176=11
Column_181=11
Column_193=11
Column_196=11
Column_216=11
Column_226=11
Column_232=11
Column_97=10
Column_124=10
Column_142=10
Column_194=10
Column_195=10
Column_224=10
Column_79=9
Column_89=9
Column_105=9
Column_116=9
Column_119=9
Column_145=9
Column_173=9
Column_178=9
Column_58=8
Column_59=8
Column_73=8
Column_83=8
Column_100=8
Column_167=8
Column_171=8
Column_186=8
Column_191=8
Column_197=8
Column_231=8
Column_10=7
Column_65=7
Column_67=7
Column_74=7
Column_85=7
Column_131=7
Column_137=7
Column_161=7
Column_168=7
Column_177=7
Column_223=7
Column_245=7
Column_250=7
Column_33=6
Column_64=6
Column_70=6
Column_87=6
Column_111=6
Column_153=6
Column_204=6
Column_220=6
Column_236=6
Column_252=6
Column_28=5
Column_35=5
Column_56=5
Column_57=5
Column_99=5
Column_101=5
Column_162=5
Column_219=5
Column_237=5
Column_76=4
Column_149=4
Column_209=4
Column_243=4
Column_244=4
Column_92=3
Column_192=3
Column_55=2
Column_71=2
Column_94=2
Column_140=2
Column_206=2
Column_258=2

parameters:
[boosting: gbdt]
[objective: binary]
[metric: binary_logloss]
[tree_learner: serial]
[device_type: cpu]
[data_sample_strategy: bagging]
[data: ]
[valid: ]
[num_iterations: 600]
[learning_rate: 0.05]
[num_leaves: 63]
[num_threads: 12]
[seed: 0]
[deterministic: 0]
[force_col_wise: 0]
[force_row_wise: 0]
[histogram_pool_size: -1]
[max_depth: -1]
[min_data_in_leaf: 200]
[min_sum_hessian_in_leaf: 0.001]
[bagging_fraction: 0.8]
[pos_bagging_fraction: 1]
[neg_bagging_fraction: 1]
[bagging_freq: 1]
[bagging_seed: 3]
[bagging_by_query: 0]
[feature_fraction: 0.5]
[feature_fraction_bynode: 1]
[feature_fraction_seed: 2]
[extra_trees: 0]
[extra_seed: 6]
[early_stopping_round: 0]
[early_stopping_min_delta: 0]
[first_metric_only: 0]
[max_delta_step: 0]
[lambda_l1: 0]
[lambda_l2: 1]
[linear_lambda: 0]
[min_gain_to_split: 0]
[drop_rate: 0.1]
[max_drop: 50]
[skip_drop: 0.5]
[xgboost_dart_mode: 0]
[uniform_drop: 0]
[drop_seed: 4]
[top_rate: 0.2]
[other_rate: 0.1]
[min_data_per_group: 100]
[max_cat_threshold: 32]
[cat_l2: 10]
[cat_smooth: 10]
[max_cat_to_onehot: 4]
[top_k: 20]
[monotone_constraints: ]
[monotone_constraints_method: basic]
[monotone_penalty: 0]
[feature_contri: ]
[forcedsplits_filename: ]
[refit_decay_rate: 0.9]
[cegb_tradeoff: 1]
[cegb_penalty_split: 0]
[cegb_penalty_feature_lazy: ]
[cegb_penalty_feature_coupled: ]
[path_smooth: 0]
[interaction_constraints: ]
[verbosity: -1]
[saved_feature_importance_type: 0]
[use_quantized_grad: 0]
[num_grad_quant_bins: 4]
[quant_train_renew_leaf: 0]
[stochastic_rounding: 1]
[linear_tree: 0]
[max_bin: 255]
[max_bin_by_feature: ]
[min_data_in_bin: 3]
[bin_construct_sample_cnt: 200000]
[data_random_seed: 1]
[is_enable_sparse: 1]
[enable_bundle: 1]
[use_missing: 1]
[zero_as_missing: 0]
[feature_pre_filter: 1]
[pre_partition: 0]
[two_round: 0]
[header: 0]
[label_column: ]
[weight_column: ]
[group_column: ]
[ignore_column: ]
[categorical_feature: ]
[forcedbins_filename: ]
[precise_float_parser: 0]
[parser_config_file: ]
[objective_seed: 5]
[num_class: 1]
[is_unbalance: 0]
[scale_pos_weight: 1]
[sigmoid: 1]
[boost_from_average: 1]
[reg_sqrt: 0]
[alpha: 0.9]
[fair_c: 1]
[poisson_max_delta_step: 0.7]
[tweedie_variance_power: 1.5]
[lambdarank_truncation_level: 30]
[lambdarank_norm: 1]
[label_gain: ]
[lambdarank_position_bias_regularization: 0]
[eval_at: ]
[multi_error_top_k: 1]
[auc_mu_weights: ]
[num_machines: 1]
[local_listen_port: 12400]
[time_out: 120]
[machine_list_filename: ]
[machines: ]
[gpu_platform_id: -1]
[gpu_device_id: -1]
[gpu_device_id_list: ]
[gpu_use_dp: 0]
[num_gpu: 1]

end of parameters

pandas_categorical:null
